Date,Time,1RSS(dB),2RSS(dB),RQly(%),RSNR(dB),ANT,RFMD,TPWR(mW),TRSS(dB),TQly(%),TSNR(dB),GPS,GSpd(kmh),Hdg(°),Alt(m),Sats,RxBt(V),Curr(A),Capa(mAh),Bat%(%),Ptch(rad),Roll(rad),Yaw(rad),FM,VSpd(m/s),Rud,Ele,Thr,Ail,S1,S2,SA,SB,SC,SD,SE,SF,SG,SH,LSW,CH1(us),CH2(us),CH3(us),CH4(us),CH5(us),CH6(us),CH7(us),CH8(us),CH9(us),CH10(us),CH11(us),CH12(us),CH13(us),CH14(us),CH15(us),CH16(us),CH17(us),CH18(us),CH19(us),CH20(us),CH21(us),CH22(us),CH23(us),CH24(us),CH25(us),CH26(us),CH27(us),CH28(us),CH29(us),CH30(us),CH31(us),CH32(us),TxBat(V)
2023-12-03,15:09:53.140,-39,0,100,14,0,5,25,-27,100,14,51.502859 -0.100000,3.3,177.1,0,12,11.9,1.2,639,77,-0.3,-0.1,-0.34,OK,0.0,-2,0,-1024,-2,160,570,-1,1,0,-1,-1,1,-1,-1,0x0000000000000000,1500,1500,988,1500,2012,988,2012,1500,988,988,1580,988,988,1785,1500,1500,1500,1500,1500,1500,1500,1500,1500,1500,1500,1500,1500,1500,1500,1500,1500,1500,7.7
2023-12-03,15:09:53.490,-37,0,100,14,0,5,25,-39,100,14,51.502859 -0.099967,3.3,177.1,0,12,11.9,1.2,639,77,-0.3,-0.1,-0.34,OK,0.0,-1,0,-1024,-1,160,570,-1,1,0,-1,-1,1,-1,-1,0x0000000000000000,1500,1500,988,1500,2012,988,2012,1500,988,988,1580,988,988,1785,1500,1500,1500,1500,1500,1500,1500,1500,1500,1500,1500,1500,1500,1500,1500,1500,1500,1500,7.7
2023-12-03,15:09:53.990,-39,0,100,14,0,5,25,-31,100,14,51.502859 -0.099934,3.3,177.1,0,12,11.9,1.2,641,77,-0.3,-0.1,-0.34,OK,0.0,-1,-1,-1024,-1,160,570,-1,1,0,-1,-1,1,-1,-1,0x0000000000000000,1500,1500,988,1500,2012,988,2012,1500,988,988,1580,988,988,1785,1500,1500,1500,1500,1500,1500,1500,1500,1500,1500,1500,1500,1500,1500,1500,1500,1500,1500,7.7
2023-12-03,15:09:54.490,-41,0,100,14,0,5,25,-32,100,14,51.502859 -0.099901,3.3,177.1,0,12,11.9,1.2,641,77,-0.3,-0.1,-0.34,OK,0.0,-5,0,-1024,-1,160,570,-1,1,0,-1,-1,1,-1,-1,0x0000000000000000,1500,1500,988,1500,2012,988,2012,1500,988,988,1580,988,988,1785,1500,1500,1500,1500,1500,1500,1500,1500,1500,1500,1500,1500,1500,1500,1500,1500,1500,1500,7.7
2023-12-03,15:09:54.990,-50,0,100,14,0,5,25,-35,100,15,51.502858 -0.099868,3.3,177.1,0,12,11.9,1.2,641,77,0.06,0.16,1.71,OK,0.0,-1,0,-1024,-1,160,570,-1,1,0,-1,-1,1,-1,-1,0x0000000000000000,1500,1500,988,1500,2012,988,2012,1500,988,988,1580,988,988,1785,1500,1500,1500,1500,1500,1500,1500,1500,1500,1500,1500,1500,1500,1500,1500,1500,1500,1500,7.7
2023-12-03,15:09:55.490,-47,0,100,14,0,5,25,-32,100,15,51.502858 -0.099835,3.3,177.1,0,12,11.9,1.2,641,77,0.06,0.16,1.71,OK,0.0,-1,0,-1024,-1,160,570,-1,1,0,-1,-1,1,-1,-1,0x0000000000000000,1500,1500,988,1500,2012,988,2012,1500,988,988,1580,988,988,1785,1500,1500,1500,1500,1500,1500,1500,1500,1500,1500,1500,1500,1500,1500,1500,1500,1500,1500,7.7
2023-12-03,15:09:55.990,-47,0,100,14,0,5,25,-37,100,14,51.502857 -0.099802,3.3,177.1,0,12,11.9,1.2,641,77,0.06,0.16,1.71,ANGL,0.0,-1,0,-1024,-1,160,571,-1,1,0,-1,-1,1,-1,-1,0x0000000000000000,1500,1500,988,1500,2012,988,2012,1500,988,988,1580,988,988,1785,1500,1500,1500,1500,1500,1500,1500,1500,1500,1500,1500,1500,1500,1500,1500,1500,1500,1500,7.7
2023-12-03,15:09:56.490,-40,0,100,14,0,5,25,-34,100,15,51.502856 -0.099769,3.3,177.1,0,12,11.9,1.2,641,77,0.06,0.16,1.71,ANGL,0.1,-1,0,-1024,-1,160,570,-1,1,0,-1,-1,1,-1,-1,0x0000000000000000,1500,1500,988,1500,2012,988,2012,1500,988,988,1580,988,988,1785,1500,1500,1500,1500,1500,1500,1500,1500,1500,1500,1500,1500,1500,1500,1500,1500,1500,1500,7.7
2023-12-03,15:09:56.990,-38,0,100,14,0,5,25,-28,100,14,51.502855 -0.099737,3.3,177.1,0,12,11.9,1.2,641,77,0.06,0.16,1.71,ANGL,0.1,-1,-1,-1024,-1,160,570,-1,1,0,-1,-1,1,-1,-1,0x0000000000000000,1500,1500,988,1500,2012,988,2012,1500,988,988,1580,988,988,1785,1500,1500,1500,1500,1500,1500,1500,1500,1500,1500,1500,1500,1500,1500,1500,1500,1500,1500,7.7
2023-12-03,15:09:57.490,-39,0,100,14,0,5,25,-47,100,14,51.502853 -0.099704,3.3,177.1,0,12,11.9,1.2,641,77,0.06,0.16,1.71,ANGL,0.1,0,0,-856,-1,160,571,-1,1,0,-1,-1,1,-1,-1,0x0000000000000000,1500,1500,1072,1500,2012,988,2012,1500,988,988,1580,988,988,1785,1500,1500,1500,1500,1500,1500,1500,1500,1500,1500,1500,1500,1500,1500,1500,1500,1500,1500,7.7
2023-12-03,15:09:57.990,-43,0,100,14,0,5,25,-25,100,14,51.502852 -0.099671,3.3,177.1,0,12,11.9,1.2,641,77,0.06,0.16,1.71,ANGL,0.1,0,0,-632,-1,160,571,-1,1,0,-1,-1,1,-1,-1,0x0000000000000000,1500,1500,1184,1500,2012,988,2012,1500,988,988,1580,988,988,1785,1500,1500,1500,1500,1500,1500,1500,1500,1500,1500,1500,1500,1500,1500,1500,1500,1500,1500,7.7
2023-12-03,15:09:58.490,-39,0,100,14,0,5,25,-25,100,15,51.502851 -0.099638,6.3,161.0,0,12,11.9,1.2,641,77,0.06,0.16,1.71,ANGL,0.1,-36,-1,-885,-1,160,570,-1,1,0,-1,-1,1,-1,-1,0x0000000000000000,1500,1500,1058,1492,2012,988,2012,1500,988,988,1580,988,988,1785,1500,1500,1500,1500,1500,1500,1500,1500,1500,1500,1500,1500,1500,1500,1500,1500,1500,1500,7.7
2023-12-03,15:09:58.990,-33,0,100,14,0,5,25,-20,100,16,51.502849 -0.099605,6.3,161.0,0,12,11.9,1.2,641,77,0.06,0.16,1.71,ANGL,0.1,-1,-1,-1024,-1,160,571,-1,1,0,-1,-1,1,-1,-1,0x0000000000000000,1500,1500,988,1500,2012,988,2012,1500,988,988,1580,988,988,1785,1500,1500,1500,1500,1500,1500,1500,1500,1500,1500,1500,1500,1500,1500,1500,1500,1500,1500,7.7
2023-12-03,15:09:59.490,-33,0,100,14,0,5,25,-27,100,14,51.502847 -0.099572,6.3,161.0,0,12,11.9,1.3,643,77,0.06,0.16,1.71,ANGL,0.1,-1,-4,-1024,-2,160,570,-1,1,0,-1,-1,1,-1,-1,0x0000000000000000,1500,1500,988,1500,2012,988,2012,1500,988,988,1580,988,988,1785,1500,1500,1500,1500,1500,1500,1500,1500,1500,1500,1500,1500,1500,1500,1500,1500,1500,1500,7.7
2023-12-03,15:09:59.990,-39,0,100,14,0,5,25,-29,100,15,51.502845 -0.099540,6.3,161.0,0,12,11.9,1.3,643,77,0.06,0.16,1.71,ANGL,0.1,0,-3,-1024,6,160,570,-1,1,0,-1,-1,1,-1,-1,0x0000000000000000,1500,1500,988,1500,2012,988,2012,1500,988,988,1580,988,988,1785,1500,1500,1500,1500,1500,1500,1500,1500,1500,1500,1500,1500,1500,1500,1500,1500,1500,1500,7.7
2023-12-03,15:10:00.490,-41,0,100,14,0,5,25,-30,100,14,51.502843 -0.099507,6.3,161.0,0,12,11.9,1.3,643,77,0.1,-0.05,0.0,ANGL,0.1,-1,0,-1024,173,160,570,-1,1,0,-1,-1,1,-1,-1,0x0000000000000000,1578,1500,988,1500,2012,988,2012,1500,988,988,1580,988,988,1785,1500,1500,1500,1500,1500,1500,1500,1500,1500,1500,1500,1500,1500,1500,1500,1500,1500,1500,7.7
2023-12-03,15:10:00.990,-43,0,100,14,0,5,25,-28,100,14,51.502841 -0.099474,6.3,161.0,0,12,11.9,1.3,643,77,0.1,-0.05,0.0,ANGL,0.1,0,107,-1024,-2,160,570,-1,1,0,-1,-1,1,-1,-1,0x0000000000000000,1500,1544,988,1500,2012,988,2012,1500,988,988,1580,988,988,1785,1500,1500,1500,1500,1500,1500,1500,1500,1500,1500,1500,1500,1500,1500,1500,1500,1500,1500,7.7
2023-12-03,15:10:01.490,-45,0,100,14,0,5,25,-31,100,16,51.502838 -0.099441,6.3,161.0,0,12,11.9,1.3,643,77,0.1,-0.05,0.0,ANGL,0.1,-1,166,-1024,-2,160,570,-1,1,0,-1,-1,1,-1,-1,0x0000000000000000,1500,1574,988,1500,2012,988,2012,1500,988,988,1580,988,988,1785,1500,1500,1500,1500,1500,1500,1500,1500,1500,1500,1500,1500,1500,1500,1500,1500,1500,1500,7.7
2023-12-03,15:10:01.990,-44,0,100,14,0,5,25,-32,100,15,51.502836 -0.099409,6.3,161.0,0,12,11.9,1.3,643,77,0.1,-0.05,0.0,ANGL,0.1,0,-3,-1024,6,160,570,-1,1,0,-1,-1,1,-1,-1,0x0000000000000000,1500,1500,988,1500,2012,988,2012,1500,988,988,1580,988,988,1785,1500,1500,1500,1500,1500,1500,1500,1500,1500,1500,1500,1500,1500,1500,1500,1500,1500,1500,7.7
2023-12-03,15:10:02.490,-44,0,100,14,0,5,25,-34,100,14,51.502833 -0.099376,6.3,161.0,0,12,11.9,1.3,643,77,0.1,-0.05,0.0,ANGL,0.1,-1,-1,-1024,153,160,570,-1,1,0,-1,-1,1,-1,-1,0x0000000000000000,1567,1500,988,1500,2012,988,2012,1500,988,988,1580,988,988,1785,1500,1500,1500,1500,1500,1500,1500,1500,1500,1500,1500,1500,1500,1500,1500,1500,1500,1500,7.7
2023-12-03,15:10:02.990,-41,0,100,14,0,5,25,-22,100,14,51.502830 -0.099343,6.3,161.0,0,12,11.9,1.3,643,77,0.1,-0.05,0.0,ANGL,0.1,-1,-1,-1024,0,160,570,-1,1,0,-1,-1,1,-1,-1,0x0000000000000000,1500,1500,988,1500,2012,988,2012,1500,988,988,1580,988,988,1785,1500,1500,1500,1500,1500,1500,1500,1500,1500,1500,1500,1500,1500,1500,1500,1500,1500,1500,7.7
2023-12-03,15:10:03.490,-34,0,100,14,0,5,25,-23,100,15,51.502827 -0.099311,6.3,161.0,0,12,11.9,1.3,643,77,0.1,-0.05,0.0,ANGL,0.1,-1,-1,-702,-1,160,570,-1,1,0,-1,-1,1,-1,-1,0x0000000000000000,1500,1500,1149,1500,2012,988,2012,1500,988,988,1580,988,988,1785,1500,1500,1500,1500,1500,1500,1500,1500,1500,1500,1500,1500,1500,1500,1500,1500,1500,1500,7.7
2023-12-03,15:10:03.990,-34,0,100,14,0,5,25,-22,100,13,51.502824 -0.099278,0.0,0.0,0,12,11.9,1.3,643,77,0.1,-0.05,0.0,ANGL,0.1,0,-1,-259,-1,160,571,-1,1,0,-1,-1,1,-1,-1,0x0000000000000000,1500,1500,1371,1500,2012,988,2012,1500,988,988,1580,988,988,1785,1500,1500,1500,1500,1500,1500,1500,1500,1500,1500,1500,1500,1500,1500,1500,1500,1500,1500,7.7
2023-12-03,15:10:04.490,-33,0,100,14,0,5,25,-23,100,14,51.502821 -0.099246,0.0,0.0,0,12,11.9,1.3,643,77,0.1,-0.05,0.0,ANGL,0.1,-1,-1,-251,-1,160,570,-1,1,0,-1,-1,1,-1,-1,0x0000000000000000,1500,1500,1375,1500,2012,988,2012,1500,988,988,1580,988,988,1785,1500,1500,1500,1500,1500,1500,1500,1500,1500,1500,1500,1500,1500,1500,1500,1500,1500,1500,7.7
2023-12-03,15:10:04.990,-37,0,100,14,0,5,25,-30,100,13,51.502817 -0.099213,0.0,0.0,0,12,11.9,2.5,645,75,0.1,-0.05,0.0,ANGL,0.1,-22,-1,951,-1,98,570,-1,1,0,-1,-1,1,-1,-1,0x0000000000000000,1500,1500,1975,1499,2012,988,2012,1500,988,988,1549,988,988,1785,1500,1500,1500,1500,1500,1500,1500,1500,1500,1500,1500,1500,1500,1500,1500,1500,1500,1500,7.7
2023-12-03,15:10:05.490,-41,0,100,14,0,5,25,-27,100,13,51.502814 -0.099181,0.0,0.0,0,12,11.9,2.5,645,75,0.1,-0.05,0.0,ANGL,0.1,4,-597,1024,-156,98,570,-1,1,0,-1,-1,1,-1,-1,0x0000000000000000,1431,1206,2012,1500,2012,988,2012,1500,988,988,1549,988,988,1785,1500,1500,1500,1500,1500,1500,1500,1500,1500,1500,1500,1500,1500,1500,1500,1500,1500,1500,7.7
2023-12-03,15:10:05.990,-40,0,100,14,0,5,25,-37,100,14,51.502810 -0.099148,0.0,0.0,0,12,11.9,2.5,645,75,-0.51,-0.03,-0.12,ANGL,0.1,-1,-1024,1024,46,98,570,-1,1,0,-1,-1,1,-1,-1,0x0000000000000000,1513,988,2012,1500,2012,988,2012,1500,988,988,1549,988,988,1785,1500,1500,1500,1500,1500,1500,1500,1500,1500,1500,1500,1500,1500,1500,1500,1500,1500,1500,7.7
2023-12-03,15:10:06.490,-45,0,100,14,0,5,25,-50,100,15,51.502806 -0.099116,0.0,0.0,0,12,11.9,2.5,645,75,-0.51,-0.03,-0.12,ANGL,0.1,0,-225,1024,-7,98,570,-1,1,0,-1,-1,1,-1,-1,0x0000000000000000,1500,1396,2012,1500,2012,988,2012,1500,988,988,1549,988,988,1785,1500,1500,1500,1500,1500,1500,1500,1500,1500,1500,1500,1500,1500,1500,1500,1500,1500,1500,7.7
2023-12-03,15:10:06.990,-56,0,100,14,0,5,25,-44,100,14,51.502802 -0.099084,0.0,0.0,0,12,11.9,2.5,645,75,-0.51,-0.03,-0.12,ANGL,0.1,-1,-758,1024,-58,98,570,-1,1,0,-1,-1,1,-1,-1,0x0000000000000000,1481,1124,2012,1500,2012,988,2012,1500,988,988,1549,988,988,1785,1500,1500,1500,1500,1500,1500,1500,1500,1500,1500,1500,1500,1500,1500,1500,1500,1500,1500,7.7
2023-12-03,15:10:07.490,-53,0,100,14,0,5,25,-43,100,13,51.502798 -0.099051,0.0,0.0,0,12,11.9,2.5,645,75,-0.51,-0.03,-0.12,ANGL,0.1,-1,-855,1024,-4,98,570,-1,1,0,-1,-1,1,-1,-1,0x0000000000000000,1500,1075,2012,1500,2012,988,2012,1500,988,988,1549,988,988,1785,1500,1500,1500,1500,1500,1500,1500,1500,1500,1500,1500,1500,1500,1500,1500,1500,1500,1500,7.7
2023-12-03,15:10:07.990,-54,0,100,14,0,5,25,-44,100,15,51.502793 -0.099019,0.0,0.0,0,12,11.9,2.5,645,75,-0.51,-0.03,-0.12,ANGL,2.8,-2,-6,1024,-2,98,570,-1,1,0,-1,-1,1,-1,-1,0x0000000000000000,1500,1500,2012,1500,2012,988,2012,1500,988,988,1549,988,988,1785,1500,1500,1500,1500,1500,1500,1500,1500,1500,1500,1500,1500,1500,1500,1500,1500,1500,1500,7.7
2023-12-03,15:10:08.490,-61,0,100,14,0,5,25,-53,100,14,51.502789 -0.098987,0.0,0.0,0,12,11.9,2.5,645,75,-0.51,-0.03,-0.12,ANGL,2.8,-2,-461,1024,-181,98,570,-1,1,0,-1,-1,1,-1,-1,0x0000000000000000,1418,1276,2012,1500,2012,988,2012,1500,988,988,1549,988,988,1785,1500,1500,1500,1500,1500,1500,1500,1500,1500,1500,1500,1500,1500,1500,1500,1500,1500,1500,7.7
2023-12-03,15:10:08.990,-65,0,100,14,0,5,25,-58,100,14,51.502784 -0.098955,0.0,0.0,0,12,11.9,2.5,645,75,-0.51,-0.03,-0.12,ANGL,2.8,-1,-142,1024,0,98,570,-1,1,0,-1,-1,1,-1,-1,0x0000000000000000,1500,1438,2012,1500,2012,988,2012,1500,988,988,1549,988,988,1785,1500,1500,1500,1500,1500,1500,1500,1500,1500,1500,1500,1500,1500,1500,1500,1500,1500,1500,7.7
2023-12-03,15:10:09.490,-65,0,100,14,0,5,25,-55,100,13,51.502780 -0.098923,41.5,-325.06,2,12,11.9,2.5,645,75,-0.51,-0.03,-0.12,ANGL,2.8,-1,-3,1024,-1,98,570,-1,1,0,-1,-1,1,-1,-1,0x0000000000000000,1500,1500,2012,1500,2012,988,2012,1500,988,988,1549,988,988,1785,1500,1500,1500,1500,1500,1500,1500,1500,1500,1500,1500,1500,1500,1500,1500,1500,1500,1500,7.7
2023-12-03,15:10:09.990,-65,0,100,14,0,5,25,-61,100,14,51.502775 -0.098891,41.5,-325.06,2,12,11.9,2.5,645,75,-0.51,-0.03,-0.12,ANGL,2.8,-1,-1,1024,-1,98,570,-1,1,0,-1,-1,1,-1,-1,0x0000000000000000,1500,1500,2012,1500,2012,988,2012,1500,988,988,1549,988,988,1785,1500,1500,1500,1500,1500,1500,1500,1500,1500,1500,1500,1500,1500,1500,1500,1500,1500,1500,7.7
2023-12-03,15:10:10.490,-66,0,99,14,0,5,25,-61,100,13,51.502770 -0.098859,41.5,-325.06,2,12,11.9,2.5,645,75,-0.51,-0.03,-0.12,ANGL,2.8,-1,-1,1024,-1,98,570,-1,1,0,-1,-1,1,-1,-1,0x0000000000000000,1500,1500,2012,1500,2012,988,2012,1500,988,988,1549,988,988,1785,1500,1500,1500,1500,1500,1500,1500,1500,1500,1500,1500,1500,1500,1500,1500,1500,1500,1500,7.7
2023-12-03,15:10:10.990,-72,0,100,14,0,5,25,-60,100,14,51.502765 -0.098827,41.5,-325.06,2,12,11.4,16.3,665,57,-0.51,-0.03,-0.12,ANGL,2.8,-1,-659,1024,-1,98,570,-1,1,0,-1,-1,1,-1,-1,0x0000000000000000,1500,1175,2012,1500,2012,988,2012,1500,988,988,1549,988,988,1785,1500,1500,1500,1500,1500,1500,1500,1500,1500,1500,1500,1500,1500,1500,1500,1500,1500,1500,7.7
2023-12-03,15:10:11.490,-66,0,99,14,0,5,25,-55,100,15,51.502759 -0.098795,41.5,-325.06,2,12,11.4,16.3,665,57,-0.05,0.04,-0.37,ANGL,2.8,-2,-245,1024,-2,98,570,-1,1,0,-1,-1,1,-1,-1,0x0000000000000000,1500,1386,2012,1500,2012,988,2012,1500,988,988,1549,988,988,1785,1500,1500,1500,1500,1500,1500,1500,1500,1500,1500,1500,1500,1500,1500,1500,1500,1500,1500,7.7
2023-12-03,15:10:11.990,-70,0,99,14,0,5,25,-64,100,15,51.502754 -0.098763,41.5,-325.06,2,12,11.4,16.3,665,57,-0.05,0.04,-0.37,ANGL,2.8,-1,-96,1024,-7,98,570,-1,1,0,-1,-1,1,-1,-1,0x0000000000000000,1500,1462,2012,1500,2012,988,2012,1500,988,988,1549,988,988,1785,1500,1500,1500,1500,1500,1500,1500,1500,1500,1500,1500,1500,1500,1500,1500,1500,1500,1500,7.7
2023-12-03,15:10:12.490,-76,0,99,13,0,5,25,-70,100,15,51.502748 -0.098732,41.5,-325.06,2,12,11.4,16.3,665,57,-0.05,0.04,-0.37,ANGL,2.8,-2,-361,1024,-168,259,570,-1,1,0,-1,-1,1,-1,-1,0x0000000000000000,1425,1327,2012,1500,2012,988,2012,1500,988,988,1629,988,988,1785,1500,1500,1500,1500,1500,1500,1500,1500,1500,1500,1500,1500,1500,1500,1500,1500,1500,1500,7.7
2023-12-03,15:10:12.990,-73,0,99,14,0,5,25,-63,100,14,51.502743 -0.098700,41.5,-325.06,2,12,11.4,16.3,665,57,-0.05,0.04,-0.37,ANGL,2.8,-1,-607,1024,-489,276,570,-1,0,0,-1,-1,1,-1,-1,0x0000000000000000,1261,1201,2012,1500,2012,988,1500,1500,988,988,1638,988,988,1785,1500,1500,1500,1500,1500,1500,1500,1500,1500,1500,1500,1500,1500,1500,1500,1500,1500,1500,7.7
2023-12-03,15:10:13.490,-80,0,98,13,0,5,25,-75,100,13,51.502737 -0.098669,41.5,-325.06,2,12,11.4,16.3,665,57,-0.05,0.04,-0.37,ANGL,0.1,-1,-177,1024,568,275,571,-1,0,0,-1,-1,1,-1,-1,0x0000000000000000,1779,1420,2012,1500,2012,988,1500,1500,988,988,1637,988,988,1785,1500,1500,1500,1500,1500,1500,1500,1500,1500,1500,1500,1500,1500,1500,1500,1500,1500,1500,7.7
2023-12-03,15:10:13.990,-79,0,99,12,0,5,25,-71,100,6,51.502731 -0.098637,41.5,-325.06,2,12,11.4,16.3,665,57,-0.05,0.04,-0.37,ANGL,0.1,-1,-357,1024,-314,275,570,-1,0,0,-1,-1,1,-1,-1,0x0000000000000000,1351,1329,2012,1500,2012,988,1500,1500,988,988,1637,988,988,1785,1500,1500,1500,1500,1500,1500,1500,1500,1500,1500,1500,1500,1500,1500,1500,1500,1500,1500,7.7
2023-12-03,15:10:14.490,-83,0,98,12,0,5,25,-71,100,13,51.502724 -0.098606,41.5,-325.06,2,12,11.4,16.3,665,57,-0.05,0.04,-0.37,ANGL,0.1,-2,-56,1024,-1,275,570,-1,0,0,-1,-1,1,-1,-1,0x0000000000000000,1500,1482,2012,1500,2012,988,1500,1500,988,988,1637,988,988,1785,1500,1500,1500,1500,1500,1500,1500,1500,1500,1500,1500,1500,1500,1500,1500,1500,1500,1500,7.7
2023-12-03,15:10:14.990,-81,0,99,13,0,5,25,-74,100,13,51.502718 -0.098574,79.2,322.9,9,12,11.4,16.3,665,57,-0.05,0.04,-0.37,ANGL,0.1,-1,-9,1024,4,275,570,-1,0,0,-1,-1,1,-1,-1,0x0000000000000000,1500,1500,2012,1500,2012,988,1500,1500,988,988,1637,988,988,1785,1500,1500,1500,1500,1500,1500,1500,1500,1500,1500,1500,1500,1500,1500,1500,1500,1500,1500,7.7
2023-12-03,15:10:15.490,-83,0,95,11,0,5,25,-72,100,13,51.502712 -0.098543,79.2,322.9,9,12,11.4,16.3,665,57,-0.05,0.04,-0.37,ANGL,0.1,-1,-220,1024,19,275,571,-1,0,0,-1,-1,1,-1,-1,0x0000000000000000,1500,1398,2012,1500,2012,988,1500,1500,988,988,1637,988,988,1785,1500,1500,1500,1500,1500,1500,1500,1500,1500,1500,1500,1500,1500,1500,1500,1500,1500,1500,7.7
2023-12-03,15:10:15.990,-84,0,93,12,0,5,25,-71,100,13,51.502705 -0.098512,79.2,322.9,9,12,11.4,16.3,665,57,-0.05,0.04,-0.37,ANGL,0.1,-1,-7,1024,340,275,570,-1,0,0,-1,-1,1,-1,-1,0x0000000000000000,1663,1500,2012,1500,2012,988,1500,1500,988,988,1637,988,988,1785,1500,1500,1500,1500,1500,1500,1500,1500,1500,1500,1500,1500,1500,1500,1500,1500,1500,1500,7.7
2023-12-03,15:10:16.490,-91,0,98,11,0,5,25,-88,100,9,51.502698 -0.098481,79.2,322.9,9,12,11.4,15.2,689,55,-0.05,0.04,-0.37,ANGL,0.1,-2,0,1024,-2,275,570,-1,0,0,-1,-1,1,-1,-1,0x0000000000000000,1500,1500,2012,1500,2012,988,1500,1500,988,988,1637,988,988,1785,1500,1500,1500,1500,1500,1500,1500,1500,1500,1500,1500,1500,1500,1500,1500,1500,1500,1500,7.7
2023-12-03,15:10:16.990,-91,0,97,9,0,5,25,-93,100,2,51.502692 -0.098450,79.2,322.9,9,12,11.4,15.2,689,55,-0.29,-0.13,-1.81,ANGL,0.1,-2,-3,1024,5,275,570,-1,0,0,-1,-1,1,-1,-1,0x0000000000000000,1500,1500,2012,1500,2012,988,1500,1500,988,988,1637,988,988,1785,1500,1500,1500,1500,1500,1500,1500,1500,1500,1500,1500,1500,1500,1500,1500,1500,1500,1500,7.7
2023-12-03,15:10:17.490,-87,0,96,12,0,5,25,-80,100,13,51.502685 -0.098419,79.2,322.9,9,12,11.4,15.2,689,55,-0.29,-0.13,-1.81,ANGL,0.1,-2,1,1024,-188,275,570,-1,0,0,-1,-1,1,-1,-1,0x0000000000000000,1415,1500,2012,1500,2012,988,1500,1500,988,988,1637,988,988,1785,1500,1500,1500,1500,1500,1500,1500,1500,1500,1500,1500,1500,1500,1500,1500,1500,1500,1500,7.7
2023-12-03,15:10:17.990,-85,0,99,12,0,5,25,-73,100,13,51.502677 -0.098388,79.2,322.9,9,12,11.4,15.2,689,55,-0.29,-0.13,-1.81,AIR,0.1,-2,0,1024,182,275,570,-1,0,0,-1,-1,1,-1,-1,0x0000000000000000,1582,1500,2012,1500,2012,988,1500,1500,988,988,1637,988,988,1785,1500,1500,1500,1500,1500,1500,1500,1500,1500,1500,1500,1500,1500,1500,1500,1500,1500,1500,7.7
2023-12-03,15:10:18.490,-87,0,99,10,0,5,25,-84,100,8,51.502670 -0.098357,79.2,322.9,9,12,11.4,15.2,689,55,-0.29,-0.13,-1.81,AIR,0.1,-1,-3,1024,-87,275,570,-1,0,0,-1,-1,1,-1,-1,0x0000000000000000,1466,1500,2012,1500,2012,988,1500,1500,988,988,1637,988,988,1785,1500,1500,1500,1500,1500,1500,1500,1500,1500,1500,1500,1500,1500,1500,1500,1500,1500,1500,7.7
2023-12-03,15:10:18.990,-90,0,98,10,0,5,25,-80,100,12,51.502663 -0.098326,79.2,322.9,9,12,11.4,15.2,689,55,-0.29,-0.13,-1.81,AIR,3.3,-1,-3,1024,206,275,570,-1,0,0,-1,-1,1,-1,-1,0x0000000000000000,1594,1500,2012,1500,2012,988,1500,1500,988,988,1637,988,988,1785,1500,1500,1500,1500,1500,1500,1500,1500,1500,1500,1500,1500,1500,1500,1500,1500,1500,1500,7.7
2023-12-03,15:10:19.490,-95,0,99,7,0,5,25,-89,96,7,51.502655 -0.098296,79.2,322.9,9,12,11.4,15.2,689,55,-0.29,-0.13,-1.81,AIR,3.3,-1,-1,1024,-1,275,570,-1,0,0,-1,-1,1,-1,-1,0x0000000000000000,1500,1500,2012,1500,2012,988,1500,1500,988,988,1637,988,988,1785,1500,1500,1500,1500,1500,1500,1500,1500,1500,1500,1500,1500,1500,1500,1500,1500,1500,1500,7.7
2023-12-03,15:10:19.990,-96,0,98,6,0,5,25,-82,96,1,51.502648 -0.098265,79.2,322.9,9,12,11.4,15.2,689,55,-0.29,-0.13,-1.81,AIR,3.3,-1,0,1024,-5,275,571,-1,0,0,-1,-1,1,-1,-1,0x0000000000000000,1500,1500,2012,1500,2012,988,1500,1500,988,988,1637,988,988,1785,1500,1500,1500,1500,1500,1500,1500,1500,1500,1500,1500,1500,1500,1500,1500,1500,1500,1500,7.7
2023-12-03,15:10:20.490,-94,0,100,8,0,5,25,-84,96,7,51.502640 -0.098235,61.6,237.2,33,12,11.4,15.2,689,55,-0.29,-0.13,-1.81,AIR,3.3,-1,-1,1024,-96,275,571,-1,0,0,-1,-1,1,-1,-1,0x0000000000000000,1462,1500,2012,1500,2012,988,1500,1500,988,988,1637,988,988,1785,1500,1500,1500,1500,1500,1500,1500,1500,1500,1500,1500,1500,1500,1500,1500,1500,1500,1500,7.7
2023-12-03,15:10:20.990,-89,0,99,10,0,5,25,-81,96,11,51.502632 -0.098204,61.6,237.2,33,12,11.4,15.2,689,55,-0.29,-0.13,-1.81,AIR,3.3,-2,21,1024,143,275,570,-1,0,0,-1,-1,1,-1,-1,0x0000000000000000,1562,1500,2012,1500,2012,988,1500,1500,988,988,1637,988,988,1785,1500,1500,1500,1500,1500,1500,1500,1500,1500,1500,1500,1500,1500,1500,1500,1500,1500,1500,7.7
2023-12-03,15:10:21.490,-88,0,99,12,0,5,25,-77,96,13,51.502624 -0.098174,61.6,237.2,33,12,11.4,15.2,689,55,-0.29,-0.13,-1.81,AIR,3.3,-2,0,1024,-67,275,570,-1,0,0,-1,-1,1,-1,-1,0x0000000000000000,1477,1500,2012,1500,2012,988,1500,1500,988,988,1637,988,988,1785,1500,1500,1500,1500,1500,1500,1500,1500,1500,1500,1500,1500,1500,1500,1500,1500,1500,1500,7.7
2023-12-03,15:10:21.990,-82,0,98,13,0,5,25,-76,96,14,51.502616 -0.098144,61.6,237.2,33,12,11.3,15.1,713,54,-0.29,-0.13,-1.81,AIR,3.3,-1,-1,1024,57,275,570,-1,0,0,-1,-1,1,-1,-1,0x0000000000000000,1518,1500,2012,1500,2012,988,1500,1500,988,988,1637,988,988,1785,1500,1500,1500,1500,1500,1500,1500,1500,1500,1500,1500,1500,1500,1500,1500,1500,1500,1500,7.7
2023-12-03,15:10:22.490,-80,0,98,13,0,5,25,-72,96,13,51.502607 -0.098114,61.6,237.2,33,12,11.3,15.1,713,54,-0.16,-0.04,-2.11,AIR,3.3,-2,-1,1024,-1,275,570,-1,0,0,-1,-1,1,-1,-1,0x0000000000000000,1500,1500,2012,1500,2012,988,1500,1500,988,988,1637,988,988,1785,1500,1500,1500,1500,1500,1500,1500,1500,1500,1500,1500,1500,1500,1500,1500,1500,1500,1500,7.7
2023-12-03,15:10:22.990,-80,0,98,13,0,5,25,-69,96,15,51.502599 -0.098084,61.6,237.2,33,12,11.3,15.1,713,54,-0.16,-0.04,-2.11,AIR,3.3,-1,55,1024,-1,275,570,-1,0,0,-1,-1,1,-1,-1,0x0000000000000000,1500,1508,2012,1500,2012,988,1500,1500,988,988,1637,988,988,1785,1500,1500,1500,1500,1500,1500,1500,1500,1500,1500,1500,1500,1500,1500,1500,1500,1500,1500,7.7
2023-12-03,15:10:23.490,-79,0,99,13,0,5,25,-72,96,14,51.502590 -0.098054,61.6,237.2,33,12,11.3,15.1,713,54,-0.16,-0.04,-2.11,AIR,3.3,-1,-1,1024,-2,274,570,-1,0,0,-1,-1,1,-1,-1,0x0000000000000000,1500,1500,2012,1500,2012,988,1500,1500,988,988,1637,988,988,1785,1500,1500,1500,1500,1500,1500,1500,1500,1500,1500,1500,1500,1500,1500,1500,1500,1500,1500,7.7
2023-12-03,15:10:23.990,-79,0,98,13,0,5,25,-72,96,13,51.502581 -0.098024,61.6,237.2,33,12,11.3,15.1,713,54,-0.16,-0.04,-2.11,AIR,3.3,-2,-3,1024,-2,275,571,-1,1,0,-1,-1,1,-1,-1,0x0000000000000000,1500,1500,2012,1500,2012,988,2012,1500,988,988,1637,988,988,1785,1500,1500,1500,1500,1500,1500,1500,1500,1500,1500,1500,1500,1500,1500,1500,1500,1500,1500,7.7
2023-12-03,15:10:24.490,-78,0,99,13,0,5,25,-70,96,13,51.502572 -0.097994,61.6,237.2,33,12,11.3,15.1,713,54,-0.16,-0.04,-2.11,AIR,2.5,-1,-3,1024,-2,274,570,-1,1,0,-1,-1,1,-1,-1,0x0000000000000000,1500,1500,2012,1500,2012,988,2012,1500,988,988,1637,988,988,1785,1500,1500,1500,1500,1500,1500,1500,1500,1500,1500,1500,1500,1500,1500,1500,1500,1500,1500,7.7
2023-12-03,15:10:24.990,-81,0,99,13,0,5,25,-72,100,14,51.502563 -0.097965,61.6,237.2,33,12,11.3,15.1,713,54,-0.16,-0.04,-2.11,AIR,2.5,-1,-1,1024,-1,193,570,-1,0,0,-1,-1,1,-1,-1,0x0000000000000000,1500,1500,2012,1500,2012,988,1500,1500,988,988,1596,988,988,1785,1500,1500,1500,1500,1500,1500,1500,1500,1500,1500,1500,1500,1500,1500,1500,1500,1500,1500,7.7
2023-12-03,15:10:25.490,-85,0,96,12,0,5,25,-82,100,12,51.502554 -0.097935,61.6,237.2,33,12,11.3,15.1,713,54,-0.16,-0.04,-2.11,AIR,2.5,-2,-1,1024,-2,226,570,-1,-1,0,-1,-1,1,-1,-1,0x0000000000000000,1500,1500,2012,1500,2012,988,988,1500,988,988,1613,988,988,1785,1500,1500,1500,1500,1500,1500,1500,1500,1500,1500,1500,1500,1500,1500,1500,1500,1500,1500,7.7
2023-12-03,15:10:25.990,-90,0,95,10,0,5,25,-90,100,3,51.502545 -0.097906,69.2,228.2,56,12,11.3,15.1,713,54,-0.16,-0.04,-2.11,AIR,2.5,-2,-1,1024,-2,222,570,-1,-1,0,-1,-1,1,-1,-1,0x0000000000000000,1500,1500,2012,1500,2012,988,988,1500,988,988,1611,988,988,1785,1500,1500,1500,1500,1500,1500,1500,1500,1500,1500,1500,1500,1500,1500,1500,1500,1500,1500,7.7
2023-12-03,15:10:26.490,-95,0,93,6,0,5,25,-81,100,2,51.502536 -0.097877,69.2,228.2,56,12,11.3,15.1,713,54,-0.16,-0.04,-2.11,AIR,2.5,-1,-1,1024,-1,221,570,-1,-1,0,-1,-1,1,-1,-1,0x0000000000000000,1500,1500,2012,1500,2012,988,988,1500,988,988,1610,988,988,1785,1500,1500,1500,1500,1500,1500,1500,1500,1500,1500,1500,1500,1500,1500,1500,1500,1500,1500,7.7
2023-12-03,15:10:26.990,-91,0,96,9,0,5,25,-80,100,10,51.502526 -0.097847,69.2,228.2,56,12,11.3,15.1,713,54,-0.16,-0.04,-2.11,AIR,2.5,-1,-1,1024,-1,221,570,-1,-1,0,-1,-1,1,-1,-1,0x0000000000000000,1500,1500,2012,1500,2012,988,988,1500,988,988,1610,988,988,1785,1500,1500,1500,1500,1500,1500,1500,1500,1500,1500,1500,1500,1500,1500,1500,1500,1500,1500,7.7
2023-12-03,15:10:27.490,-87,0,99,11,0,5,25,-76,100,13,51.502516 -0.097818,69.2,228.2,56,12,11.6,3.1,734,64,-0.16,-0.04,-2.11,AIR,2.5,-1,-1,1024,-1,221,570,-1,-1,0,-1,-1,1,-1,-1,0x0000000000000000,1500,1500,2012,1500,2012,988,988,1500,988,988,1610,988,988,1785,1500,1500,1500,1500,1500,1500,1500,1500,1500,1500,1500,1500,1500,1500,1500,1500,1500,1500,7.7
2023-12-03,15:10:27.990,-84,0,99,12,0,5,25,-76,100,14,51.502507 -0.097789,69.2,228.2,56,12,11.6,3.1,734,64,-0.16,-0.04,-2.11,AIR,2.5,-2,-1,828,-1,221,570,-1,-1,0,-1,-1,1,-1,-1,0x0000000000000000,1500,1500,1914,1500,2012,988,988,1500,988,988,1610,988,988,1785,1500,1500,1500,1500,1500,1500,1500,1500,1500,1500,1500,1500,1500,1500,1500,1500,1500,1500,7.7
2023-12-03,15:10:28.490,-83,0,99,13,0,5,25,-79,100,13,51.502497 -0.097761,69.2,228.2,56,12,11.6,3.1,734,64,0.06,0.02,-2.17,AIR,2.5,-1,0,814,-2,221,570,-1,-1,0,-1,-1,1,-1,-1,0x0000000000000000,1500,1500,1907,1500,2012,988,988,1500,988,988,1610,988,988,1785,1500,1500,1500,1500,1500,1500,1500,1500,1500,1500,1500,1500,1500,1500,1500,1500,1500,1500,7.7
2023-12-03,15:10:28.990,-83,0,98,12,0,5,25,-77,100,13,51.502487 -0.097732,69.2,228.2,56,12,11.6,3.1,734,64,0.06,0.02,-2.17,AH,2.5,-2,-1,814,-1,221,570,-1,-1,0,-1,-1,1,-1,-1,0x0000000000000000,1500,1500,1907,1500,2012,988,988,1500,988,988,1610,988,988,1785,1500,1500,1500,1500,1500,1500,1500,1500,1500,1500,1500,1500,1500,1500,1500,1500,1500,1500,7.7
2023-12-03,15:10:29.490,-86,0,100,13,0,5,25,-78,100,13,51.502476 -0.097703,69.2,228.2,56,12,11.6,3.1,734,64,0.06,0.02,-2.17,AH,2.5,-2,-1,814,-2,221,570,-1,-1,0,-1,-1,1,-1,-1,0x0000000000000000,1500,1500,1907,1500,2012,988,988,1500,988,988,1610,988,988,1785,1500,1500,1500,1500,1500,1500,1500,1500,1500,1500,1500,1500,1500,1500,1500,1500,1500,1500,7.7
2023-12-03,15:10:29.990,-87,0,98,11,0,5,25,-77,100,13,51.502466 -0.097675,69.2,228.2,56,12,11.6,3.1,734,64,0.06,0.02,-2.17,AH,-0.3,-2,0,814,-1,222,570,-1,-1,0,-1,-1,1,-1,-1,0x0000000000000000,1500,1500,1907,1500,2012,988,988,1500,988,988,1610,988,988,1785,1500,1500,1500,1500,1500,1500,1500,1500,1500,1500,1500,1500,1500,1500,1500,1500,1500,1500,7.7
2023-12-03,15:10:30.490,-88,0,97,12,0,5,25,-86,100,7,51.502456 -0.097647,69.2,228.2,56,12,11.6,3.1,734,64,0.06,0.02,-2.17,AH,-0.3,-1,0,814,-1,221,570,-1,-1,0,-1,-1,1,-1,-1,0x0000000000000000,1500,1500,1907,1500,2012,988,988,1500,988,988,1610,988,988,1785,1500,1500,1500,1500,1500,1500,1500,1500,1500,1500,1500,1500,1500,1500,1500,1500,1500,1500,7.7
2023-12-03,15:10:30.990,-93,0,96,9,0,5,25,-86,100,11,51.502445 -0.097618,69.2,228.2,56,12,11.6,3.1,734,64,0.06,0.02,-2.17,AH,-0.3,-1,-1,813,-1,221,570,-1,-1,0,-1,-1,1,-1,-1,0x0000000000000000,1500,1500,1906,1500,2012,988,988,1500,988,988,1610,988,988,1785,1500,1500,1500,1500,1500,1500,1500,1500,1500,1500,1500,1500,1500,1500,1500,1500,1500,1500,7.7
2023-12-03,15:10:31.490,-92,0,100,10,0,5,25,-85,100,9,51.502434 -0.097590,53.9,236.2,57,12,11.6,3.1,734,64,0.06,0.02,-2.17,AH,-0.3,-1,-1,814,-1,221,570,-1,-1,0,-1,-1,1,-1,-1,0x0000000000000000,1500,1500,1907,1500,2012,988,988,1500,988,988,1610,988,988,1785,1500,1500,1500,1500,1500,1500,1500,1500,1500,1500,1500,1500,1500,1500,1500,1500,1500,1500,7.7
2023-12-03,15:10:31.990,-92,0,99,10,0,5,25,-78,100,12,51.502423 -0.097562,53.9,236.2,57,12,11.6,3.1,734,64,0.06,0.02,-2.17,AH,-0.3,-1,-1,814,-1,222,570,-1,-1,0,-1,-1,1,-1,-1,0x0000000000000000,1500,1500,1907,1500,2012,988,988,1500,988,988,1611,988,988,1785,1500,1500,1500,1500,1500,1500,1500,1500,1500,1500,1500,1500,1500,1500,1500,1500,1500,1500,7.7
2023-12-03,15:10:32.490,-91,0,97,11,0,5,25,-80,100,11,51.502413 -0.097534,53.9,236.2,57,12,11.6,3.1,734,64,0.06,0.02,-2.17,AH,-0.3,-1,-1,814,-1,221,570,-1,-1,0,-1,-1,1,-1,-1,0x0000000000000000,1500,1500,1907,1500,2012,988,988,1500,988,988,1610,988,988,1785,1500,1500,1500,1500,1500,1500,1500,1500,1500,1500,1500,1500,1500,1500,1500,1500,1500,1500,7.7
2023-12-03,15:10:32.990,-91,0,95,10,0,5,25,-82,100,1,51.502401 -0.097507,53.9,236.2,57,12,11.7,3.3,739,67,0.06,0.02,-2.17,AH,-0.3,-1,-1,814,-1,222,571,-1,-1,0,-1,-1,1,-1,-1,0x0000000000000000,1500,1500,1907,1500,2012,988,988,1500,988,988,1611,988,988,1785,1500,1500,1500,1500,1500,1500,1500,1500,1500,1500,1500,1500,1500,1500,1500,1500,1500,1500,7.7
2023-12-03,15:10:33.490,-90,0,98,9,0,5,25,-82,100,12,51.502390 -0.097479,53.9,236.2,57,12,11.7,3.3,739,67,0.06,0.02,-2.17,AH,-0.3,-1,0,814,-1,222,570,-1,-1,0,-1,-1,1,-1,-1,0x0000000000000000,1500,1500,1907,1500,2012,988,988,1500,988,988,1611,988,988,1785,1500,1500,1500,1500,1500,1500,1500,1500,1500,1500,1500,1500,1500,1500,1500,1500,1500,1500,7.7
2023-12-03,15:10:33.990,-89,0,98,11,0,5,25,-82,100,12,51.502379 -0.097452,53.9,236.2,57,12,11.7,3.3,739,67,0.08,0.01,-2.01,AH,-0.3,-1,-1,814,-1,221,571,-1,-1,0,-1,-1,1,-1,-1,0x0000000000000000,1500,1500,1907,1500,2012,988,988,1500,988,988,1610,988,988,1785,1500,1500,1500,1500,1500,1500,1500,1500,1500,1500,1500,1500,1500,1500,1500,1500,1500,1500,7.7
2023-12-03,15:10:34.490,-89,0,98,11,0,5,25,-82,100,13,51.502367 -0.097424,53.9,236.2,57,12,11.7,3.3,739,67,0.08,0.01,-2.01,AH,-0.3,-1,-1,814,-1,221,571,-1,-1,0,-1,-1,1,-1,-1,0x0000000000000000,1500,1500,1907,1500,2012,988,988,1500,988,988,1610,988,988,1785,1500,1500,1500,1500,1500,1500,1500,1500,1500,1500,1500,1500,1500,1500,1500,1500,1500,1500,7.7
2023-12-03,15:10:34.990,-89,0,98,11,0,5,25,-82,96,11,51.502356 -0.097397,53.9,236.2,57,12,11.7,3.3,739,67,0.08,0.01,-2.01,AH,-0.3,-2,-1,814,-1,221,570,-1,-1,0,-1,-1,1,-1,-1,0x0000000000000000,1500,1500,1907,1500,2012,988,988,1500,988,988,1610,988,988,1785,1500,1500,1500,1500,1500,1500,1500,1500,1500,1500,1500,1500,1500,1500,1500,1500,1500,1500,7.7
2023-12-03,15:10:35.490,-90,0,98,11,0,5,25,-82,96,11,51.502344 -0.097370,53.9,236.2,57,12,11.7,3.3,739,67,0.08,0.01,-2.01,AH,-0.4,-1,-1,814,-1,222,570,-1,-1,0,-1,-1,1,-1,-1,0x0000000000000000,1500,1500,1907,1500,2012,988,988,1500,988,988,1611,988,988,1785,1500,1500,1500,1500,1500,1500,1500,1500,1500,1500,1500,1500,1500,1500,1500,1500,1500,1500,7.7
2023-12-03,15:10:35.990,-90,0,99,11,0,5,25,-83,96,10,51.502332 -0.097343,53.9,236.2,57,12,11.7,3.3,739,67,0.08,0.01,-2.01,AH,-0.4,-1,-1,814,-1,222,570,-1,-1,0,-1,-1,1,-1,-1,0x0000000000000000,1500,1500,1907,1500,2012,988,988,1500,988,988,1611,988,988,1785,1500,1500,1500,1500,1500,1500,1500,1500,1500,1500,1500,1500,1500,1500,1500,1500,1500,1500,7.7
2023-12-03,15:10:36.490,-90,0,99,10,0,5,25,-76,96,13,51.502321 -0.097316,53.9,236.2,57,12,11.7,3.3,739,67,0.08,0.01,-2.01,AH,-0.4,-2,-1,813,-1,221,571,-1,-1,0,-1,-1,1,-1,-1,0x0000000000000000,1500,1500,1906,1500,2012,988,988,1500,988,988,1610,988,988,1785,1500,1500,1500,1500,1500,1500,1500,1500,1500,1500,1500,1500,1500,1500,1500,1500,1500,1500,7.7
2023-12-03,15:10:36.990,-91,0,98,10,0,5,25,-83,96,10,51.502308 -0.097289,43.1,251.7,55,12,11.7,3.3,739,67,0.08,0.01,-2.01,AH,-0.4,-1,-1,814,-1,221,570,-1,-1,0,-1,-1,1,-1,-1,0x0000000000000000,1500,1500,1907,1500,2012,988,988,1500,988,988,1610,988,988,1785,1500,1500,1500,1500,1500,1500,1500,1500,1500,1500,1500,1500,1500,1500,1500,1500,1500,1500,7.7
2023-12-03,15:10:37.490,-91,0,96,10,0,5,25,-82,96,12,51.502296 -0.097263,43.1,251.7,55,12,11.7,3.3,739,67,0.08,0.01,-2.01,AH,-0.4,-1,-1,814,-1,221,570,-1,-1,0,-1,-1,1,-1,-1,0x0000000000000000,1500,1500,1907,1500,2012,988,988,1500,988,988,1610,988,988,1785,1500,1500,1500,1500,1500,1500,1500,1500,1500,1500,1500,1500,1500,1500,1500,1500,1500,1500,7.7
2023-12-03,15:10:37.990,-91,0,96,10,0,5,25,-85,92,9,51.502284 -0.097237,43.1,251.7,55,12,11.7,3.3,739,67,0.08,0.01,-2.01,AH,-0.4,-2,-1,814,-1,221,570,-1,-1,0,-1,-1,1,-1,-1,0x0000000000000000,1500,1500,1907,1500,2012,988,988,1500,988,988,1610,988,988,1785,1500,1500,1500,1500,1500,1500,1500,1500,1500,1500,1500,1500,1500,1500,1500,1500,1500,1500,7.7
2023-12-03,15:10:38.490,-91,0,98,9,0,5,25,-78,92,13,51.502272 -0.097210,43.1,251.7,55,12,11.7,3.3,739,67,0.08,0.01,-2.01,AH,-0.4,-1,-1,814,-1,221,570,-1,-1,0,-1,-1,1,-1,-1,0x0000000000000000,1500,1500,1907,1500,2012,988,988,1500,988,988,1610,988,988,1785,1500,1500,1500,1500,1500,1500,1500,1500,1500,1500,1500,1500,1500,1500,1500,1500,1500,1500,7.7
2023-12-03,15:10:38.990,-91,0,100,10,0,5,25,-83,92,10,51.502259 -0.097184,43.1,251.7,55,12,11.7,4.0,744,67,0.08,0.01,-2.01,AH,-0.4,-2,-1,813,-1,221,570,-1,-1,0,-1,-1,1,-1,-1,0x0000000000000000,1500,1500,1906,1500,2012,988,988,1500,988,988,1610,988,988,1785,1500,1500,1500,1500,1500,1500,1500,1500,1500,1500,1500,1500,1500,1500,1500,1500,1500,1500,7.7
2023-12-03,15:10:39.490,-91,0,96,10,0,5,25,-84,92,12,51.502246 -0.097158,43.1,251.7,55,12,11.7,4.0,744,67,0.08,0.01,-2.01,AH,-0.4,-1,-7,813,-438,221,570,-1,-1,0,-1,-1,1,-1,-1,0x0000000000000000,1287,1500,1906,1500,2012,988,988,1500,988,988,1610,988,988,1785,1500,1500,1500,1500,1500,1500,1500,1500,1500,1500,1500,1500,1500,1500,1500,1500,1500,1500,7.7
2023-12-03,15:10:39.990,-91,0,97,10,0,5,25,-82,96,11,51.502234 -0.097132,43.1,251.7,55,12,11.7,4.0,744,67,-0.03,0.0,-1.66,AH,-0.4,-1,-3,814,-205,221,570,-1,-1,0,-1,-1,1,-1,-1,0x0000000000000000,1406,1500,1907,1500,2012,988,988,1500,988,988,1610,988,988,1785,1500,1500,1500,1500,1500,1500,1500,1500,1500,1500,1500,1500,1500,1500,1500,1500,1500,1500,7.7
2023-12-03,15:10:40.490,-93,0,99,10,0,5,25,-86,96,11,51.502221 -0.097107,43.1,251.7,55,12,11.7,4.0,744,67,-0.03,0.0,-1.66,AH,-0.4,-1,-1,813,-4,221,570,-1,-1,0,-1,-1,1,-1,-1,0x0000000000000000,1500,1500,1906,1500,2012,988,988,1500,988,988,1610,988,988,1785,1500,1500,1500,1500,1500,1500,1500,1500,1500,1500,1500,1500,1500,1500,1500,1500,1500,1500,7.7
2023-12-03,15:10:40.990,-95,0,99,6,0,5,25,-89,96,7,51.502208 -0.097081,43.1,251.7,55,12,11.7,4.0,744,67,-0.03,0.0,-1.66,AH,-0.4,-1,-3,813,-275,221,570,-1,-1,0,-1,-1,1,-1,-1,0x0000000000000000,1370,1500,1906,1500,2012,988,988,1500,988,988,1610,988,988,1785,1500,1500,1500,1500,1500,1500,1500,1500,1500,1500,1500,1500,1500,1500,1500,1500,1500,1500,7.7
2023-12-03,15:10:41.490,-95,0,97,8,0,5,25,-88,96,5,51.502195 -0.097056,43.1,251.7,55,12,11.7,4.0,744,67,-0.03,0.0,-1.66,AH,0.2,-2,0,813,-215,221,570,-1,-1,0,-1,-1,1,-1,-1,0x0000000000000000,1401,1500,1906,1500,2012,988,988,1500,988,988,1610,988,988,1785,1500,1500,1500,1500,1500,1500,1500,1500,1500,1500,1500,1500,1500,1500,1500,1500,1500,1500,7.7
2023-12-03,15:10:41.990,-95,0,97,8,0,5,25,-89,96,5,51.502182 -0.097031,43.1,251.7,55,12,11.7,4.0,744,67,-0.03,0.0,-1.66,AH,0.2,-1,0,814,-199,221,570,-1,-1,0,-1,-1,1,-1,-1,0x0000000000000000,1409,1500,1907,1500,2012,988,988,1500,988,988,1610,988,988,1785,1500,1500,1500,1500,1500,1500,1500,1500,1500,1500,1500,1500,1500,1500,1500,1500,1500,1500,7.7
2023-12-03,15:10:42.490,-97,0,98,7,0,5,25,-91,96,2,51.502168 -0.097006,43.1,251.7,55,12,11.7,4.0,744,67,-0.03,0.0,-1.66,AH,0.2,-1,0,814,-213,221,570,-1,-1,0,-1,-1,1,-1,-1,0x0000000000000000,1402,1500,1907,1500,2012,988,988,1500,988,988,1610,988,988,1785,1500,1500,1500,1500,1500,1500,1500,1500,1500,1500,1500,1500,1500,1500,1500,1500,1500,1500,7.7
2023-12-03,15:10:42.990,-98,0,92,5,0,5,25,-87,100,6,51.502155 -0.096981,37.9,267.1,55,12,11.7,4.0,744,67,-0.03,0.0,-1.66,AH,0.2,-1,-1,814,-227,221,570,-1,-1,0,-1,-1,1,-1,-1,0x0000000000000000,1395,1500,1907,1500,2012,988,988,1500,988,988,1610,988,988,1785,1500,1500,1500,1500,1500,1500,1500,1500,1500,1500,1500,1500,1500,1500,1500,1500,1500,1500,7.7
2023-12-03,15:10:43.490,-96,0,98,7,0,5,25,-88,100,7,51.502141 -0.096956,37.9,267.1,55,12,11.7,4.0,744,67,-0.03,0.0,-1.66,AH,0.2,-1,1,814,-5,221,570,-1,-1,0,-1,-1,1,-1,-1,0x0000000000000000,1500,1500,1907,1500,2012,988,988,1500,988,988,1610,988,988,1785,1500,1500,1500,1500,1500,1500,1500,1500,1500,1500,1500,1500,1500,1500,1500,1500,1500,1500,7.7
2023-12-03,15:10:43.990,-100,0,96,4,0,5,25,-90,100,2,51.502128 -0.096931,37.9,267.1,55,12,11.7,4.0,744,67,-0.03,0.0,-1.66,AH,0.2,-1,0,813,-1,221,570,-1,-1,0,-1,-1,1,-1,-1,0x0000000000000000,1500,1500,1906,1500,2012,988,988,1500,988,988,1610,988,988,1785,1500,1500,1500,1500,1500,1500,1500,1500,1500,1500,1500,1500,1500,1500,1500,1500,1500,1500,7.7
2023-12-03,15:10:44.490,-100,0,95,5,0,5,25,-92,100,0,51.502114 -0.096907,37.9,267.1,55,12,11.7,4.5,751,67,-0.03,0.0,-1.66,AH,0.2,-1,-1,814,-2,221,571,-1,-1,0,-1,-1,1,-1,-1,0x0000000000000000,1500,1500,1907,1500,2012,988,988,1500,988,988,1610,988,988,1785,1500,1500,1500,1500,1500,1500,1500,1500,1500,1500,1500,1500,1500,1500,1500,1500,1500,1500,7.7
2023-12-03,15:10:44.990,-101,0,94,2,0,5,25,-96,96,0,51.502100 -0.096883,37.9,267.1,55,12,11.7,4.5,751,67,-0.03,0.0,-1.66,AH,0.2,-1,-1,814,-2,221,570,-1,-1,0,-1,-1,1,-1,-1,0x0000000000000000,1500,1500,1907,1500,2012,988,988,1500,988,988,1610,988,988,1785,1500,1500,1500,1500,1500,1500,1500,1500,1500,1500,1500,1500,1500,1500,1500,1500,1500,1500,7.7
2023-12-03,15:10:45.490,-101,0,91,2,0,5,25,-91,96,5,51.502086 -0.096859,37.9,267.1,55,12,11.7,4.5,751,67,-0.01,0.02,-1.85,AH,0.2,-1,-1,813,-24,221,570,-1,-1,0,-1,-1,1,-1,-1,0x0000000000000000,1498,1500,1906,1500,2012,988,988,1500,988,988,1610,988,988,1785,1500,1500,1500,1500,1500,1500,1500,1500,1500,1500,1500,1500,1500,1500,1500,1500,1500,1500,7.7
2023-12-03,15:10:45.990,-100,0,91,4,0,5,25,-91,96,6,51.502072 -0.096835,37.9,267.1,55,12,11.7,4.5,751,67,-0.01,0.02,-1.85,AH,0.2,-1,0,814,-2,221,570,-1,-1,0,-1,-1,1,-1,-1,0x0000000000000000,1500,1500,1907,1500,2012,988,988,1500,988,988,1610,988,988,1785,1500,1500,1500,1500,1500,1500,1500,1500,1500,1500,1500,1500,1500,1500,1500,1500,1500,1500,7.7
2023-12-03,15:10:46.490,-103,0,83,1,0,5,50,-90,96,5,51.502058 -0.096811,37.9,267.1,55,12,11.7,4.5,751,67,-0.01,0.02,-1.85,AH,0.2,-1,-3,814,-184,221,571,-1,-1,0,-1,-1,1,-1,-1,0x0000000000000000,1417,1500,1907,1500,2012,988,988,1500,988,988,1610,988,988,1785,1500,1500,1500,1500,1500,1500,1500,1500,1500,1500,1500,1500,1500,1500,1500,1500,1500,1500,7.7
2023-12-03,15:10:46.990,-102,0,86,2,0,5,50,-99,96,-4,51.502044 -0.096787,37.9,267.1,55,12,11.7,4.5,751,67,-0.01,0.02,-1.85,AH,-0.1,-2,-1,814,-2,221,570,-1,-1,0,-1,-1,1,-1,-1,0x0000000000000000,1500,1500,1907,1500,2012,988,988,1500,988,988,1610,988,988,1785,1500,1500,1500,1500,1500,1500,1500,1500,1500,1500,1500,1500,1500,1500,1500,1500,1500,1500,7.7
2023-12-03,15:10:47.490,-103,0,86,0,0,5,50,-99,96,-2,51.502029 -0.096764,37.9,267.1,55,12,11.7,4.5,751,67,-0.01,0.02,-1.85,AH,-0.1,-1,-6,813,-2,221,570,-1,-1,0,-1,-1,1,-1,-1,0x0000000000000000,1500,1500,1906,1500,2012,988,988,1500,988,988,1610,988,988,1785,1500,1500,1500,1500,1500,1500,1500,1500,1500,1500,1500,1500,1500,1500,1500,1500,1500,1500,7.7
2023-12-03,15:10:47.990,-100,0,94,3,0,5,50,-92,96,0,51.502015 -0.096740,37.9,267.1,55,12,11.7,4.5,751,67,-0.01,0.02,-1.85,AH,-0.1,-2,-1,813,-1,221,570,-1,-1,0,-1,-1,1,-1,-1,0x0000000000000000,1500,1500,1906,1500,2012,988,988,1500,988,988,1610,988,988,1785,1500,1500,1500,1500,1500,1500,1500,1500,1500,1500,1500,1500,1500,1500,1500,1500,1500,1500,7.7
2023-12-03,15:10:48.490,-98,0,98,6,0,5,50,-93,96,1,51.502000 -0.096717,37.9,267.1,55,12,11.7,4.5,751,67,-0.01,0.02,-1.85,AH,-0.1,-1,-1,813,-1,221,570,-1,-1,0,-1,-1,1,-1,-1,0x0000000000000000,1500,1500,1906,1500,2012,988,988,1500,988,988,1610,988,988,1785,1500,1500,1500,1500,1500,1500,1500,1500,1500,1500,1500,1500,1500,1500,1500,1500,1500,1500,7.7
2023-12-03,15:10:48.990,-95,0,94,9,0,5,50,-84,96,10,51.501985 -0.096694,35.0,254.6,56,12,11.7,4.5,751,67,-0.01,0.02,-1.85,AH,-0.1,-1,-1,813,-1,221,570,-1,-1,0,-1,-1,1,-1,-1,0x0000000000000000,1500,1500,1906,1500,2012,988,988,1500,988,988,1610,988,988,1785,1500,1500,1500,1500,1500,1500,1500,1500,1500,1500,1500,1500,1500,1500,1500,1500,1500,1500,7.7
2023-12-03,15:10:49.490,-93,0,94,10,0,5,50,-89,96,5,51.501971 -0.096672,35.0,254.6,56,12,11.7,4.5,751,67,-0.01,0.02,-1.85,AH,-0.1,-1,0,813,-1,222,571,-1,-1,0,-1,-1,1,-1,-1,0x0000000000000000,1500,1500,1906,1500,2012,988,988,1500,988,988,1611,988,988,1785,1500,1500,1500,1500,1500,1500,1500,1500,1500,1500,1500,1500,1500,1500,1500,1500,1500,1500,7.7
2023-12-03,15:10:49.990,-92,0,99,9,0,5,50,-87,96,7,51.501956 -0.096649,35.0,254.6,56,12,11.7,4.3,758,67,-0.01,0.02,-1.85,AH,-0.1,-2,-1,814,-2,221,570,-1,-1,0,-1,-1,1,-1,-1,0x0000000000000000,1500,1500,1907,1500,2012,988,988,1500,988,988,1610,988,988,1785,1500,1500,1500,1500,1500,1500,1500,1500,1500,1500,1500,1500,1500,1500,1500,1500,1500,1500,7.7
2023-12-03,15:10:50.490,-92,0,98,9,0,5,50,-88,100,5,51.501941 -0.096626,35.0,254.6,56,12,11.7,4.3,758,67,-0.01,0.02,-1.85,AH,-0.1,-1,-1,814,-2,221,570,-1,-1,0,-1,-1,1,-1,-1,0x0000000000000000,1500,1500,1907,1500,2012,988,988,1500,988,988,1610,988,988,1785,1500,1500,1500,1500,1500,1500,1500,1500,1500,1500,1500,1500,1500,1500,1500,1500,1500,1500,7.7
2023-12-03,15:10:50.990,-90,0,99,10,0,5,25,-83,100,11,51.501925 -0.096604,35.0,254.6,56,12,11.7,4.3,758,67,-0.06,-0.01,-1.87,AH,-0.1,-1,-1,814,-1,221,570,-1,-1,0,-1,-1,1,-1,-1,0x0000000000000000,1500,1500,1907,1500,2012,988,988,1500,988,988,1610,988,988,1785,1500,1500,1500,1500,1500,1500,1500,1500,1500,1500,1500,1500,1500,1500,1500,1500,1500,1500,7.7
2023-12-03,15:10:51.490,-93,0,98,10,0,5,25,-82,100,13,51.501910 -0.096582,35.0,254.6,56,12,11.7,4.3,758,67,-0.06,-0.01,-1.87,AH,-0.1,-1,-1,814,-2,221,570,-1,-1,0,-1,-1,1,-1,-1,0x0000000000000000,1500,1500,1907,1500,2012,988,988,1500,988,988,1610,988,988,1785,1500,1500,1500,1500,1500,1500,1500,1500,1500,1500,1500,1500,1500,1500,1500,1500,1500,1500,7.7
2023-12-03,15:10:51.990,-93,0,97,9,0,5,25,-84,100,11,51.501895 -0.096560,35.0,254.6,56,12,11.7,4.3,758,67,-0.06,-0.01,-1.87,AH,-0.1,-1,-1,814,-2,221,570,-1,-1,0,-1,-1,1,-1,-1,0x0000000000000000,1500,1500,1907,1500,2012,988,988,1500,988,988,1610,988,988,1785,1500,1500,1500,1500,1500,1500,1500,1500,1500,1500,1500,1500,1500,1500,1500,1500,1500,1500,7.7
2023-12-03,15:10:52.490,-93,0,97,9,0,5,25,-83,100,11,51.501880 -0.096538,35.0,254.6,56,12,11.7,4.3,758,67,-0.06,-0.01,-1.87,AH,0.1,-1,-1,814,-2,221,570,-1,-1,0,-1,-1,1,-1,-1,0x0000000000000000,1500,1500,1907,1500,2012,988,988,1500,988,988,1610,988,988,1785,1500,1500,1500,1500,1500,1500,1500,1500,1500,1500,1500,1500,1500,1500,1500,1500,1500,1500,7.7
2023-12-03,15:10:52.990,-92,0,99,9,0,5,25,-84,100,9,51.501864 -0.096517,35.0,254.6,56,12,11.7,4.3,758,67,-0.06,-0.01,-1.87,AH,0.1,-1,-1,813,-2,222,570,-1,-1,0,-1,-1,1,-1,-1,0x0000000000000000,1500,1500,1906,1500,2012,988,988,1500,988,988,1611,988,988,1785,1500,1500,1500,1500,1500,1500,1500,1500,1500,1500,1500,1500,1500,1500,1500,1500,1500,1500,7.7
2023-12-03,15:10:53.490,-92,0,99,10,0,5,25,-82,100,11,51.501848 -0.096495,35.0,254.6,56,12,11.7,4.3,758,67,-0.06,-0.01,-1.87,AH,0.1,-2,-4,813,-111,221,570,-1,-1,0,-1,-1,1,-1,-1,0x0000000000000000,1454,1500,1906,1500,2012,988,988,1500,988,988,1610,988,988,1785,1500,1500,1500,1500,1500,1500,1500,1500,1500,1500,1500,1500,1500,1500,1500,1500,1500,1500,7.7
2023-12-03,15:10:53.990,-92,0,99,9,0,5,25,-83,100,11,51.501833 -0.096474,35.0,254.6,56,12,11.7,4.3,758,67,-0.06,-0.01,-1.87,AH,0.1,-1,1,814,-10,221,570,-1,-1,0,-1,-1,1,-1,-1,0x0000000000000000,1500,1500,1907,1500,2012,988,988,1500,988,988,1610,988,988,1785,1500,1500,1500,1500,1500,1500,1500,1500,1500,1500,1500,1500,1500,1500,1500,1500,1500,1500,7.7
2023-12-03,15:10:54.490,-91,0,97,10,0,5,25,-83,100,9,51.501817 -0.096453,37.0,254.4,56,12,11.7,4.3,758,67,-0.06,-0.01,-1.87,AH,0.1,-1,1,814,-10,221,570,-1,-1,0,-1,-1,1,-1,-1,0x0000000000000000,1500,1500,1907,1500,2012,988,988,1500,988,988,1610,988,988,1785,1500,1500,1500,1500,1500,1500,1500,1500,1500,1500,1500,1500,1500,1500,1500,1500,1500,1500,7.7
2023-12-03,15:10:54.990,-92,0,99,10,0,5,25,-83,100,10,51.501801 -0.096432,37.0,254.4,56,12,11.7,4.3,758,67,-0.06,-0.01,-1.87,AH,0.1,-1,-1,813,-29,221,570,-1,-1,0,-1,-1,1,-1,-1,0x0000000000000000,1496,1500,1906,1500,2012,988,988,1500,988,988,1610,988,988,1785,1500,1500,1500,1500,1500,1500,1500,1500,1500,1500,1500,1500,1500,1500,1500,1500,1500,1500,7.7
2023-12-03,15:10:55.490,-91,0,99,9,0,5,25,-79,100,13,51.501785 -0.096412,37.0,254.4,56,12,11.7,4.5,765,67,-0.06,-0.01,-1.87,AH,0.1,-1,0,814,-17,221,571,-1,-1,0,-1,-1,1,-1,-1,0x0000000000000000,1500,1500,1907,1500,2012,988,988,1500,988,988,1610,988,988,1785,1500,1500,1500,1500,1500,1500,1500,1500,1500,1500,1500,1500,1500,1500,1500,1500,1500,1500,7.7
2023-12-03,15:10:55.990,-91,0,97,11,0,5,25,-84,100,9,51.501769 -0.096391,37.0,254.4,56,12,11.7,4.5,765,67,-0.06,-0.01,-1.87,AH,0.1,-1,-1,814,-19,221,570,-1,-1,0,-1,-1,1,-1,-1,0x0000000000000000,1500,1500,1907,1500,2012,988,988,1500,988,988,1610,988,988,1785,1500,1500,1500,1500,1500,1500,1500,1500,1500,1500,1500,1500,1500,1500,1500,1500,1500,1500,7.7
2023-12-03,15:10:56.490,-92,0,97,9,0,5,25,-82,100,12,51.501753 -0.096371,37.0,254.4,56,12,11.7,4.5,765,67,-0.05,0.0,-1.77,AH,0.1,-1,-4,814,-228,222,570,-1,-1,0,-1,-1,1,-1,-1,0x0000000000000000,1394,1500,1907,1500,2012,988,988,1500,988,988,1611,988,988,1785,1500,1500,1500,1500,1500,1500,1500,1500,1500,1500,1500,1500,1500,1500,1500,1500,1500,1500,7.7
2023-12-03,15:10:56.990,-92,0,95,10,0,5,25,-83,100,11,51.501737 -0.096351,37.0,254.4,56,12,11.7,4.5,765,67,-0.05,0.0,-1.77,AH,0.1,-2,0,813,-32,221,570,-1,-1,0,-1,-1,1,-1,-1,0x0000000000000000,1494,1500,1906,1500,2012,988,988,1500,988,988,1610,988,988,1785,1500,1500,1500,1500,1500,1500,1500,1500,1500,1500,1500,1500,1500,1500,1500,1500,1500,1500,7.7
2023-12-03,15:10:57.490,-90,0,98,10,0,5,25,-78,100,12,51.501720 -0.096331,37.0,254.4,56,12,11.7,4.5,765,67,-0.05,0.0,-1.77,AH,0.1,-1,0,813,-2,221,570,-1,-1,0,-1,-1,1,-1,-1,0x0000000000000000,1500,1500,1906,1500,2012,988,988,1500,988,988,1610,988,988,1785,1500,1500,1500,1500,1500,1500,1500,1500,1500,1500,1500,1500,1500,1500,1500,1500,1500,1500,7.7
2023-12-03,15:10:57.990,-89,0,98,12,0,5,25,-77,100,13,51.501704 -0.096311,37.0,254.4,56,12,11.7,4.5,765,67,-0.05,0.0,-1.77,AH,-0.3,-1,-1,813,-251,221,570,-1,-1,0,-1,-1,1,-1,-1,0x0000000000000000,1383,1500,1906,1500,2012,988,988,1500,988,988,1610,988,988,1785,1500,1500,1500,1500,1500,1500,1500,1500,1500,1500,1500,1500,1500,1500,1500,1500,1500,1500,7.7
2023-12-03,15:10:58.490,-89,0,98,11,0,5,25,-79,100,4,51.501687 -0.096292,37.0,254.4,56,12,11.7,4.5,765,67,-0.05,0.0,-1.77,AH,-0.3,-1,1,814,-14,221,570,-1,-1,0,-1,-1,1,-1,-1,0x0000000000000000,1500,1500,1907,1500,2012,988,988,1500,988,988,1610,988,988,1785,1500,1500,1500,1500,1500,1500,1500,1500,1500,1500,1500,1500,1500,1500,1500,1500,1500,1500,7.7
2023-12-03,15:10:58.990,-89,0,99,10,0,5,25,-82,100,10,51.501671 -0.096272,37.0,254.4,56,12,11.7,4.5,765,67,-0.05,0.0,-1.77,AH,-0.3,-2,-1,813,-2,221,570,-1,-1,0,-1,-1,1,-1,-1,0x0000000000000000,1500,1500,1906,1500,2012,988,988,1500,988,988,1610,988,988,1785,1500,1500,1500,1500,1500,1500,1500,1500,1500,1500,1500,1500,1500,1500,1500,1500,1500,1500,7.7
2023-12-03,15:10:59.490,-89,0,97,10,0,5,25,-80,100,11,51.501654 -0.096253,37.0,254.4,56,12,11.7,4.5,765,67,-0.05,0.0,-1.77,AH,-0.3,-1,0,814,-2,222,570,-1,-1,0,-1,-1,1,-1,-1,0x0000000000000000,1500,1500,1907,1500,2012,988,988,1500,988,988,1611,988,988,1785,1500,1500,1500,1500,1500,1500,1500,1500,1500,1500,1500,1500,1500,1500,1500,1500,1500,1500,7.7
2023-12-03,15:10:59.990,-89,0,97,11,0,5,25,-80,100,12,51.501637 -0.096234,39.1,258.4,56,12,11.7,4.5,765,67,-0.05,0.0,-1.77,AH,-0.3,-1,0,813,-23,221,570,-1,-1,0,-1,-1,1,-1,-1,0x0000000000000000,1499,1500,1906,1500,2012,988,988,1500,988,988,1610,988,988,1785,1500,1500,1500,1500,1500,1500,1500,1500,1500,1500,1500,1500,1500,1500,1500,1500,1500,1500,7.7
2023-12-03,15:11:00.490,-89,0,100,11,0,5,25,-82,100,11,51.501620 -0.096215,39.1,258.4,56,12,11.7,4.5,765,67,-0.05,0.0,-1.77,AH,-0.3,-1,-1,813,-2,222,570,-1,-1,0,-1,-1,1,-1,-1,0x0000000000000000,1500,1500,1906,1500,2012,988,988,1500,988,988,1611,988,988,1785,1500,1500,1500,1500,1500,1500,1500,1500,1500,1500,1500,1500,1500,1500,1500,1500,1500,1500,7.7
2023-12-03,15:11:00.990,-89,0,97,11,0,5,25,-82,100,12,51.501603 -0.096197,39.1,258.4,56,12,11.7,4.8,772,66,-0.05,0.0,-1.77,AH,-0.3,-1,-1,814,-423,221,570,-1,-1,0,-1,-1,1,-1,-1,0x0000000000000000,1295,1500,1907,1500,2012,988,988,1500,988,988,1610,988,988,1785,1500,1500,1500,1500,1500,1500,1500,1500,1500,1500,1500,1500,1500,1500,1500,1500,1500,1500,7.7
2023-12-03,15:11:01.490,-91,0,95,11,0,5,25,-82,100,10,51.501586 -0.096179,39.1,258.4,56,12,11.7,4.8,772,66,-0.05,0.0,-1.77,AH,-0.3,-1,-1,814,-452,221,570,-1,-1,0,-1,-1,1,-1,-1,0x0000000000000000,1280,1500,1907,1500,2012,988,988,1500,988,988,1610,988,988,1785,1500,1500,1500,1500,1500,1500,1500,1500,1500,1500,1500,1500,1500,1500,1500,1500,1500,1500,7.7
2023-12-03,15:11:01.990,-91,0,99,9,0,5,25,-81,100,12,51.501569 -0.096160,39.1,258.4,56,12,11.7,4.8,772,66,-0.08,-0.02,-1.86,AH,-0.3,-2,0,814,-446,221,570,-1,-1,0,-1,-1,1,-1,-1,0x0000000000000000,1283,1500,1907,1500,2012,988,988,1500,988,988,1610,988,988,1785,1500,1500,1500,1500,1500,1500,1500,1500,1500,1500,1500,1500,1500,1500,1500,1500,1500,1500,7.7
2023-12-03,15:11:02.490,-92,0,99,10,0,5,25,-82,100,11,51.501552 -0.096142,39.1,258.4,56,12,11.7,4.8,772,66,-0.08,-0.02,-1.86,AH,-0.3,-1,0,814,-455,221,570,-1,-1,0,-1,-1,1,-1,-1,0x0000000000000000,1279,1500,1907,1500,2012,988,988,1500,988,988,1610,988,988,1785,1500,1500,1500,1500,1500,1500,1500,1500,1500,1500,1500,1500,1500,1500,1500,1500,1500,1500,7.7
2023-12-03,15:11:02.990,-93,0,96,9,0,5,25,-84,100,12,51.501535 -0.096125,39.1,258.4,56,12,11.7,4.8,772,66,-0.08,-0.02,-1.86,AH,-0.3,-1,-1,814,-442,221,571,-1,-1,0,-1,-1,1,-1,-1,0x0000000000000000,1285,1500,1907,1500,2012,988,988,1500,988,988,1610,988,988,1785,1500,1500,1500,1500,1500,1500,1500,1500,1500,1500,1500,1500,1500,1500,1500,1500,1500,1500,7.7
2023-12-03,15:11:03.490,-95,0,95,8,0,5,25,-88,100,9,51.501518 -0.096107,39.1,258.4,56,12,11.7,4.8,772,66,-0.08,-0.02,-1.86,AH,-0.1,-1,0,813,-435,221,570,-1,-1,0,-1,-1,1,-1,-1,0x0000000000000000,1289,1500,1906,1500,2012,988,988,1500,988,988,1610,988,988,1785,1500,1500,1500,1500,1500,1500,1500,1500,1500,1500,1500,1500,1500,1500,1500,1500,1500,1500,7.7
2023-12-03,15:11:03.990,-99,0,91,5,0,5,25,-92,100,5,51.501500 -0.096090,39.1,258.4,56,12,11.7,4.8,772,66,-0.08,-0.02,-1.86,AH,-0.1,-1,0,813,-438,221,570,-1,-1,0,-1,-1,1,-1,-1,0x0000000000000000,1287,1500,1906,1500,2012,988,988,1500,988,988,1610,988,988,1785,1500,1500,1500,1500,1500,1500,1500,1500,1500,1500,1500,1500,1500,1500,1500,1500,1500,1500,7.7
2023-12-03,15:11:04.490,-104,0,96,0,0,5,50,-95,100,-2,51.501483 -0.096072,39.1,258.4,56,12,11.7,4.8,772,66,-0.08,-0.02,-1.86,AH,-0.1,-1,0,813,-446,221,570,-1,-1,0,-1,-1,1,-1,-1,0x0000000000000000,1283,1500,1906,1500,2012,988,988,1500,988,988,1610,988,988,1785,1500,1500,1500,1500,1500,1500,1500,1500,1500,1500,1500,1500,1500,1500,1500,1500,1500,1500,7.7
2023-12-03,15:11:04.990,-102,0,94,1,0,5,50,-94,100,2,51.501465 -0.096055,39.1,258.4,56,12,11.7,4.8,772,66,-0.08,-0.02,-1.86,AH,-0.1,-1,0,813,-443,221,570,-1,-1,0,-1,-1,1,-1,-1,0x0000000000000000,1285,1500,1906,1500,2012,988,988,1500,988,988,1610,988,988,1785,1500,1500,1500,1500,1500,1500,1500,1500,1500,1500,1500,1500,1500,1500,1500,1500,1500,1500,7.7
2023-12-03,15:11:05.490,-101,0,92,4,0,5,50,-100,96,-6,51.501447 -0.096039,39.1,258.4,56,12,11.7,4.8,772,66,-0.08,-0.02,-1.86,AH,-0.1,-1,-1,814,-438,221,570,-1,-1,0,-1,-1,1,-1,-1,0x0000000000000000,1287,1500,1907,1500,2012,988,988,1500,988,988,1610,988,988,1785,1500,1500,1500,1500,1500,1500,1500,1500,1500,1500,1500,1500,1500,1500,1500,1500,1500,1500,7.7
2023-12-03,15:11:05.990,-105,0,84,4,0,5,100,-103,92,-6,51.501430 -0.096022,39.1,258.4,56,12,11.7,4.8,772,66,-0.08,-0.02,-1.86,AH,-0.1,-1,0,813,-430,221,570,-1,-1,0,-1,-1,1,-1,-1,0x0000000000000000,1291,1500,1906,1500,2012,988,988,1500,988,988,1610,988,988,1785,1500,1500,1500,1500,1500,1500,1500,1500,1500,1500,1500,1500,1500,1500,1500,1500,1500,1500,7.7
2023-12-03,15:11:06.490,-101,0,95,2,0,5,100,-101,92,-4,51.501412 -0.096006,41.7,220.3,56,12,11.7,4.8,772,66,-0.08,-0.02,-1.86,AH,-0.1,-1,0,813,-430,221,571,-1,-1,0,-1,-1,1,-1,-1,0x0000000000000000,1291,1500,1906,1500,2012,988,988,1500,988,988,1610,988,988,1785,1500,1500,1500,1500,1500,1500,1500,1500,1500,1500,1500,1500,1500,1500,1500,1500,1500,1500,7.7
2023-12-03,15:11:06.990,-101,0,95,2,0,5,100,-101,88,-3,51.501394 -0.095990,41.7,220.3,56,12,11.7,4.8,772,66,-0.08,-0.02,-1.86,AH,-0.1,-1,0,814,-435,221,570,-1,-1,0,-1,-1,1,-1,-1,0x0000000000000000,1289,1500,1907,1500,2012,988,988,1500,988,988,1610,988,988,1785,1500,1500,1500,1500,1500,1500,1500,1500,1500,1500,1500,1500,1500,1500,1500,1500,1500,1500,7.7
2023-12-03,15:11:07.490,-106,0,92,-2,0,5,100,-106,84,-8,51.501376 -0.095974,41.7,220.3,56,12,11.7,4.8,772,66,-0.08,-0.02,-1.86,AH,-0.1,-2,1,814,-438,221,570,-1,-1,0,-1,-1,1,-1,-1,0x0000000000000000,1287,1500,1907,1500,2012,988,988,1500,988,988,1610,988,988,1785,1500,1500,1500,1500,1500,1500,1500,1500,1500,1500,1500,1500,1500,1500,1500,1500,1500,1500,7.7
2023-12-03,15:11:07.990,-107,0,72,-2,0,5,100,-101,72,-4,51.501358 -0.095958,41.7,220.3,56,12,11.7,4.8,772,66,-0.08,-0.02,-1.86,AH,-0.1,-1,0,814,-426,221,571,-1,-1,0,-1,-1,1,-1,-1,0x0000000000000000,1293,1500,1907,1500,2012,988,988,1500,988,988,1610,988,988,1785,1500,1500,1500,1500,1500,1500,1500,1500,1500,1500,1500,1500,1500,1500,1500,1500,1500,1500,7.7
2023-12-03,15:11:08.490,-104,0,93,0,0,5,100,-97,72,-2,51.501340 -0.095942,41.7,220.3,56,12,11.7,4.8,772,66,-0.08,-0.02,-1.86,AH,-0.1,-1,-1,813,-426,221,570,-1,-1,0,-1,-1,1,-1,-1,0x0000000000000000,1293,1500,1906,1500,2012,988,988,1500,988,988,1610,988,988,1785,1500,1500,1500,1500,1500,1500,1500,1500,1500,1500,1500,1500,1500,1500,1500,1500,1500,1500,7.7
2023-12-03,15:11:08.990,-101,0,89,3,0,5,100,-97,72,-3,51.501322 -0.095927,41.7,220.3,56,12,11.6,5.2,781,66,-0.08,-0.02,-1.86,AH,-0.1,-1,-1,814,-429,221,570,-1,-1,0,-1,-1,1,-1,-1,0x0000000000000000,1292,1500,1907,1500,2012,988,988,1500,988,988,1610,988,988,1785,1500,1500,1500,1500,1500,1500,1500,1500,1500,1500,1500,1500,1500,1500,1500,1500,1500,1500,7.7
2023-12-03,15:11:09.490,-103,0,83,0,0,5,100,-97,68,0,51.501304 -0.095912,41.7,220.3,56,12,11.6,5.2,781,66,-0.08,-0.02,-1.86,AH,-0.1,-1,-1,814,-438,221,570,-1,-1,0,-1,-1,1,-1,-1,0x0000000000000000,1287,1500,1907,1500,2012,988,988,1500,988,988,1610,988,988,1785,1500,1500,1500,1500,1500,1500,1500,1500,1500,1500,1500,1500,1500,1500,1500,1500,1500,1500,7.7
2023-12-03,15:11:09.990,-100,0,97,2,0,5,100,-92,68,1,51.501285 -0.095897,41.7,220.3,56,12,11.6,5.2,781,66,-0.19,-0.27,2.08,AH,-0.1,-1,-1,814,-430,221,570,-1,-1,0,-1,-1,1,-1,-1,0x0000000000000000,1291,1500,1907,1500,2012,988,988,1500,988,988,1610,988,988,1785,1500,1500,1500,1500,1500,1500,1500,1500,1500,1500,1500,1500,1500,1500,1500,1500,1500,1500,7.7
2023-12-03,15:11:10.490,-96,0,97,7,0,5,100,-88,72,8,51.501267 -0.095882,41.7,220.3,56,12,11.6,5.2,781,66,-0.19,-0.27,2.08,AH,-0.1,-1,-1,813,-411,221,570,-1,-1,0,-1,-1,1,-1,-1,0x0000000000000000,1301,1500,1906,1500,2012,988,988,1500,988,988,1610,988,988,1785,1500,1500,1500,1500,1500,1500,1500,1500,1500,1500,1500,1500,1500,1500,1500,1500,1500,1500,7.7
2023-12-03,15:11:10.990,-93,0,99,9,0,5,100,-89,72,4,51.501249 -0.095868,41.7,220.3,56,12,11.6,5.2,781,66,-0.19,-0.27,2.08,AH,-0.1,-1,18,813,-256,221,570,-1,-1,0,-1,-1,1,-1,-1,0x0000000000000000,1380,1500,1906,1500,2012,988,988,1500,988,988,1610,988,988,1785,1500,1500,1500,1500,1500,1500,1500,1500,1500,1500,1500,1500,1500,1500,1500,1500,1500,1500,7.7
2023-12-03,15:11:11.490,-93,0,98,10,0,5,100,-87,76,-4,51.501230 -0.095853,41.7,220.3,56,12,11.6,5.2,781,66,-0.19,-0.27,2.08,AH,-0.1,-1,0,814,-2,222,571,-1,-1,0,-1,-1,1,-1,-1,0x0000000000000000,1500,1500,1907,1500,2012,988,988,1500,988,988,1611,988,988,1785,1500,1500,1500,1500,1500,1500,1500,1500,1500,1500,1500,1500,1500,1500,1500,1500,1500,1500,7.7
2023-12-03,15:11:11.990,-90,0,99,10,0,5,100,-88,76,7,51.501212 -0.095839,41.7,220.3,56,12,11.6,5.2,781,66,-0.19,-0.27,2.08,AH,1.0,-1,-1,814,-1,221,570,-1,-1,0,-1,-1,1,-1,-1,0x0000000000000000,1500,1500,1907,1500,2012,988,988,1500,988,988,1610,988,988,1785,1500,1500,1500,1500,1500,1500,1500,1500,1500,1500,1500,1500,1500,1500,1500,1500,1500,1500,7.7
2023-12-03,15:11:12.490,-90,0,97,11,0,5,100,-88,80,8,51.501193 -0.095826,41.7,220.3,56,12,11.6,5.2,781,66,-0.19,-0.27,2.08,AH,1.0,-1,-3,813,-164,221,570,-1,-1,0,-1,-1,1,-1,-1,0x0000000000000000,1427,1500,1906,1500,2012,988,988,1500,988,988,1610,988,988,1785,1500,1500,1500,1500,1500,1500,1500,1500,1500,1500,1500,1500,1500,1500,1500,1500,1500,1500,7.6
2023-12-03,15:11:12.990,-90,0,96,9,0,5,100,-87,88,10,51.501174 -0.095812,41.7,220.3,56,12,11.6,5.2,781,66,-0.19,-0.27,2.08,AH,1.0,-1,-4,813,20,221,570,-1,-1,0,-1,-1,1,-1,-1,0x0000000000000000,1500,1500,1906,1500,2012,988,988,1500,988,988,1610,988,988,1785,1500,1500,1500,1500,1500,1500,1500,1500,1500,1500,1500,1500,1500,1500,1500,1500,1500,1500,7.6
2023-12-03,15:11:13.490,-89,0,99,10,0,5,100,-88,96,6,51.501156 -0.095798,65.7,80.7,53,12,11.6,5.2,781,66,-0.19,-0.27,2.08,AH,1.0,-1,0,814,2,221,571,-1,-1,0,-1,-1,1,-1,-1,0x0000000000000000,1500,1500,1907,1500,2012,988,988,1500,988,988,1610,988,988,1785,1500,1500,1500,1500,1500,1500,1500,1500,1500,1500,1500,1500,1500,1500,1500,1500,1500,1500,7.6
2023-12-03,15:11:13.990,-93,0,100,9,0,5,25,-88,96,8,51.501137 -0.095785,65.7,80.7,53,12,11.6,5.2,781,66,-0.19,-0.27,2.08,AH,1.0,-1,-1,814,20,221,570,-1,-1,0,-1,-1,1,-1,-1,0x0000000000000000,1500,1500,1907,1500,2012,988,988,1500,988,988,1610,988,988,1785,1500,1500,1500,1500,1500,1500,1500,1500,1500,1500,1500,1500,1500,1500,1500,1500,1500,1500,7.6
2023-12-03,15:11:14.490,-97,0,95,6,0,5,25,-91,96,6,51.501118 -0.095772,65.7,80.7,53,12,11.6,5.2,781,66,-0.19,-0.27,2.08,AH,1.0,-1,-3,814,249,221,570,-1,-1,0,-1,-1,1,-1,-1,0x0000000000000000,1616,1500,1907,1500,2012,988,988,1500,988,988,1610,988,988,1785,1500,1500,1500,1500,1500,1500,1500,1500,1500,1500,1500,1500,1500,1500,1500,1500,1500,1500,7.6
2023-12-03,15:11:14.990,-99,0,94,5,0,5,25,-91,100,4,51.501099 -0.095759,65.7,80.7,53,12,11.6,7.5,794,63,-0.19,-0.27,2.08,AH,1.0,-1,-1,814,0,221,570,-1,-1,0,-1,-1,1,-1,-1,0x0000000000000000,1500,1500,1907,1500,2012,988,988,1500,988,988,1610,988,988,1785,1500,1500,1500,1500,1500,1500,1500,1500,1500,1500,1500,1500,1500,1500,1500,1500,1500,1500,7.6
2023-12-03,15:11:15.490,-99,0,99,3,0,5,25,-90,100,4,51.501080 -0.095747,65.7,80.7,53,12,11.6,7.5,794,63,-0.27,0.18,1.23,AH,1.0,-1,-1,814,0,221,570,-1,-1,0,-1,-1,1,-1,-1,0x0000000000000000,1500,1500,1907,1500,2012,988,988,1500,988,988,1610,988,988,1785,1500,1500,1500,1500,1500,1500,1500,1500,1500,1500,1500,1500,1500,1500,1500,1500,1500,1500,7.6
2023-12-03,15:11:15.990,-102,0,94,1,0,5,25,-97,100,-4,51.501061 -0.095735,65.7,80.7,53,12,11.6,7.5,794,63,-0.27,0.18,1.23,AH,1.0,-1,-3,814,161,221,571,-1,-1,0,-1,-1,1,-1,-1,0x0000000000000000,1571,1500,1907,1500,2012,988,988,1500,988,988,1610,988,988,1785,1500,1500,1500,1500,1500,1500,1500,1500,1500,1500,1500,1500,1500,1500,1500,1500,1500,1500,7.6
2023-12-03,15:11:16.490,-104,0,94,0,0,5,50,-96,100,-2,51.501042 -0.095722,65.7,80.7,53,12,11.6,7.5,794,63,-0.27,0.18,1.23,AH,1.0,-1,-3,813,104,222,570,-1,-1,0,-1,-1,1,-1,-1,0x0000000000000000,1542,1500,1906,1500,2012,988,988,1500,988,988,1611,988,988,1785,1500,1500,1500,1500,1500,1500,1500,1500,1500,1500,1500,1500,1500,1500,1500,1500,1500,1500,7.6
2023-12-03,15:11:16.990,-101,0,85,5,0,5,100,-103,100,-5,51.501023 -0.095711,65.7,80.7,53,12,11.6,7.5,794,63,-0.27,0.18,1.23,AH,1.0,-1,0,814,208,222,570,-1,-1,0,-1,-1,1,-1,-1,0x0000000000000000,1595,1500,1907,1500,2012,988,988,1500,988,988,1611,988,988,1785,1500,1500,1500,1500,1500,1500,1500,1500,1500,1500,1500,1500,1500,1500,1500,1500,1500,1500,7.6
2023-12-03,15:11:17.490,-97,0,91,5,0,5,100,-92,100,1,51.501004 -0.095699,65.7,80.7,53,12,11.6,7.5,794,63,-0.27,0.18,1.23,AH,0.9,-1,-3,813,171,221,570,-1,-1,0,-1,-1,1,-1,-1,0x0000000000000000,1577,1500,1906,1500,2012,988,988,1500,988,988,1610,988,988,1785,1500,1500,1500,1500,1500,1500,1500,1500,1500,1500,1500,1500,1500,1500,1500,1500,1500,1500,7.6
2023-12-03,15:11:17.990,-92,0,99,9,0,5,100,-86,100,10,51.500984 -0.095687,65.7,80.7,53,12,11.6,7.5,794,63,-0.27,0.18,1.23,AH,0.9,-1,-1,814,183,221,570,-1,-1,0,-1,-1,1,-1,-1,0x0000000000000000,1583,1500,1907,1500,2012,988,988,1500,988,988,1610,988,988,1785,1500,1500,1500,1500,1500,1500,1500,1500,1500,1500,1500,1500,1500,1500,1500,1500,1500,1500,7.6
2023-12-03,15:11:18.490,-90,0,99,10,0,5,100,-85,100,10,51.500965 -0.095676,65.7,80.7,53,12,11.6,7.5,794,63,-0.27,0.18,1.23,AH,0.9,-1,-1,813,1,221,570,-1,-1,0,-1,-1,1,-1,-1,0x0000000000000000,1500,1500,1906,1500,2012,988,988,1500,988,988,1610,988,988,1785,1500,1500,1500,1500,1500,1500,1500,1500,1500,1500,1500,1500,1500,1500,1500,1500,1500,1500,7.6
2023-12-03,15:11:18.990,-90,0,99,11,0,5,50,-85,100,11,51.500946 -0.095665,59.4,61.3,59,12,11.6,7.5,794,63,-0.27,0.18,1.23,AH,0.9,-1,-1,813,-2,221,570,-1,-1,0,-1,-1,1,-1,-1,0x0000000000000000,1500,1500,1906,1500,2012,988,988,1500,988,988,1610,988,988,1785,1500,1500,1500,1500,1500,1500,1500,1500,1500,1500,1500,1500,1500,1500,1500,1500,1500,1500,7.6
2023-12-03,15:11:19.490,-94,0,97,8,0,5,25,-88,100,7,51.500926 -0.095654,59.4,61.3,59,12,11.6,7.5,794,63,-0.27,0.18,1.23,AH,0.9,-1,-3,814,6,221,570,-1,-1,0,-1,-1,1,-1,-1,0x0000000000000000,1500,1500,1907,1500,2012,988,988,1500,988,988,1610,988,988,1785,1500,1500,1500,1500,1500,1500,1500,1500,1500,1500,1500,1500,1500,1500,1500,1500,1500,1500,7.6
2023-12-03,15:11:19.990,-95,0,98,8,0,5,25,-86,100,10,51.500907 -0.095644,59.4,61.3,59,12,11.6,7.5,794,63,-0.27,0.18,1.23,AH,0.9,-1,-1,814,-1,221,570,-1,-1,0,-1,-1,1,-1,-1,0x0000000000000000,1500,1500,1907,1500,2012,988,988,1500,988,988,1610,988,988,1785,1500,1500,1500,1500,1500,1500,1500,1500,1500,1500,1500,1500,1500,1500,1500,1500,1500,1500,7.6
2023-12-03,15:11:20.490,-95,0,98,8,0,5,25,-85,100,11,51.500888 -0.095634,59.4,61.3,59,12,11.6,4.6,804,65,-0.27,0.18,1.23,AH,0.9,-1,-3,814,161,221,570,-1,-1,0,-1,-1,1,-1,-1,0x0000000000000000,1571,1500,1907,1500,2012,988,988,1500,988,988,1610,988,988,1785,1500,1500,1500,1500,1500,1500,1500,1500,1500,1500,1500,1500,1500,1500,1500,1500,1500,1500,7.6
2023-12-03,15:11:20.990,-94,0,96,9,0,5,25,-87,100,9,51.500868 -0.095623,59.4,61.3,59,12,11.6,4.6,804,65,0.02,-0.03,1.21,AH,0.9,-1,-4,814,71,221,570,-1,-1,0,-1,-1,1,-1,-1,0x0000000000000000,1526,1500,1907,1500,2012,988,988,1500,988,988,1610,988,988,1785,1500,1500,1500,1500,1500,1500,1500,1500,1500,1500,1500,1500,1500,1500,1500,1500,1500,1500,7.6
2023-12-03,15:11:21.490,-95,0,96,8,0,5,25,-85,100,8,51.500848 -0.095614,59.4,61.3,59,12,11.6,4.6,804,65,0.02,-0.03,1.21,AH,0.9,-1,-1,813,149,221,570,-1,-1,0,-1,-1,1,-1,-1,0x0000000000000000,1565,1500,1906,1500,2012,988,988,1500,988,988,1610,988,988,1785,1500,1500,1500,1500,1500,1500,1500,1500,1500,1500,1500,1500,1500,1500,1500,1500,1500,1500,7.6
2023-12-03,15:11:21.990,-94,0,98,9,0,5,25,-85,100,9,51.500829 -0.095604,59.4,61.3,59,12,11.6,4.6,804,65,0.02,-0.03,1.21,AH,0.9,-1,-4,814,61,221,570,-1,-1,0,-1,-1,1,-1,-1,0x0000000000000000,1520,1500,1907,1500,2012,988,988,1500,988,988,1610,988,988,1785,1500,1500,1500,1500,1500,1500,1500,1500,1500,1500,1500,1500,1500,1500,1500,1500,1500,1500,7.6
2023-12-03,15:11:22.490,-95,0,94,8,0,5,25,-85,100,7,51.500809 -0.095594,59.4,61.3,59,12,11.6,4.6,804,65,0.02,-0.03,1.21,AH,0.9,-1,-3,814,6,221,570,-1,-1,0,-1,-1,1,-1,-1,0x0000000000000000,1500,1500,1907,1500,2012,988,988,1500,988,988,1610,988,988,1785,1500,1500,1500,1500,1500,1500,1500,1500,1500,1500,1500,1500,1500,1500,1500,1500,1500,1500,7.6
2023-12-03,15:11:22.990,-94,0,97,9,0,5,25,-86,100,8,51.500789 -0.095585,59.4,61.3,59,12,11.6,4.6,804,65,0.02,-0.03,1.21,AH,-0.9,-1,-1,814,-8,221,570,-1,-1,0,-1,-1,1,-1,-1,0x0000000000000000,1500,1500,1907,1500,2012,988,988,1500,988,988,1610,988,988,1785,1500,1500,1500,1500,1500,1500,1500,1500,1500,1500,1500,1500,1500,1500,1500,1500,1500,1500,7.6
2023-12-03,15:11:23.490,-94,0,100,9,0,5,25,-84,100,10,51.500770 -0.095576,59.4,61.3,59,12,11.6,4.6,804,65,0.02,-0.03,1.21,AH,-0.9,-1,-6,814,-476,221,570,-1,-1,0,-1,-1,1,-1,-1,0x0000000000000000,1268,1500,1907,1500,2012,988,988,1500,988,988,1610,988,988,1785,1500,1500,1500,1500,1500,1500,1500,1500,1500,1500,1500,1500,1500,1500,1500,1500,1500,1500,7.6
2023-12-03,15:11:23.990,-95,0,97,8,0,5,25,-86,100,10,51.500750 -0.095567,59.4,61.3,59,12,11.6,4.6,804,65,0.02,-0.03,1.21,AH,-0.9,-1,-6,814,-537,221,570,-1,-1,0,-1,-1,1,-1,-1,0x0000000000000000,1237,1500,1907,1500,2012,988,988,1500,988,988,1610,988,988,1785,1500,1500,1500,1500,1500,1500,1500,1500,1500,1500,1500,1500,1500,1500,1500,1500,1500,1500,7.6
2023-12-03,15:11:24.490,-95,0,92,8,0,5,25,-85,100,10,51.500730 -0.095559,62.6,66.5,58,12,11.6,4.6,804,65,0.02,-0.03,1.21,AH,-0.9,-1,-4,814,-536,222,570,-1,-1,0,-1,-1,1,-1,-1,0x0000000000000000,1237,1500,1907,1500,2012,988,988,1500,988,988,1611,988,988,1785,1500,1500,1500,1500,1500,1500,1500,1500,1500,1500,1500,1500,1500,1500,1500,1500,1500,1500,7.6
2023-12-03,15:11:24.990,-96,0,90,8,0,5,25,-87,100,6,51.500710 -0.095551,62.6,66.5,58,12,11.6,4.6,804,65,0.02,-0.03,1.21,AH,-0.9,-1,-4,814,-534,221,570,-1,-1,0,-1,-1,1,-1,-1,0x0000000000000000,1238,1500,1907,1500,2012,988,988,1500,988,988,1610,988,988,1785,1500,1500,1500,1500,1500,1500,1500,1500,1500,1500,1500,1500,1500,1500,1500,1500,1500,1500,7.6
2023-12-03,15:11:25.490,-93,0,98,8,0,5,25,-82,100,11,51.500690 -0.095543,62.6,66.5,58,12,11.6,4.6,804,65,0.02,-0.03,1.21,AH,-0.9,-1,-3,813,-515,221,570,-1,-1,0,-1,-1,1,-1,-1,0x0000000000000000,1248,1500,1906,1500,2012,988,988,1500,988,988,1610,988,988,1785,1500,1500,1500,1500,1500,1500,1500,1500,1500,1500,1500,1500,1500,1500,1500,1500,1500,1500,7.6
2023-12-03,15:11:25.990,-93,0,97,10,0,5,25,-83,100,10,51.500671 -0.095535,62.6,66.5,58,12,11.7,3.8,810,66,0.02,-0.03,1.21,AH,-0.9,-1,-3,813,-498,221,571,-1,-1,0,-1,-1,1,-1,-1,0x0000000000000000,1257,1500,1906,1500,2012,988,988,1500,988,988,1610,988,988,1785,1500,1500,1500,1500,1500,1500,1500,1500,1500,1500,1500,1500,1500,1500,1500,1500,1500,1500,7.6
2023-12-03,15:11:26.490,-93,0,100,10,0,5,25,-84,100,10,51.500651 -0.095527,62.6,66.5,58,12,11.7,3.8,810,66,0.01,-0.38,0.55,AH,-0.9,-1,-1,813,-7,221,570,-1,-1,0,-1,-1,1,-1,-1,0x0000000000000000,1500,1500,1906,1500,2012,988,988,1500,988,988,1610,988,988,1785,1500,1500,1500,1500,1500,1500,1500,1500,1500,1500,1500,1500,1500,1500,1500,1500,1500,1500,7.6
2023-12-03,15:11:26.990,-95,0,100,8,0,5,25,-85,100,10,51.500631 -0.095520,62.6,66.5,58,12,11.7,3.8,810,66,0.01,-0.38,0.55,AH,-0.9,-1,0,814,-5,221,570,-1,-1,0,-1,-1,1,-1,-1,0x0000000000000000,1500,1500,1907,1500,2012,988,988,1500,988,988,1610,988,988,1785,1500,1500,1500,1500,1500,1500,1500,1500,1500,1500,1500,1500,1500,1500,1500,1500,1500,1500,7.6
2023-12-03,15:11:27.490,-96,0,97,8,0,5,25,-89,100,7,51.500611 -0.095513,62.6,66.5,58,12,11.7,3.8,810,66,0.01,-0.38,0.55,AH,-0.9,-1,0,814,-5,221,570,-1,-1,0,-1,-1,1,-1,-1,0x0000000000000000,1500,1500,1907,1500,2012,988,988,1500,988,988,1610,988,988,1785,1500,1500,1500,1500,1500,1500,1500,1500,1500,1500,1500,1500,1500,1500,1500,1500,1500,1500,7.6
2023-12-03,15:11:27.990,-99,0,96,6,0,5,25,-93,100,1,51.500590 -0.095506,62.6,66.5,58,12,11.7,3.8,810,66,0.01,-0.38,0.55,AH,-0.9,-1,0,813,-2,221,570,-1,-1,0,-1,-1,1,-1,-1,0x0000000000000000,1500,1500,1906,1500,2012,988,988,1500,988,988,1610,988,988,1785,1500,1500,1500,1500,1500,1500,1500,1500,1500,1500,1500,1500,1500,1500,1500,1500,1500,1500,7.6
2023-12-03,15:11:28.490,-100,0,94,1,0,5,25,-87,100,7,51.500570 -0.095499,62.6,66.5,58,12,11.7,3.8,810,66,0.01,-0.38,0.55,AH,0.3,-1,-1,813,-1,221,570,-1,-1,0,-1,-1,1,-1,-1,0x0000000000000000,1500,1500,1906,1500,2012,988,988,1500,988,988,1610,988,988,1785,1500,1500,1500,1500,1500,1500,1500,1500,1500,1500,1500,1500,1500,1500,1500,1500,1500,1500,7.6
2023-12-03,15:11:28.990,-97,0,93,6,0,5,25,-84,100,8,51.500550 -0.095493,62.6,66.5,58,12,11.7,3.8,810,66,0.01,-0.38,0.55,AH,0.3,-1,0,813,-1,222,570,-1,-1,0,-1,-1,1,-1,-1,0x0000000000000000,1500,1500,1906,1500,2012,988,988,1500,988,988,1611,988,988,1785,1500,1500,1500,1500,1500,1500,1500,1500,1500,1500,1500,1500,1500,1500,1500,1500,1500,1500,7.6
2023-12-03,15:11:29.490,-93,0,98,9,0,5,25,-83,100,12,51.500530 -0.095486,62.6,66.5,58,12,11.7,3.8,810,66,0.01,-0.38,0.55,AH,0.3,-1,0,813,-2,222,570,-1,-1,0,-1,-1,1,-1,-1,0x0000000000000000,1500,1500,1906,1500,2012,988,988,1500,988,988,1611,988,988,1785,1500,1500,1500,1500,1500,1500,1500,1500,1500,1500,1500,1500,1500,1500,1500,1500,1500,1500,7.6
2023-12-03,15:11:29.990,-94,0,97,9,0,5,25,-81,100,12,51.500510 -0.095480,63.7,14.0,55,12,11.7,3.8,810,66,0.01,-0.38,0.55,AH,0.3,-1,-1,813,-1,221,570,-1,-1,0,-1,-1,1,-1,-1,0x0000000000000000,1500,1500,1906,1500,2012,988,988,1500,988,988,1610,988,988,1785,1500,1500,1500,1500,1500,1500,1500,1500,1500,1500,1500,1500,1500,1500,1500,1500,1500,1500,7.6
2023-12-03,15:11:30.490,-94,0,98,7,0,5,25,-90,100,6,51.500490 -0.095475,63.7,14.0,55,12,11.7,3.8,810,66,0.01,-0.38,0.55,AH,0.3,-1,-3,814,243,221,570,-1,-1,0,-1,-1,1,-1,-1,0x0000000000000000,1613,1500,1907,1500,2012,988,988,1500,988,988,1610,988,988,1785,1500,1500,1500,1500,1500,1500,1500,1500,1500,1500,1500,1500,1500,1500,1500,1500,1500,1500,7.6
2023-12-03,15:11:30.990,-98,0,93,5,0,5,25,-90,100,5,51.500470 -0.095469,63.7,14.0,55,12,11.7,3.8,810,66,0.01,-0.38,0.55,AH,0.3,-1,-1,814,209,221,570,-1,-1,0,-1,-1,1,-1,-1,0x0000000000000000,1596,1500,1907,1500,2012,988,988,1500,988,988,1610,988,988,1785,1500,1500,1500,1500,1500,1500,1500,1500,1500,1500,1500,1500,1500,1500,1500,1500,1500,1500,7.6
2023-12-03,15:11:31.490,-98,0,91,5,0,5,25,-94,100,1,51.500449 -0.095464,63.7,14.0,55,12,11.6,4.7,816,65,0.01,-0.38,0.55,AH,0.3,-1,-1,814,-2,222,570,-1,-1,0,-1,-1,1,-1,-1,0x0000000000000000,1500,1500,1907,1500,2012,988,988,1500,988,988,1611,988,988,1785,1500,1500,1500,1500,1500,1500,1500,1500,1500,1500,1500,1500,1500,1500,1500,1500,1500,1500,7.6
2023-12-03,15:11:31.990,-97,0,95,6,0,5,25,-90,100,6,51.500429 -0.095459,63.7,14.0,55,12,11.6,4.7,816,65,0.01,-0.38,0.55,AH,0.3,-1,-1,814,150,221,571,-1,-1,0,-1,-1,1,-1,-1,0x0000000000000000,1566,1500,1907,1500,2012,988,988,1500,988,988,1610,988,988,1785,1500,1500,1500,1500,1500,1500,1500,1500,1500,1500,1500,1500,1500,1500,1500,1500,1500,1500,7.6
2023-12-03,15:11:32.490,-94,0,98,8,0,5,25,-88,100,7,51.500409 -0.095454,63.7,14.0,55,12,11.6,4.7,816,65,-0.11,0.16,0.03,AH,0.3,-1,-1,813,147,221,570,-1,-1,0,-1,-1,1,-1,-1,0x0000000000000000,1564,1500,1906,1500,2012,988,988,1500,988,988,1610,988,988,1785,1500,1500,1500,1500,1500,1500,1500,1500,1500,1500,1500,1500,1500,1500,1500,1500,1500,1500,7.6
2023-12-03,15:11:32.990,-93,0,98,9,0,5,25,-88,100,6,51.500388 -0.095449,63.7,14.0,55,12,11.6,4.7,816,65,-0.11,0.16,0.03,AH,0.3,-2,-1,813,132,222,570,-1,-1,0,-1,-1,1,-1,-1,0x0000000000000000,1557,1500,1906,1500,2012,988,988,1500,988,988,1611,988,988,1785,1500,1500,1500,1500,1500,1500,1500,1500,1500,1500,1500,1500,1500,1500,1500,1500,1500,1500,7.6
2023-12-03,15:11:33.490,-94,0,99,8,0,5,25,-87,100,7,51.500368 -0.095445,63.7,14.0,55,12,11.6,4.7,816,65,-0.11,0.16,0.03,AH,0.3,-1,-1,814,119,221,570,-1,-1,0,-1,-1,1,-1,-1,0x0000000000000000,1550,1500,1907,1500,2012,988,988,1500,988,988,1610,988,988,1785,1500,1500,1500,1500,1500,1500,1500,1500,1500,1500,1500,1500,1500,1500,1500,1500,1500,1500,7.6
2023-12-03,15:11:33.990,-94,0,95,9,0,5,25,-82,100,12,51.500348 -0.095441,63.7,14.0,55,12,11.6,4.7,816,65,-0.11,0.16,0.03,AH,1.0,-1,1,814,167,221,570,-1,-1,0,-1,-1,1,-1,-1,0x0000000000000000,1574,1500,1907,1500,2012,988,988,1500,988,988,1610,988,988,1785,1500,1500,1500,1500,1500,1500,1500,1500,1500,1500,1500,1500,1500,1500,1500,1500,1500,1500,7.6
2023-12-03,15:11:34.490,-94,0,94,9,0,5,25,-84,100,8,51.500327 -0.095437,63.7,14.0,55,12,11.6,4.7,816,65,-0.11,0.16,0.03,AH,1.0,-1,1,813,184,221,570,-1,-1,0,-1,-1,1,-1,-1,0x0000000000000000,1583,1500,1906,1500,2012,988,988,1500,988,988,1610,988,988,1785,1500,1500,1500,1500,1500,1500,1500,1500,1500,1500,1500,1500,1500,1500,1500,1500,1500,1500,7.6
2023-12-03,15:11:34.990,-93,0,98,8,0,5,25,-82,100,12,51.500307 -0.095433,63.7,14.0,55,12,11.6,4.7,816,65,-0.11,0.16,0.03,AH,1.0,-1,-1,813,160,222,570,-1,-1,0,-1,-1,1,-1,-1,0x0000000000000000,1571,1500,1906,1500,2012,988,988,1500,988,988,1611,988,988,1785,1500,1500,1500,1500,1500,1500,1500,1500,1500,1500,1500,1500,1500,1500,1500,1500,1500,1500,7.6
2023-12-03,15:11:35.490,-94,0,96,9,0,5,25,-86,100,10,51.500287 -0.095430,58.0,-295.96,55,12,11.6,4.7,816,65,-0.11,0.16,0.03,AH,1.0,-1,-3,814,139,222,570,-1,-1,0,-1,-1,1,-1,-1,0x0000000000000000,1560,1500,1907,1500,2012,988,988,1500,988,988,1611,988,988,1785,1500,1500,1500,1500,1500,1500,1500,1500,1500,1500,1500,1500,1500,1500,1500,1500,1500,1500,7.6
2023-12-03,15:11:35.990,-94,0,98,8,0,5,25,-86,100,9,51.500266 -0.095427,58.0,-295.96,55,12,11.6,4.7,816,65,-0.11,0.16,0.03,AH,1.0,-1,-1,813,1,221,570,-1,-1,0,-1,-1,1,-1,-1,0x0000000000000000,1500,1500,1906,1500,2012,988,988,1500,988,988,1610,988,988,1785,1500,1500,1500,1500,1500,1500,1500,1500,1500,1500,1500,1500,1500,1500,1500,1500,1500,1500,7.6
2023-12-03,15:11:36.490,-92,0,99,9,0,5,25,-84,100,11,51.500246 -0.095424,58.0,-295.96,55,12,11.6,4.7,816,65,-0.11,0.16,0.03,AH,1.0,-1,-3,813,16,221,570,-1,-1,0,-1,-1,1,-1,-1,0x0000000000000000,1500,1500,1906,1500,2012,988,988,1500,988,988,1610,988,988,1785,1500,1500,1500,1500,1500,1500,1500,1500,1500,1500,1500,1500,1500,1500,1500,1500,1500,1500,7.6
2023-12-03,15:11:36.990,-92,0,99,9,0,5,25,-84,100,11,51.500225 -0.095421,58.0,-295.96,55,12,11.6,5.4,824,64,-0.11,0.16,0.03,AH,1.0,-1,-1,813,102,221,570,-1,-1,0,-1,-1,1,-1,-1,0x0000000000000000,1541,1500,1906,1500,2012,988,988,1500,988,988,1610,988,988,1785,1500,1500,1500,1500,1500,1500,1500,1500,1500,1500,1500,1500,1500,1500,1500,1500,1500,1500,7.6
2023-12-03,15:11:37.490,-92,0,97,9,0,5,25,-83,100,11,51.500205 -0.095418,58.0,-295.96,55,12,11.6,5.4,824,64,-0.11,0.16,0.03,AH,1.0,-2,-6,813,-391,221,570,-1,-1,0,-1,-1,1,-1,-1,0x0000000000000000,1311,1500,1906,1500,2012,988,988,1500,988,988,1610,988,988,1785,1500,1500,1500,1500,1500,1500,1500,1500,1500,1500,1500,1500,1500,1500,1500,1500,1500,1500,7.6
2023-12-03,15:11:37.990,-93,0,97,9,0,5,25,-84,100,11,51.500184 -0.095416,58.0,-295.96,55,12,11.6,5.4,824,64,-0.05,0.01,-0.03,AH,1.0,-1,-1,813,-39,222,570,-1,-1,0,-1,-1,1,-1,-1,0x0000000000000000,1491,1500,1906,1500,2012,988,988,1500,988,988,1611,988,988,1785,1500,1500,1500,1500,1500,1500,1500,1500,1500,1500,1500,1500,1500,1500,1500,1500,1500,1500,7.6
2023-12-03,15:11:38.490,-94,0,98,7,0,5,25,-83,100,11,51.500164 -0.095414,58.0,-295.96,55,12,11.6,5.4,824,64,-0.05,0.01,-0.03,AH,1.0,-1,1,813,-71,221,570,-1,-1,0,-1,-1,1,-1,-1,0x0000000000000000,1474,1500,1906,1500,2012,988,988,1500,988,988,1610,988,988,1785,1500,1500,1500,1500,1500,1500,1500,1500,1500,1500,1500,1500,1500,1500,1500,1500,1500,1500,7.6
2023-12-03,15:11:38.990,-91,0,99,9,0,5,25,-81,100,11,51.500144 -0.095412,58.0,-295.96,55,12,11.6,5.4,824,64,-0.05,0.01,-0.03,AH,1.0,-2,-3,813,-266,222,570,-1,-1,0,-1,-1,1,-1,-1,0x0000000000000000,1375,1500,1906,1500,2012,988,988,1500,988,988,1611,988,988,1785,1500,1500,1500,1500,1500,1500,1500,1500,1500,1500,1500,1500,1500,1500,1500,1500,1500,1500,7.6
2023-12-03,15:11:39.490,-90,0,99,11,0,5,25,-80,100,11,51.500123 -0.095411,58.0,-295.96,55,12,11.6,5.4,824,64,-0.05,0.01,-0.03,AH,0.0,-1,-1,813,-266,221,570,-1,-1,0,-1,-1,1,-1,-1,0x0000000000000000,1375,1500,1906,1500,2012,988,988,1500,988,988,1610,988,988,1785,1500,1500,1500,1500,1500,1500,1500,1500,1500,1500,1500,1500,1500,1500,1500,1500,1500,1500,7.6
2023-12-03,15:11:39.990,-88,0,96,12,0,5,25,-78,100,12,51.500103 -0.095410,58.0,-295.96,55,12,11.6,5.4,824,64,-0.05,0.01,-0.03,AH,0.0,-1,-1,813,-232,221,570,-1,-1,0,-1,-1,1,-1,-1,0x0000000000000000,1392,1500,1906,1500,2012,988,988,1500,988,988,1610,988,988,1785,1500,1500,1500,1500,1500,1500,1500,1500,1500,1500,1500,1500,1500,1500,1500,1500,1500,1500,7.6
2023-12-03,15:11:40.490,-82,0,98,13,0,5,25,-72,100,13,51.500082 -0.095409,58.0,-295.96,55,12,11.6,5.4,824,64,-0.05,0.01,-0.03,AH,0.0,-1,-1,813,-235,221,570,-1,-1,0,-1,-1,1,-1,-1,0x0000000000000000,1391,1500,1906,1500,2012,988,988,1500,988,988,1610,988,988,1785,1500,1500,1500,1500,1500,1500,1500,1500,1500,1500,1500,1500,1500,1500,1500,1500,1500,1500,7.6
2023-12-03,15:11:40.990,-79,0,100,13,0,5,25,-70,100,14,51.500062 -0.095408,54.3,-298.66,59,12,11.6,5.4,824,64,-0.05,0.01,-0.03,AH,0.0,-1,0,813,-175,221,570,-1,-1,0,-1,-1,1,-1,-1,0x0000000000000000,1421,1500,1906,1500,2012,988,988,1500,988,988,1610,988,988,1785,1500,1500,1500,1500,1500,1500,1500,1500,1500,1500,1500,1500,1500,1500,1500,1500,1500,1500,7.6
2023-12-03,15:11:41.490,-78,0,98,12,0,5,25,-69,100,14,51.500041 -0.095407,54.3,-298.66,59,12,11.6,5.4,824,64,-0.05,0.01,-0.03,AH,0.0,-1,-1,813,-1,221,570,-1,-1,0,-1,-1,1,-1,-1,0x0000000000000000,1500,1500,1906,1500,2012,988,988,1500,988,988,1610,988,988,1785,1500,1500,1500,1500,1500,1500,1500,1500,1500,1500,1500,1500,1500,1500,1500,1500,1500,1500,7.6
2023-12-03,15:11:41.990,-77,0,97,13,0,5,25,-69,100,14,51.500021 -0.095407,54.3,-298.66,59,12,11.6,5.4,824,64,-0.05,0.01,-0.03,AH,0.0,-2,0,814,-2,221,570,-1,-1,0,-1,-1,1,-1,-1,0x0000000000000000,1500,1500,1907,1500,2012,988,988,1500,988,988,1610,988,988,1785,1500,1500,1500,1500,1500,1500,1500,1500,1500,1500,1500,1500,1500,1500,1500,1500,1500,1500,7.6
2023-12-03,15:11:42.490,-78,0,100,13,0,5,25,-70,100,14,51.500000 -0.095407,54.3,-298.66,59,12,11.6,3.8,831,65,-0.05,0.01,-0.03,AH,0.0,-1,-45,814,-1,222,570,-1,-1,0,-1,-1,1,-1,-1,0x0000000000000000,1500,1488,1907,1500,2012,988,988,1500,988,988,1611,988,988,1785,1500,1500,1500,1500,1500,1500,1500,1500,1500,1500,1500,1500,1500,1500,1500,1500,1500,1500,7.6
2023-12-03,15:11:42.990,-80,0,96,13,0,5,25,-71,100,14,51.499979 -0.095407,54.3,-298.66,59,12,11.6,3.8,831,65,-0.05,0.01,-0.03,AH,0.0,-1,-306,814,4,222,570,-1,0,0,-1,-1,1,-1,-1,0x0000000000000000,1500,1355,1907,1500,2012,988,1500,1500,988,988,1611,988,988,1785,1500,1500,1500,1500,1500,1500,1500,1500,1500,1500,1500,1500,1500,1500,1500,1500,1500,1500,7.6
2023-12-03,15:11:43.490,-80,0,97,13,0,5,25,-72,100,13,51.499959 -0.095407,54.3,-298.66,59,12,11.6,3.8,831,65,0.0,0.0,-0.46,AH,0.0,-1,-171,813,260,222,570,-1,0,0,-1,-1,1,-1,-1,0x0000000000000000,1622,1423,1906,1500,2012,988,1500,1500,988,988,1611,988,988,1785,1500,1500,1500,1500,1500,1500,1500,1500,1500,1500,1500,1500,1500,1500,1500,1500,1500,1500,7.6
2023-12-03,15:11:43.990,-80,0,97,12,0,5,25,-71,100,13,51.499938 -0.095408,54.3,-298.66,59,12,11.6,3.8,831,65,0.0,0.0,-0.46,AIR,0.0,-1,-53,814,-178,222,570,-1,0,0,-1,-1,1,-1,-1,0x0000000000000000,1420,1484,1907,1500,2012,988,1500,1500,988,988,1611,988,988,1785,1500,1500,1500,1500,1500,1500,1500,1500,1500,1500,1500,1500,1500,1500,1500,1500,1500,1500,7.6
2023-12-03,15:11:44.490,-80,0,98,13,0,5,25,-73,100,14,51.499918 -0.095409,54.3,-298.66,59,12,11.6,3.8,831,65,0.0,0.0,-0.46,AIR,0.0,-1,-3,813,-10,222,570,-1,0,0,-1,-1,1,-1,-1,0x0000000000000000,1500,1500,1906,1500,2012,988,1500,1500,988,988,1611,988,988,1785,1500,1500,1500,1500,1500,1500,1500,1500,1500,1500,1500,1500,1500,1500,1500,1500,1500,1500,7.6
2023-12-03,15:11:44.990,-82,0,99,12,0,5,25,-74,100,13,51.499897 -0.095410,54.3,-298.66,59,12,11.6,3.8,831,65,0.0,0.0,-0.46,AIR,6.4,-1,18,813,-4,222,571,-1,0,0,-1,-1,1,-1,-1,0x0000000000000000,1500,1500,1906,1500,2012,988,1500,1500,988,988,1611,988,988,1785,1500,1500,1500,1500,1500,1500,1500,1500,1500,1500,1500,1500,1500,1500,1500,1500,1500,1500,7.6
2023-12-03,15:11:45.490,-81,0,97,13,0,5,25,-74,100,13,51.499877 -0.095411,54.3,-298.66,59,12,11.6,3.8,831,65,0.0,0.0,-0.46,AIR,6.4,-1,177,814,186,222,570,-1,0,0,-1,-1,1,-1,-1,0x0000000000000000,1584,1580,1907,1500,2012,988,1500,1500,988,988,1611,988,988,1785,1500,1500,1500,1500,1500,1500,1500,1500,1500,1500,1500,1500,1500,1500,1500,1500,1500,1500,7.6
2023-12-03,15:11:45.990,-82,0,98,12,0,5,25,-73,100,13,51.499856 -0.095412,54.3,-298.66,59,12,11.6,3.8,831,65,0.0,0.0,-0.46,AIR,6.4,-1,33,813,42,222,570,-1,0,0,-1,-1,1,-1,-1,0x0000000000000000,1511,1506,1906,1500,2012,988,1500,1500,988,988,1611,988,988,1785,1500,1500,1500,1500,1500,1500,1500,1500,1500,1500,1500,1500,1500,1500,1500,1500,1500,1500,7.6
2023-12-03,15:11:46.490,-84,0,99,12,0,5,25,-76,100,14,51.499836 -0.095414,54.3,-298.66,59,12,11.6,3.8,831,65,0.0,0.0,-0.46,AIR,6.4,-1,4,814,0,222,571,-1,0,0,-1,-1,1,-1,-1,0x0000000000000000,1500,1500,1907,1500,2012,988,1500,1500,988,988,1611,988,988,1785,1500,1500,1500,1500,1500,1500,1500,1500,1500,1500,1500,1500,1500,1500,1500,1500,1500,1500,7.6
2023-12-03,15:11:46.990,-87,0,98,12,0,5,25,-81,100,11,51.499816 -0.095416,55.2,322.9,65,12,11.6,3.8,831,65,0.0,0.0,-0.46,AIR,6.4,-1,4,814,-112,222,570,-1,0,0,-1,-1,1,-1,-1,0x0000000000000000,1454,1500,1907,1500,2012,988,1500,1500,988,988,1611,988,988,1785,1500,1500,1500,1500,1500,1500,1500,1500,1500,1500,1500,1500,1500,1500,1500,1500,1500,1500,7.6
2023-12-03,15:11:47.490,-90,0,100,10,0,5,25,-82,100,6,51.499795 -0.095418,55.2,322.9,65,12,11.6,3.8,831,65,0.0,0.0,-0.46,AIR,6.4,-1,19,814,34,222,570,-1,0,0,-1,-1,1,-1,-1,0x0000000000000000,1507,1500,1907,1500,2012,988,1500,1500,988,988,1611,988,988,1785,1500,1500,1500,1500,1500,1500,1500,1500,1500,1500,1500,1500,1500,1500,1500,1500,1500,1500,7.6
2023-12-03,15:11:47.990,-94,0,99,7,0,5,25,-80,100,12,51.499775 -0.095421,55.2,322.9,65,12,11.3,13.3,847,54,0.0,0.0,-0.46,AIR,6.4,-1,47,1024,-2,222,570,-1,0,0,-1,-1,1,-1,-1,0x0000000000000000,1500,1513,2012,1500,2012,988,1500,1500,988,988,1611,988,988,1785,1500,1500,1500,1500,1500,1500,1500,1500,1500,1500,1500,1500,1500,1500,1500,1500,1500,1500,7.6
2023-12-03,15:11:48.490,-94,0,99,9,0,5,25,-85,100,8,51.499754 -0.095424,55.2,322.9,65,12,11.3,13.3,847,54,0.0,0.0,-0.46,AIR,6.4,-1,150,1024,165,222,570,-1,0,0,-1,-1,1,-1,-1,0x0000000000000000,1573,1566,2012,1500,2012,988,1500,1500,988,988,1611,988,988,1785,1500,1500,1500,1500,1500,1500,1500,1500,1500,1500,1500,1500,1500,1500,1500,1500,1500,1500,7.6
2023-12-03,15:11:48.990,-90,0,98,11,0,5,25,-82,100,12,51.499734 -0.095427,55.2,322.9,65,12,11.3,13.3,847,54,-0.48,0.05,-0.57,AIR,6.4,-2,9,1024,2,222,570,-1,0,0,-1,-1,1,-1,-1,0x0000000000000000,1500,1500,2012,1500,2012,988,1500,1500,988,988,1611,988,988,1785,1500,1500,1500,1500,1500,1500,1500,1500,1500,1500,1500,1500,1500,1500,1500,1500,1500,1500,7.6
2023-12-03,15:11:49.490,-89,0,96,11,0,5,25,-78,100,12,51.499713 -0.095430,55.2,322.9,65,12,11.3,13.3,847,54,-0.48,0.05,-0.57,AIR,6.4,-1,4,1024,24,222,570,-1,0,0,-1,-1,1,-1,-1,0x0000000000000000,1502,1500,2012,1500,2012,988,1500,1500,988,988,1611,988,988,1785,1500,1500,1500,1500,1500,1500,1500,1500,1500,1500,1500,1500,1500,1500,1500,1500,1500,1500,7.6
2023-12-03,15:11:49.990,-87,0,97,12,0,5,25,-79,100,11,51.499693 -0.095433,55.2,322.9,65,12,11.3,13.3,847,54,-0.48,0.05,-0.57,AIR,6.4,-1,105,944,28,222,570,-1,0,0,-1,-1,1,-1,-1,0x0000000000000000,1504,1543,1972,1500,2012,988,1500,1500,988,988,1611,988,988,1785,1500,1500,1500,1500,1500,1500,1500,1500,1500,1500,1500,1500,1500,1500,1500,1500,1500,1500,7.6
2023-12-03,15:11:50.490,-85,0,98,11,0,5,25,-74,100,13,51.499673 -0.095437,55.2,322.9,65,12,11.3,13.3,847,54,-0.48,0.05,-0.57,AIR,4.0,-1,3,944,-167,222,570,-1,0,0,-1,-1,1,-1,-1,0x0000000000000000,1426,1500,1972,1500,2012,988,1500,1500,988,988,1611,988,988,1785,1500,1500,1500,1500,1500,1500,1500,1500,1500,1500,1500,1500,1500,1500,1500,1500,1500,1500,7.6
2023-12-03,15:11:50.990,-83,0,99,13,0,5,25,-73,100,13,51.499652 -0.095441,55.2,322.9,65,12,11.3,13.3,847,54,-0.48,0.05,-0.57,AIR,4.0,-1,-1,944,-146,222,571,-1,0,0,-1,-1,1,-1,-1,0x0000000000000000,1436,1500,1972,1500,2012,988,1500,1500,988,988,1611,988,988,1785,1500,1500,1500,1500,1500,1500,1500,1500,1500,1500,1500,1500,1500,1500,1500,1500,1500,1500,7.6
2023-12-03,15:11:51.490,-82,0,100,12,0,5,25,-73,100,13,51.499632 -0.095445,55.2,322.9,65,12,11.3,13.3,847,54,-0.48,0.05,-0.57,AIR,4.0,-2,-4,944,82,222,570,-1,0,0,-1,-1,1,-1,-1,0x0000000000000000,1531,1500,1972,1500,2012,988,1500,1500,988,988,1611,988,988,1785,1500,1500,1500,1500,1500,1500,1500,1500,1500,1500,1500,1500,1500,1500,1500,1500,1500,1500,7.6
2023-12-03,15:11:51.990,-81,0,98,13,0,5,25,-73,100,14,51.499612 -0.095449,55.2,322.9,65,12,11.3,13.3,847,54,-0.48,0.05,-0.57,AIR,4.0,-1,-10,944,4,222,570,-1,0,0,-1,-1,1,-1,-1,0x0000000000000000,1500,1500,1972,1500,2012,988,1500,1500,988,988,1611,988,988,1785,1500,1500,1500,1500,1500,1500,1500,1500,1500,1500,1500,1500,1500,1500,1500,1500,1500,1500,7.6
2023-12-03,15:11:52.490,-82,0,99,13,0,5,25,-73,100,14,51.499591 -0.095454,43.5,320.1,92,12,11.3,13.3,847,54,-0.48,0.05,-0.57,AIR,4.0,-1,0,944,-2,222,570,-1,0,0,-1,-1,1,-1,-1,0x0000000000000000,1500,1500,1972,1500,2012,988,1500,1500,988,988,1611,988,988,1785,1500,1500,1500,1500,1500,1500,1500,1500,1500,1500,1500,1500,1500,1500,1500,1500,1500,1500,7.6
2023-12-03,15:11:52.990,-81,0,100,12,0,5,25,-72,100,13,51.499571 -0.095459,43.5,320.1,92,12,11.3,13.3,847,54,-0.48,0.05,-0.57,AIR,4.0,-2,1,944,-1,198,570,-1,1,0,-1,-1,1,-1,-1,0x0000000000000000,1500,1500,1972,1500,2012,988,2012,1500,988,988,1599,988,988,1785,1500,1500,1500,1500,1500,1500,1500,1500,1500,1500,1500,1500,1500,1500,1500,1500,1500,1500,7.6
2023-12-03,15:11:53.490,-81,0,99,13,0,5,25,-71,100,13,51.499551 -0.095464,43.5,320.1,92,12,11.2,14.6,870,50,-0.48,0.05,-0.57,AIR,4.0,-1,-1,944,-1,208,570,-1,1,0,-1,-1,1,-1,-1,0x0000000000000000,1500,1500,1972,1500,2012,988,2012,1500,988,988,1604,988,988,1785,1500,1500,1500,1500,1500,1500,1500,1500,1500,1500,1500,1500,1500,1500,1500,1500,1500,1500,7.6
2023-12-03,15:11:53.990,-80,0,97,13,0,5,25,-71,100,13,51.499530 -0.095469,43.5,320.1,92,12,11.2,14.6,870,50,-0.48,0.05,-0.57,AIR,4.0,-1,0,944,-5,208,570,-1,1,0,-1,-1,1,-1,-1,0x0000000000000000,1500,1500,1972,1500,2012,988,2012,1500,988,988,1604,988,988,1785,1500,1500,1500,1500,1500,1500,1500,1500,1500,1500,1500,1500,1500,1500,1500,1500,1500,1500,7.6
2023-12-03,15:11:54.490,-80,0,98,12,0,5,25,-71,100,13,51.499510 -0.095475,43.5,320.1,92,12,11.2,14.6,870,50,-0.06,-0.03,-0.53,AIR,4.0,-1,-1,944,-1,208,570,-1,-1,0,-1,-1,1,-1,-1,0x0000000000000000,1500,1500,1972,1500,2012,988,988,1500,988,988,1604,988,988,1785,1500,1500,1500,1500,1500,1500,1500,1500,1500,1500,1500,1500,1500,1500,1500,1500,1500,1500,7.6
2023-12-03,15:11:54.990,-80,0,97,12,0,5,25,-71,100,13,51.499490 -0.095480,43.5,320.1,92,12,11.2,14.6,870,50,-0.06,-0.03,-0.53,AIR,4.0,-1,-1,944,-2,208,570,-1,-1,0,-1,-1,1,-1,-1,0x0000000000000000,1500,1500,1972,1500,2012,988,988,1500,988,988,1604,988,988,1785,1500,1500,1500,1500,1500,1500,1500,1500,1500,1500,1500,1500,1500,1500,1500,1500,1500,1500,7.6
2023-12-03,15:11:55.490,-80,0,100,12,0,5,25,-72,100,14,51.499470 -0.095486,43.5,320.1,92,12,11.2,14.6,870,50,-0.06,-0.03,-0.53,AH,4.0,-1,-1,944,-1,208,570,-1,-1,0,-1,-1,1,-1,-1,0x0000000000000000,1500,1500,1972,1500,2012,988,988,1500,988,988,1604,988,988,1785,1500,1500,1500,1500,1500,1500,1500,1500,1500,1500,1500,1500,1500,1500,1500,1500,1500,1500,7.6
2023-12-03,15:11:55.990,-81,0,99,13,0,5,25,-72,100,12,51.499450 -0.095493,43.5,320.1,92,12,11.2,14.6,870,50,-0.06,-0.03,-0.53,AH,-0.5,-1,0,944,-1,208,570,-1,-1,0,-1,-1,1,-1,-1,0x0000000000000000,1500,1500,1972,1500,2012,988,988,1500,988,988,1604,988,988,1785,1500,1500,1500,1500,1500,1500,1500,1500,1500,1500,1500,1500,1500,1500,1500,1500,1500,1500,7.6
2023-12-03,15:11:56.490,-81,0,99,12,0,5,25,-76,100,12,51.499430 -0.095499,43.5,320.1,92,12,11.2,14.6,870,50,-0.06,-0.03,-0.53,AH,-0.5,-2,-1,944,-131,208,570,-1,-1,0,-1,-1,1,-1,-1,0x0000000000000000,1444,1500,1972,1500,2012,988,988,1500,988,988,1604,988,988,1785,1500,1500,1500,1500,1500,1500,1500,1500,1500,1500,1500,1500,1500,1500,1500,1500,1500,1500,7.6
2023-12-03,15:11:56.990,-82,0,97,12,0,5,25,-75,100,12,51.499410 -0.095506,43.5,320.1,92,12,11.2,14.6,870,50,-0.06,-0.03,-0.53,AH,-0.5,-1,-1,944,-7,208,570,-1,-1,0,-1,-1,1,-1,-1,0x0000000000000000,1500,1500,1972,1500,2012,988,988,1500,988,988,1604,988,988,1785,1500,1500,1500,1500,1500,1500,1500,1500,1500,1500,1500,1500,1500,1500,1500,1500,1500,1500,7.6
2023-12-03,15:11:57.490,-85,0,100,13,0,5,25,-76,100,13,51.499389 -0.095513,43.5,320.1,92,12,11.2,14.6,870,50,-0.06,-0.03,-0.53,AH,-0.5,-1,-3,944,-2,208,570,-1,-1,0,-1,-1,1,-1,-1,0x0000000000000000,1500,1500,1972,1500,2012,988,988,1500,988,988,1604,988,988,1785,1500,1500,1500,1500,1500,1500,1500,1500,1500,1500,1500,1500,1500,1500,1500,1500,1500,1500,7.6
2023-12-03,15:11:57.990,-92,0,99,8,0,5,25,-87,100,8,51.499369 -0.095520,59.8,326.2,109,12,11.2,14.6,870,50,-0.06,-0.03,-0.53,AH,-0.5,-1,-1,944,-188,208,570,-1,-1,0,-1,-1,1,-1,-1,0x0000000000000000,1415,1500,1972,1500,2012,988,988,1500,988,988,1604,988,988,1785,1500,1500,1500,1500,1500,1500,1500,1500,1500,1500,1500,1500,1500,1500,1500,1500,1500,1500,7.6
2023-12-03,15:11:58.490,-93,0,95,7,0,5,25,-87,100,9,51.499349 -0.095527,59.8,326.2,109,12,11.2,14.6,870,50,-0.06,-0.03,-0.53,AH,-0.5,-1,-1,944,-7,208,570,-1,-1,0,-1,-1,1,-1,-1,0x0000000000000000,1500,1500,1972,1500,2012,988,988,1500,988,988,1604,988,988,1785,1500,1500,1500,1500,1500,1500,1500,1500,1500,1500,1500,1500,1500,1500,1500,1500,1500,1500,7.6
2023-12-03,15:11:58.990,-95,0,93,8,0,5,25,-85,100,11,51.499329 -0.095535,59.8,326.2,109,12,11.5,3.6,882,61,-0.06,-0.03,-0.53,AH,-0.5,-2,-1,944,-1,208,571,-1,-1,0,-1,-1,1,-1,-1,0x0000000000000000,1500,1500,1972,1500,2012,988,988,1500,988,988,1604,988,988,1785,1500,1500,1500,1500,1500,1500,1500,1500,1500,1500,1500,1500,1500,1500,1500,1500,1500,1500,7.6
2023-12-03,15:11:59.490,-92,0,92,10,0,5,25,-80,100,12,51.499310 -0.095543,59.8,326.2,109,12,11.5,3.6,882,61,-0.06,-0.03,-0.53,AH,-0.5,-1,-1,944,-2,208,570,-1,-1,0,-1,-1,1,-1,-1,0x0000000000000000,1500,1500,1972,1500,2012,988,988,1500,988,988,1604,988,988,1785,1500,1500,1500,1500,1500,1500,1500,1500,1500,1500,1500,1500,1500,1500,1500,1500,1500,1500,7.6
2023-12-03,15:11:59.990,-89,0,94,11,0,5,25,-79,100,12,51.499290 -0.095551,59.8,326.2,109,12,11.5,3.6,882,61,0.02,0.0,-0.59,AH,-0.5,-2,0,877,-1,208,570,-1,-1,0,-1,-1,1,-1,-1,0x0000000000000000,1500,1500,1938,1500,2012,988,988,1500,988,988,1604,988,988,1785,1500,1500,1500,1500,1500,1500,1500,1500,1500,1500,1500,1500,1500,1500,1500,1500,1500,1500,7.6
2023-12-03,15:12:00.490,-87,0,98,12,0,5,25,-77,100,12,51.499270 -0.095559,59.8,326.2,109,12,11.5,3.6,882,61,0.02,0.0,-0.59,AH,-0.5,-1,0,539,-2,208,570,-1,-1,0,-1,-1,1,-1,-1,0x0000000000000000,1500,1500,1769,1500,2012,988,988,1500,988,988,1604,988,988,1785,1500,1500,1500,1500,1500,1500,1500,1500,1500,1500,1500,1500,1500,1500,1500,1500,1500,1500,7.6
2023-12-03,15:12:00.990,-84,0,98,12,0,5,25,-76,100,13,51.499250 -0.095567,59.8,326.2,109,12,11.5,3.6,882,61,0.02,0.0,-0.59,AH,-0.5,-1,-1,482,-2,208,570,-1,-1,0,-1,-1,1,-1,-1,0x0000000000000000,1500,1500,1741,1500,2012,988,988,1500,988,988,1604,988,988,1785,1500,1500,1500,1500,1500,1500,1500,1500,1500,1500,1500,1500,1500,1500,1500,1500,1500,1500,7.6
2023-12-03,15:12:01.490,-84,0,99,12,0,5,25,-72,100,9,51.499230 -0.095576,59.8,326.2,109,12,11.5,3.6,882,61,0.02,0.0,-0.59,AH,0.4,-1,0,780,-2,208,570,-1,-1,0,-1,-1,1,-1,-1,0x0000000000000000,1500,1500,1890,1500,2012,988,988,1500,988,988,1604,988,988,1785,1500,1500,1500,1500,1500,1500,1500,1500,1500,1500,1500,1500,1500,1500,1500,1500,1500,1500,7.6
2023-12-03,15:12:01.990,-84,0,99,13,0,5,25,-75,100,13,51.499211 -0.095585,59.8,326.2,109,12,11.5,3.6,882,61,0.02,0.0,-0.59,AH,0.4,-1,0,780,-1,208,570,-1,-1,0,-1,-1,1,-1,-1,0x0000000000000000,1500,1500,1890,1500,2012,988,988,1500,988,988,1604,988,988,1785,1500,1500,1500,1500,1500,1500,1500,1500,1500,1500,1500,1500,1500,1500,1500,1500,1500,1500,7.6
2023-12-03,15:12:02.490,-84,0,100,12,0,5,25,-74,100,11,51.499191 -0.095594,59.8,326.2,109,12,11.5,3.6,882,61,0.02,0.0,-0.59,AH,0.4,-1,0,780,-2,208,570,-1,-1,0,-1,-1,1,-1,-1,0x0000000000000000,1500,1500,1890,1500,2012,988,988,1500,988,988,1604,988,988,1785,1500,1500,1500,1500,1500,1500,1500,1500,1500,1500,1500,1500,1500,1500,1500,1500,1500,1500,7.6
2023-12-03,15:12:02.990,-84,0,100,12,0,5,25,-76,100,12,51.499171 -0.095604,59.8,326.2,109,12,11.5,3.6,882,61,0.02,0.0,-0.59,AH,0.4,-2,1,780,0,208,570,-1,-1,0,-1,-1,1,-1,-1,0x0000000000000000,1500,1500,1890,1500,2012,988,988,1500,988,988,1604,988,988,1785,1500,1500,1500,1500,1500,1500,1500,1500,1500,1500,1500,1500,1500,1500,1500,1500,1500,1500,7.6
2023-12-03,15:12:03.490,-82,0,98,13,0,5,25,-74,100,13,51.499152 -0.095614,48.1,324.9,108,12,11.5,3.6,882,61,0.02,0.0,-0.59,AH,0.4,-1,1,780,-2,208,570,-1,-1,0,-1,-1,1,-1,-1,0x0000000000000000,1500,1500,1890,1500,2012,988,988,1500,988,988,1604,988,988,1785,1500,1500,1500,1500,1500,1500,1500,1500,1500,1500,1500,1500,1500,1500,1500,1500,1500,1500,7.6
2023-12-03,15:12:03.990,-83,0,97,12,0,5,25,-74,100,13,51.499132 -0.095623,48.1,324.9,108,12,11.5,3.6,882,61,0.02,0.0,-0.59,AH,0.4,-1,1,780,-2,208,570,-1,-1,0,-1,-1,1,-1,-1,0x0000000000000000,1500,1500,1890,1500,2012,988,988,1500,988,988,1604,988,988,1785,1500,1500,1500,1500,1500,1500,1500,1500,1500,1500,1500,1500,1500,1500,1500,1500,1500,1500,7.6
2023-12-03,15:12:04.490,-82,0,99,13,0,5,25,-75,100,12,51.499112 -0.095634,48.1,324.9,108,12,11.5,4.4,888,62,0.02,0.0,-0.59,AH,0.4,-2,0,780,-5,208,570,-1,-1,0,-1,-1,1,-1,-1,0x0000000000000000,1500,1500,1890,1500,2012,988,988,1500,988,988,1604,988,988,1785,1500,1500,1500,1500,1500,1500,1500,1500,1500,1500,1500,1500,1500,1500,1500,1500,1500,1500,7.6
2023-12-03,15:12:04.990,-82,0,99,12,0,5,25,-73,100,14,51.499093 -0.095644,48.1,324.9,108,12,11.5,4.4,888,62,0.02,0.0,-0.59,AH,0.4,-1,1,780,-2,208,570,-1,-1,0,-1,-1,1,-1,-1,0x0000000000000000,1500,1500,1890,1500,2012,988,988,1500,988,988,1604,988,988,1785,1500,1500,1500,1500,1500,1500,1500,1500,1500,1500,1500,1500,1500,1500,1500,1500,1500,1500,7.6
2023-12-03,15:12:05.490,-86,0,98,13,0,5,25,-87,100,7,51.499074 -0.095654,48.1,324.9,108,12,11.5,4.4,888,62,-0.03,0.0,-0.61,AH,0.4,-2,4,780,-4,208,570,-1,-1,0,-1,-1,1,-1,-1,0x0000000000000000,1500,1500,1890,1500,2012,988,988,1500,988,988,1604,988,988,1785,1500,1500,1500,1500,1500,1500,1500,1500,1500,1500,1500,1500,1500,1500,1500,1500,1500,1500,7.6
2023-12-03,15:12:05.990,-96,0,95,6,0,5,25,-95,100,0,51.499054 -0.095665,48.1,324.9,108,12,11.5,4.4,888,62,-0.03,0.0,-0.61,AH,0.4,-1,-1,780,-2,208,570,-1,-1,0,-1,-1,1,-1,-1,0x0000000000000000,1500,1500,1890,1500,2012,988,988,1500,988,988,1604,988,988,1785,1500,1500,1500,1500,1500,1500,1500,1500,1500,1500,1500,1500,1500,1500,1500,1500,1500,1500,7.6
2023-12-03,15:12:06.490,-102,0,95,1,0,5,25,-92,100,1,51.499035 -0.095676,48.1,324.9,108,12,11.5,4.4,888,62,-0.03,0.0,-0.61,AH,0.4,-1,0,780,-2,208,570,-1,-1,0,-1,-1,1,-1,-1,0x0000000000000000,1500,1500,1890,1500,2012,988,988,1500,988,988,1604,988,988,1785,1500,1500,1500,1500,1500,1500,1500,1500,1500,1500,1500,1500,1500,1500,1500,1500,1500,1500,7.6
2023-12-03,15:12:06.990,-100,0,94,4,0,5,25,-90,100,7,51.499016 -0.095687,48.1,324.9,108,12,11.5,4.4,888,62,-0.03,0.0,-0.61,AH,0.4,-1,-1,780,-4,208,570,-1,-1,0,-1,-1,1,-1,-1,0x0000000000000000,1500,1500,1890,1500,2012,988,988,1500,988,988,1604,988,988,1785,1500,1500,1500,1500,1500,1500,1500,1500,1500,1500,1500,1500,1500,1500,1500,1500,1500,1500,7.6
2023-12-03,15:12:07.490,-98,0,99,4,0,5,25,-90,100,3,51.498996 -0.095699,48.1,324.9,108,12,11.5,4.4,888,62,-0.03,0.0,-0.61,AH,0.0,-1,-1,780,-2,208,570,-1,-1,0,-1,-1,1,-1,-1,0x0000000000000000,1500,1500,1890,1500,2012,988,988,1500,988,988,1604,988,988,1785,1500,1500,1500,1500,1500,1500,1500,1500,1500,1500,1500,1500,1500,1500,1500,1500,1500,1500,7.6
2023-12-03,15:12:07.990,-96,0,97,5,0,5,25,-75,100,13,51.498977 -0.095711,48.1,324.9,108,12,11.5,4.4,888,62,-0.03,0.0,-0.61,AH,0.0,-1,-1,780,-2,208,570,-1,-1,0,-1,-1,1,-1,-1,0x0000000000000000,1500,1500,1890,1500,2012,988,988,1500,988,988,1604,988,988,1785,1500,1500,1500,1500,1500,1500,1500,1500,1500,1500,1500,1500,1500,1500,1500,1500,1500,1500,7.6
2023-12-03,15:12:08.490,-88,0,99,12,0,5,25,-76,100,13,51.498958 -0.095722,48.1,324.9,108,12,11.5,4.4,888,62,-0.03,0.0,-0.61,AH,0.0,-2,-1,780,-1,208,570,-1,-1,0,-1,-1,1,-1,-1,0x0000000000000000,1500,1500,1890,1500,2012,988,988,1500,988,988,1604,988,988,1785,1500,1500,1500,1500,1500,1500,1500,1500,1500,1500,1500,1500,1500,1500,1500,1500,1500,1500,7.6
2023-12-03,15:12:08.990,-84,0,99,12,0,5,25,-73,100,12,51.498939 -0.095735,39.6,-326.86,109,12,11.5,4.4,888,62,-0.03,0.0,-0.61,AH,0.0,-1,-1,780,-1,208,570,-1,-1,0,-1,-1,1,-1,-1,0x0000000000000000,1500,1500,1890,1500,2012,988,988,1500,988,988,1604,988,988,1785,1500,1500,1500,1500,1500,1500,1500,1500,1500,1500,1500,1500,1500,1500,1500,1500,1500,1500,7.6
2023-12-03,15:12:09.490,-82,0,97,12,0,5,25,-73,100,14,51.498920 -0.095747,39.6,-326.86,109,12,11.5,4.4,888,62,-0.03,0.0,-0.61,AH,0.0,-1,-1,780,-115,208,570,-1,-1,0,-1,-1,1,-1,-1,0x0000000000000000,1452,1500,1890,1500,2012,988,988,1500,988,988,1604,988,988,1785,1500,1500,1500,1500,1500,1500,1500,1500,1500,1500,1500,1500,1500,1500,1500,1500,1500,1500,7.6
2023-12-03,15:12:09.990,-83,0,98,13,0,5,25,-73,100,13,51.498901 -0.095759,39.6,-326.86,109,12,11.5,4.4,888,62,-0.03,0.0,-0.61,AH,0.0,-1,-1,780,-2,208,570,-1,-1,0,-1,-1,1,-1,-1,0x0000000000000000,1500,1500,1890,1500,2012,988,988,1500,988,988,1604,988,988,1785,1500,1500,1500,1500,1500,1500,1500,1500,1500,1500,1500,1500,1500,1500,1500,1500,1500,1500,7.6
2023-12-03,15:12:10.490,-82,0,100,12,0,5,25,-74,100,13,51.498882 -0.095772,39.6,-326.86,109,12,11.5,4.3,895,62,-0.03,0.0,-0.61,AH,0.0,-2,-1,780,-2,208,570,-1,-1,0,-1,-1,1,-1,-1,0x0000000000000000,1500,1500,1890,1500,2012,988,988,1500,988,988,1604,988,988,1785,1500,1500,1500,1500,1500,1500,1500,1500,1500,1500,1500,1500,1500,1500,1500,1500,1500,1500,7.6
2023-12-03,15:12:10.990,-83,0,98,13,0,5,25,-76,100,13,51.498863 -0.095785,39.6,-326.86,109,12,11.5,4.3,895,62,-0.02,-0.02,-0.52,AH,0.0,-1,0,780,-2,208,570,-1,-1,0,-1,-1,1,-1,-1,0x0000000000000000,1500,1500,1890,1500,2012,988,988,1500,988,988,1604,988,988,1785,1500,1500,1500,1500,1500,1500,1500,1500,1500,1500,1500,1500,1500,1500,1500,1500,1500,1500,7.6
2023-12-03,15:12:11.490,-83,0,98,12,0,5,25,-76,100,13,51.498844 -0.095798,39.6,-326.86,109,12,11.5,4.3,895,62,-0.02,-0.02,-0.52,AH,0.0,-1,-1,780,-1,208,570,-1,-1,0,-1,-1,1,-1,-1,0x0000000000000000,1500,1500,1890,1500,2012,988,988,1500,988,988,1604,988,988,1785,1500,1500,1500,1500,1500,1500,1500,1500,1500,1500,1500,1500,1500,1500,1500,1500,1500,1500,7.6
2023-12-03,15:12:11.990,-85,0,99,12,0,5,25,-75,100,12,51.498826 -0.095812,39.6,-326.86,109,12,11.5,4.3,895,62,-0.02,-0.02,-0.52,AH,0.0,-1,-1,780,0,208,570,-1,-1,0,-1,-1,1,-1,-1,0x0000000000000000,1500,1500,1890,1500,2012,988,988,1500,988,988,1604,988,988,1785,1500,1500,1500,1500,1500,1500,1500,1500,1500,1500,1500,1500,1500,1500,1500,1500,1500,1500,7.6
2023-12-03,15:12:12.490,-84,0,98,12,0,5,25,-75,100,13,51.498807 -0.095826,39.6,-326.86,109,12,11.5,4.3,895,62,-0.02,-0.02,-0.52,AH,0.0,-1,0,780,0,208,570,-1,-1,0,-1,-1,1,-1,-1,0x0000000000000000,1500,1500,1890,1500,2012,988,988,1500,988,988,1604,988,988,1785,1500,1500,1500,1500,1500,1500,1500,1500,1500,1500,1500,1500,1500,1500,1500,1500,1500,1500,7.6
2023-12-03,15:12:12.990,-85,0,99,12,0,5,25,-76,100,13,51.498788 -0.095839,39.6,-326.86,109,12,11.5,4.3,895,62,-0.02,-0.02,-0.52,AH,0.0,-1,0,780,-1,208,570,-1,-1,0,-1,-1,1,-1,-1,0x0000000000000000,1500,1500,1890,1500,2012,988,988,1500,988,988,1604,988,988,1785,1500,1500,1500,1500,1500,1500,1500,1500,1500,1500,1500,1500,1500,1500,1500,1500,1500,1500,7.6
2023-12-03,15:12:13.490,-86,0,98,11,0,5,25,-78,100,12,51.498770 -0.095853,39.6,-326.86,109,12,11.5,4.3,895,62,-0.02,-0.02,-0.52,AH,0.0,-1,-1,780,-1,208,570,-1,-1,0,-1,-1,1,-1,-1,0x0000000000000000,1500,1500,1890,1500,2012,988,988,1500,988,988,1604,988,988,1785,1500,1500,1500,1500,1500,1500,1500,1500,1500,1500,1500,1500,1500,1500,1500,1500,1500,1500,7.6
2023-12-03,15:12:13.990,-86,0,99,12,0,5,25,-79,100,12,51.498751 -0.095868,39.6,-326.86,109,12,11.5,4.3,895,62,-0.02,-0.02,-0.52,AH,0.0,-1,1,780,-5,208,571,-1,-1,0,-1,-1,1,-1,-1,0x0000000000000000,1500,1500,1890,1500,2012,988,988,1500,988,988,1604,988,988,1785,1500,1500,1500,1500,1500,1500,1500,1500,1500,1500,1500,1500,1500,1500,1500,1500,1500,1500,7.6
2023-12-03,15:12:14.490,-87,0,100,11,0,5,25,-80,100,12,51.498733 -0.095882,41.8,-325.16,109,12,11.5,4.3,895,62,-0.02,-0.02,-0.52,AH,0.0,-1,3,780,-7,208,570,-1,-1,0,-1,-1,1,-1,-1,0x0000000000000000,1500,1500,1890,1500,2012,988,988,1500,988,988,1604,988,988,1785,1500,1500,1500,1500,1500,1500,1500,1500,1500,1500,1500,1500,1500,1500,1500,1500,1500,1500,7.6
2023-12-03,15:12:14.990,-89,0,95,12,0,5,25,-79,100,12,51.498715 -0.095897,41.8,-325.16,109,12,11.5,4.3,895,62,-0.02,-0.02,-0.52,AH,0.0,-1,1,780,-5,208,570,-1,-1,0,-1,-1,1,-1,-1,0x0000000000000000,1500,1500,1890,1500,2012,988,988,1500,988,988,1604,988,988,1785,1500,1500,1500,1500,1500,1500,1500,1500,1500,1500,1500,1500,1500,1500,1500,1500,1500,1500,7.6
2023-12-03,15:12:15.490,-90,0,94,10,0,5,25,-80,100,12,51.498696 -0.095912,41.8,-325.16,109,12,11.5,4.3,895,62,-0.02,-0.02,-0.52,AH,0.0,-1,0,780,-5,208,570,-1,-1,0,-1,-1,1,-1,-1,0x0000000000000000,1500,1500,1890,1500,2012,988,988,1500,988,988,1604,988,988,1785,1500,1500,1500,1500,1500,1500,1500,1500,1500,1500,1500,1500,1500,1500,1500,1500,1500,1500,7.6
2023-12-03,15:12:15.990,-90,0,97,9,0,5,25,-80,100,12,51.498678 -0.095927,41.8,-325.16,109,12,11.6,4.3,901,62,-0.02,-0.02,-0.52,AH,0.0,-1,1,780,-5,208,571,-1,-1,0,-1,-1,1,-1,-1,0x0000000000000000,1500,1500,1890,1500,2012,988,988,1500,988,988,1604,988,988,1785,1500,1500,1500,1500,1500,1500,1500,1500,1500,1500,1500,1500,1500,1500,1500,1500,1500,1500,7.6
2023-12-03,15:12:16.490,-92,0,100,10,0,5,25,-82,100,11,51.498660 -0.095942,41.8,-325.16,109,12,11.6,4.3,901,62,-0.03,0.0,-0.41,AH,0.0,-2,3,780,-5,208,570,-1,-1,0,-1,-1,1,-1,-1,0x0000000000000000,1500,1500,1890,1500,2012,988,988,1500,988,988,1604,988,988,1785,1500,1500,1500,1500,1500,1500,1500,1500,1500,1500,1500,1500,1500,1500,1500,1500,1500,1500,7.6
2023-12-03,15:12:16.990,-91,0,97,8,0,5,25,-82,100,12,51.498642 -0.095958,41.8,-325.16,109,12,11.6,4.3,901,62,-0.03,0.0,-0.41,AH,0.0,-1,-1,780,-1,208,570,-1,-1,0,-1,-1,1,-1,-1,0x0000000000000000,1500,1500,1890,1500,2012,988,988,1500,988,988,1604,988,988,1785,1500,1500,1500,1500,1500,1500,1500,1500,1500,1500,1500,1500,1500,1500,1500,1500,1500,1500,7.6
2023-12-03,15:12:17.490,-93,0,96,8,0,5,25,-87,100,6,51.498624 -0.095974,41.8,-325.16,109,12,11.6,4.3,901,62,-0.03,0.0,-0.41,AH,0.0,-1,-1,780,-58,208,570,-1,-1,0,-1,-1,1,-1,-1,0x0000000000000000,1481,1500,1890,1500,2012,988,988,1500,988,988,1604,988,988,1785,1500,1500,1500,1500,1500,1500,1500,1500,1500,1500,1500,1500,1500,1500,1500,1500,1500,1500,7.6
2023-12-03,15:12:17.990,-95,0,96,8,0,5,25,-88,100,6,51.498606 -0.095990,41.8,-325.16,109,12,11.6,4.3,901,62,-0.03,0.0,-0.41,AH,0.0,-1,0,780,-1,208,570,-1,-1,0,-1,-1,1,-1,-1,0x0000000000000000,1500,1500,1890,1500,2012,988,988,1500,988,988,1604,988,988,1785,1500,1500,1500,1500,1500,1500,1500,1500,1500,1500,1500,1500,1500,1500,1500,1500,1500,1500,7.6
2023-12-03,15:12:18.490,-97,0,99,6,0,5,25,-87,100,7,51.498588 -0.096006,41.8,-325.16,109,12,11.6,4.3,901,62,-0.03,0.0,-0.41,AH,0.0,-1,6,780,376,208,570,-1,-1,0,-1,-1,1,-1,-1,0x0000000000000000,1681,1500,1890,1500,2012,988,988,1500,988,988,1604,988,988,1785,1500,1500,1500,1500,1500,1500,1500,1500,1500,1500,1500,1500,1500,1500,1500,1500,1500,1500,7.6
2023-12-03,15:12:18.990,-99,0,94,6,0,5,25,-97,100,-3,51.498570 -0.096022,41.8,-325.16,109,12,11.6,4.3,901,62,-0.03,0.0,-0.41,AH,0.0,-1,12,780,436,208,570,-1,-1,0,-1,-1,1,-1,-1,0x0000000000000000,1721,1504,1890,1500,2012,988,988,1500,988,988,1604,988,988,1785,1500,1500,1500,1500,1500,1500,1500,1500,1500,1500,1500,1500,1500,1500,1500,1500,1500,1500,7.6
2023-12-03,15:12:19.490,-102,0,98,1,0,5,25,-97,100,-2,51.498553 -0.096039,41.8,-325.16,109,12,11.6,4.3,901,62,-0.03,0.0,-0.41,AH,0.0,-1,13,780,439,208,571,-1,-1,0,-1,-1,1,-1,-1,0x0000000000000000,1713,1500,1890,1500,2012,988,988,1500,988,988,1604,988,988,1785,1500,1500,1500,1500,1500,1500,1500,1500,1500,1500,1500,1500,1500,1500,1500,1500,1500,1500,7.6
2023-12-03,15:12:19.990,-103,0,95,0,0,5,25,-91,100,6,51.498535 -0.096055,41.8,-325.16,109,12,11.6,4.3,901,62,-0.03,0.0,-0.41,AH,0.0,-1,7,780,409,208,570,-1,-1,0,-1,-1,1,-1,-1,0x0000000000000000,1698,1500,1890,1500,2012,988,988,1500,988,988,1604,988,988,1785,1500,1500,1500,1500,1500,1500,1500,1500,1500,1500,1500,1500,1500,1500,1500,1500,1500,1500,7.6
2023-12-03,15:12:20.490,-103,0,88,0,0,5,50,-102,96,-7,51.498517 -0.096072,45.0,-316.06,109,12,11.6,4.3,901,62,-0.03,0.0,-0.41,AH,0.0,-1,9,780,413,208,570,-1,-1,0,-1,-1,1,-1,-1,0x0000000000000000,1700,1500,1890,1500,2012,988,988,1500,988,988,1604,988,988,1785,1500,1500,1500,1500,1500,1500,1500,1500,1500,1500,1500,1500,1500,1500,1500,1500,1500,1500,7.6
2023-12-03,15:12:20.990,-102,0,86,2,0,5,100,-91,96,5,51.498500 -0.096090,45.0,-316.06,109,12,11.6,4.3,901,62,-0.03,0.0,-0.41,AH,0.0,-1,7,780,409,208,570,-1,-1,0,-1,-1,1,-1,-1,0x0000000000000000,1698,1500,1890,1500,2012,988,988,1500,988,988,1604,988,988,1785,1500,1500,1500,1500,1500,1500,1500,1500,1500,1500,1500,1500,1500,1500,1500,1500,1500,1500,7.6
2023-12-03,15:12:21.490,-98,0,96,5,0,5,100,-95,96,1,51.498482 -0.096107,45.0,-316.06,109,12,11.6,4.3,901,62,-0.03,0.0,-0.41,AH,0.0,-1,10,780,406,208,570,-1,-1,0,-1,-1,1,-1,-1,0x0000000000000000,1696,1500,1890,1500,2012,988,988,1500,988,988,1604,988,988,1785,1500,1500,1500,1500,1500,1500,1500,1500,1500,1500,1500,1500,1500,1500,1500,1500,1500,1500,7.6
2023-12-03,15:12:21.990,-98,0,96,6,0,5,100,-94,96,4,51.498465 -0.096125,45.0,-316.06,109,12,11.5,4.4,908,62,-0.03,0.0,-0.41,AH,0.0,-1,7,780,395,208,570,-1,-1,0,-1,-1,1,-1,-1,0x0000000000000000,1691,1500,1890,1500,2012,988,988,1500,988,988,1604,988,988,1785,1500,1500,1500,1500,1500,1500,1500,1500,1500,1500,1500,1500,1500,1500,1500,1500,1500,1500,7.6
2023-12-03,15:12:22.490,-98,0,94,5,0,5,100,-94,96,3,51.498448 -0.096142,45.0,-316.06,109,12,11.5,4.4,908,62,-0.07,0.27,0.44,AH,0.0,-1,7,781,386,208,570,-1,-1,0,-1,-1,1,-1,-1,0x0000000000000000,1686,1500,1890,1500,2012,988,988,1500,988,988,1604,988,988,1785,1500,1500,1500,1500,1500,1500,1500,1500,1500,1500,1500,1500,1500,1500,1500,1500,1500,1500,7.6
2023-12-03,15:12:22.990,-97,0,94,6,0,5,100,-91,96,7,51.498431 -0.096160,45.0,-316.06,109,12,11.5,4.4,908,62,-0.07,0.27,0.44,AH,0.0,-1,7,780,387,208,570,-1,-1,0,-1,-1,1,-1,-1,0x0000000000000000,1687,1500,1890,1500,2012,988,988,1500,988,988,1604,988,988,1785,1500,1500,1500,1500,1500,1500,1500,1500,1500,1500,1500,1500,1500,1500,1500,1500,1500,1500,7.6
2023-12-03,15:12:23.490,-94,0,99,7,0,5,100,-92,96,4,51.498414 -0.096179,45.0,-316.06,109,12,11.5,4.4,908,62,-0.07,0.27,0.44,AH,0.0,-1,7,780,386,208,570,-1,-1,0,-1,-1,1,-1,-1,0x0000000000000000,1686,1500,1890,1500,2012,988,988,1500,988,988,1604,988,988,1785,1500,1500,1500,1500,1500,1500,1500,1500,1500,1500,1500,1500,1500,1500,1500,1500,1500,1500,7.6
2023-12-03,15:12:23.990,-96,0,98,7,0,5,100,-92,96,2,51.498397 -0.096197,45.0,-316.06,109,12,11.5,4.4,908,62,-0.07,0.27,0.44,AH,0.0,-1,6,780,380,208,571,-1,-1,0,-1,-1,1,-1,-1,0x0000000000000000,1683,1500,1890,1500,2012,988,988,1500,988,988,1604,988,988,1785,1500,1500,1500,1500,1500,1500,1500,1500,1500,1500,1500,1500,1500,1500,1500,1500,1500,1500,7.6
2023-12-03,15:12:24.490,-96,0,97,7,0,5,100,-92,96,2,51.498380 -0.096215,45.0,-316.06,109,12,11.5,4.4,908,62,-0.07,0.27,0.44,AH,0.7,-1,6,780,375,208,570,-1,-1,0,-1,-1,1,-1,-1,0x0000000000000000,1681,1500,1890,1500,2012,988,988,1500,988,988,1604,988,988,1785,1500,1500,1500,1500,1500,1500,1500,1500,1500,1500,1500,1500,1500,1500,1500,1500,1500,1500,7.6
2023-12-03,15:12:24.990,-96,0,94,8,0,5,50,-83,96,11,51.498363 -0.096234,45.0,-316.06,109,12,11.5,4.4,908,62,-0.07,0.27,0.44,AH,0.7,-1,6,780,373,208,570,-1,-1,0,-1,-1,1,-1,-1,0x0000000000000000,1680,1500,1890,1500,2012,988,988,1500,988,988,1604,988,988,1785,1500,1500,1500,1500,1500,1500,1500,1500,1500,1500,1500,1500,1500,1500,1500,1500,1500,1500,7.6
2023-12-03,15:12:25.490,-98,0,93,3,0,5,50,-92,100,0,51.498346 -0.096253,45.0,-316.06,109,12,11.5,4.4,908,62,-0.07,0.27,0.44,AH,0.7,-1,6,780,369,208,570,-1,-1,0,-1,-1,1,-1,-1,0x0000000000000000,1677,1500,1890,1500,2012,988,988,1500,988,988,1604,988,988,1785,1500,1500,1500,1500,1500,1500,1500,1500,1500,1500,1500,1500,1500,1500,1500,1500,1500,1500,7.6
2023-12-03,15:12:25.990,-97,0,98,5,0,5,50,-92,100,2,51.498329 -0.096272,64.0,63.0,107,12,11.5,4.4,908,62,-0.07,0.27,0.44,AH,0.7,-1,6,780,362,208,570,-1,-1,0,-1,-1,1,-1,-1,0x0000000000000000,1674,1500,1890,1500,2012,988,988,1500,988,988,1604,988,988,1785,1500,1500,1500,1500,1500,1500,1500,1500,1500,1500,1500,1500,1500,1500,1500,1500,1500,1500,7.6
2023-12-03,15:12:26.490,-99,0,96,4,0,5,50,-93,100,3,51.498313 -0.096292,64.0,63.0,107,12,11.5,4.4,908,62,-0.07,0.27,0.44,AH,0.7,-1,7,780,366,208,570,-1,-1,0,-1,-1,1,-1,-1,0x0000000000000000,1676,1500,1890,1500,2012,988,988,1500,988,988,1604,988,988,1785,1500,1500,1500,1500,1500,1500,1500,1500,1500,1500,1500,1500,1500,1500,1500,1500,1500,1500,7.6
2023-12-03,15:12:26.990,-100,0,93,5,0,5,50,-88,100,7,51.498296 -0.096311,64.0,63.0,107,12,11.5,4.4,908,62,-0.07,0.27,0.44,AH,0.7,-1,4,780,365,208,570,-1,-1,0,-1,-1,1,-1,-1,0x0000000000000000,1675,1500,1890,1500,2012,988,988,1500,988,988,1604,988,988,1785,1500,1500,1500,1500,1500,1500,1500,1500,1500,1500,1500,1500,1500,1500,1500,1500,1500,1500,7.6
2023-12-03,15:12:27.490,-99,0,97,4,0,5,50,-90,100,7,51.498280 -0.096331,64.0,63.0,107,12,11.5,5.6,916,61,-0.07,0.27,0.44,AH,0.7,-1,4,780,357,208,570,-1,-1,0,-1,-1,1,-1,-1,0x0000000000000000,1671,1500,1890,1500,2012,988,988,1500,988,988,1604,988,988,1785,1500,1500,1500,1500,1500,1500,1500,1500,1500,1500,1500,1500,1500,1500,1500,1500,1500,1500,7.6
2023-12-03,15:12:27.990,-101,0,95,2,0,5,50,-96,100,0,51.498263 -0.096351,64.0,63.0,107,12,11.5,5.6,916,61,-0.07,0.27,0.44,AH,0.7,-1,6,780,358,208,570,-1,-1,0,-1,-1,1,-1,-1,0x0000000000000000,1672,1500,1890,1500,2012,988,988,1500,988,988,1604,988,988,1785,1500,1500,1500,1500,1500,1500,1500,1500,1500,1500,1500,1500,1500,1500,1500,1500,1500,1500,7.6
2023-12-03,15:12:28.490,-102,0,92,2,0,5,50,-98,96,0,51.498247 -0.096371,64.0,63.0,107,12,11.5,5.6,916,61,-0.07,0.27,0.44,AH,0.7,-1,0,780,-1,208,570,-1,-1,0,-1,-1,1,-1,-1,0x0000000000000000,1500,1500,1890,1500,2012,988,988,1500,988,988,1604,988,988,1785,1500,1500,1500,1500,1500,1500,1500,1500,1500,1500,1500,1500,1500,1500,1500,1500,1500,1500,7.6
2023-12-03,15:12:28.990,-102,0,91,1,0,5,50,-93,92,0,51.498231 -0.096391,64.0,63.0,107,12,11.5,5.6,916,61,-0.24,0.29,1.92,AH,0.7,-1,0,780,-1,208,570,-1,-1,0,-1,-1,1,-1,-1,0x0000000000000000,1500,1500,1890,1500,2012,988,988,1500,988,988,1604,988,988,1785,1500,1500,1500,1500,1500,1500,1500,1500,1500,1500,1500,1500,1500,1500,1500,1500,1500,1500,7.6
2023-12-03,15:12:29.490,-102,0,90,1,0,5,50,-89,92,7,51.498215 -0.096412,64.0,63.0,107,12,11.5,5.6,916,61,-0.24,0.29,1.92,AH,0.7,-1,3,780,142,208,570,-1,-1,0,-1,-1,1,-1,-1,0x0000000000000000,1562,1500,1890,1500,2012,988,988,1500,988,988,1604,988,988,1785,1500,1500,1500,1500,1500,1500,1500,1500,1500,1500,1500,1500,1500,1500,1500,1500,1500,1500,7.6
2023-12-03,15:12:29.990,-98,0,92,5,0,5,50,-86,92,10,51.498199 -0.096432,64.0,63.0,107,12,11.5,5.6,916,61,-0.24,0.29,1.92,AH,0.7,-1,1,780,95,208,571,-1,-1,0,-1,-1,1,-1,-1,0x0000000000000000,1538,1500,1890,1500,2012,988,988,1500,988,988,1604,988,988,1785,1500,1500,1500,1500,1500,1500,1500,1500,1500,1500,1500,1500,1500,1500,1500,1500,1500,1500,7.6
2023-12-03,15:12:30.490,-90,0,98,11,0,5,50,-84,92,10,51.498183 -0.096453,64.0,63.0,107,12,11.5,5.6,916,61,-0.24,0.29,1.92,AH,2.0,-1,-3,780,-262,208,570,-1,-1,0,-1,-1,1,-1,-1,0x0000000000000000,1377,1500,1890,1500,2012,988,988,1500,988,988,1604,988,988,1785,1500,1500,1500,1500,1500,1500,1500,1500,1500,1500,1500,1500,1500,1500,1500,1500,1500,1500,7.6
2023-12-03,15:12:30.990,-88,0,97,11,0,5,50,-80,92,11,51.498167 -0.096474,64.0,63.0,107,12,11.5,5.6,916,61,-0.24,0.29,1.92,AH,2.0,-1,-3,780,-397,208,570,-1,-1,0,-1,-1,1,-1,-1,0x0000000000000000,1308,1500,1890,1500,2012,988,988,1500,988,988,1604,988,988,1785,1500,1500,1500,1500,1500,1500,1500,1500,1500,1500,1500,1500,1500,1500,1500,1500,1500,1500,7.6
2023-12-03,15:12:31.490,-86,0,99,11,0,5,50,-78,92,13,51.498152 -0.096495,64.0,63.0,107,12,11.5,5.6,916,61,-0.24,0.29,1.92,AH,2.0,-1,-4,780,-477,208,570,-1,-1,0,-1,-1,1,-1,-1,0x0000000000000000,1267,1500,1890,1500,2012,988,988,1500,988,988,1604,988,988,1785,1500,1500,1500,1500,1500,1500,1500,1500,1500,1500,1500,1500,1500,1500,1500,1500,1500,1500,7.6
2023-12-03,15:12:31.990,-85,0,99,12,0,5,25,-81,92,10,51.498136 -0.096517,64.0,63.0,107,12,11.5,5.6,916,61,-0.24,0.29,1.92,AH,2.0,-1,-1,780,-335,208,570,-1,-1,0,-1,-1,1,-1,-1,0x0000000000000000,1340,1500,1890,1500,2012,988,988,1500,988,988,1604,988,988,1785,1500,1500,1500,1500,1500,1500,1500,1500,1500,1500,1500,1500,1500,1500,1500,1500,1500,1500,7.6
2023-12-03,15:12:32.490,-89,0,98,10,0,5,25,-79,92,13,51.498120 -0.096538,60.0,139.1,107,12,11.5,5.6,916,61,-0.24,0.29,1.92,AH,2.0,-1,0,780,-313,941,570,-1,-1,0,-1,-1,1,-1,-1,0x0000000000000000,1351,1500,1890,1500,2012,988,988,1500,988,988,1970,988,988,1785,1500,1500,1500,1500,1500,1500,1500,1500,1500,1500,1500,1500,1500,1500,1500,1500,1500,1500,7.6
2023-12-03,15:12:32.990,-87,0,96,12,0,5,25,-78,92,12,51.498105 -0.096560,60.0,139.1,107,12,11.5,5.6,916,61,-0.24,0.29,1.92,AH,2.0,-1,-3,780,-462,941,570,-1,-1,0,-1,-1,1,-1,-1,0x0000000000000000,1275,1500,1890,1500,2012,988,988,1500,988,988,1970,988,988,1785,1500,1500,1500,1500,1500,1500,1500,1500,1500,1500,1500,1500,1500,1500,1500,1500,1500,1500,7.6
2023-12-03,15:12:33.490,-87,0,97,11,0,5,25,-79,92,12,51.498090 -0.096582,60.0,139.1,107,12,11.5,6.4,928,59,-0.24,0.29,1.92,AH,2.0,-1,-3,780,-461,941,570,-1,-1,0,-1,-1,1,-1,-1,0x0000000000000000,1276,1500,1890,1500,2012,988,988,1500,988,988,1970,988,988,1785,1500,1500,1500,1500,1500,1500,1500,1500,1500,1500,1500,1500,1500,1500,1500,1500,1500,1500,7.6
2023-12-03,15:12:33.990,-88,0,97,11,0,5,25,-80,96,12,51.498075 -0.096604,60.0,139.1,107,12,11.5,6.4,928,59,-0.24,0.29,1.92,AH,2.0,-1,-1,780,-373,940,570,-1,-1,0,-1,-1,1,-1,-1,0x0000000000000000,1320,1500,1890,1500,2012,988,988,1500,988,988,1970,988,988,1785,1500,1500,1500,1500,1500,1500,1500,1500,1500,1500,1500,1500,1500,1500,1500,1500,1500,1500,7.6
2023-12-03,15:12:34.490,-91,0,98,10,0,5,25,-83,100,6,51.498059 -0.096626,60.0,139.1,107,12,11.5,6.4,928,59,-0.08,-0.37,2.13,AH,2.0,-1,-1,780,-389,940,570,-1,-1,0,-1,-1,1,-1,-1,0x0000000000000000,1312,1500,1890,1500,2012,988,988,1500,988,988,1970,988,988,1785,1500,1500,1500,1500,1500,1500,1500,1500,1500,1500,1500,1500,1500,1500,1500,1500,1500,1500,7.6
2023-12-03,15:12:34.990,-92,0,100,9,0,5,25,-82,100,8,51.498044 -0.096649,60.0,139.1,107,12,11.5,6.4,928,59,-0.08,-0.37,2.13,AH,2.0,-1,-1,780,-379,940,570,-1,-1,0,-1,-1,1,-1,-1,0x0000000000000000,1317,1500,1890,1500,2012,988,988,1500,988,988,1970,988,988,1785,1500,1500,1500,1500,1500,1500,1500,1500,1500,1500,1500,1500,1500,1500,1500,1500,1500,1500,7.6
2023-12-03,15:12:35.490,-90,0,99,9,0,5,25,-82,100,10,51.498029 -0.096672,60.0,139.1,107,12,11.5,6.4,928,59,-0.08,-0.37,2.13,AH,2.0,-1,0,780,-269,939,570,-1,-1,0,-1,-1,1,-1,-1,0x0000000000000000,1373,1500,1890,1500,2012,988,988,1500,988,988,1969,988,988,1785,1500,1500,1500,1500,1500,1500,1500,1500,1500,1500,1500,1500,1500,1500,1500,1500,1500,1500,7.6
2023-12-03,15:12:35.990,-90,0,99,11,0,5,25,-83,100,11,51.498015 -0.096694,60.0,139.1,107,12,11.5,6.4,928,59,-0.08,-0.37,2.13,AH,2.0,-1,-1,780,-4,939,570,-1,-1,0,-1,-1,1,-1,-1,0x0000000000000000,1500,1500,1890,1500,2012,988,988,1500,988,988,1969,988,988,1785,1500,1500,1500,1500,1500,1500,1500,1500,1500,1500,1500,1500,1500,1500,1500,1500,1500,1500,7.6
2023-12-03,15:12:36.490,-93,0,100,8,0,5,25,-89,100,6,51.498000 -0.096717,60.0,139.1,107,12,11.5,6.4,928,59,-0.08,-0.37,2.13,AH,-0.6,-1,-1,780,-2,568,570,-1,-1,0,-1,-1,1,-1,-1,0x0000000000000000,1500,1500,1890,1500,2012,988,988,1500,988,988,1784,988,988,1785,1500,1500,1500,1500,1500,1500,1500,1500,1500,1500,1500,1500,1500,1500,1500,1500,1500,1500,7.6
2023-12-03,15:12:36.990,-95,0,100,8,0,5,25,-86,100,8,51.497985 -0.096740,60.0,139.1,107,12,11.5,6.4,928,59,-0.08,-0.37,2.13,AH,-0.6,-1,-3,780,-175,370,570,-1,-1,0,-1,-1,1,-1,-1,0x0000000000000000,1421,1500,1890,1500,2012,988,988,1500,988,988,1685,988,988,1785,1500,1500,1500,1500,1500,1500,1500,1500,1500,1500,1500,1500,1500,1500,1500,1500,1500,1500,7.6
2023-12-03,15:12:37.490,-95,0,99,8,0,5,25,-85,100,8,51.497971 -0.096764,60.0,139.1,107,12,11.5,6.4,928,59,-0.08,-0.37,2.13,AH,-0.6,-1,-1,780,-183,371,570,-1,-1,0,-1,-1,1,-1,-1,0x0000000000000000,1417,1500,1890,1500,2012,988,988,1500,988,988,1685,988,988,1785,1500,1500,1500,1500,1500,1500,1500,1500,1500,1500,1500,1500,1500,1500,1500,1500,1500,1500,7.6
2023-12-03,15:12:37.990,-93,0,96,9,0,5,25,-85,100,9,51.497956 -0.096787,61.3,105.5,113,12,11.5,6.4,928,59,-0.08,-0.37,2.13,AH,-0.6,-2,-1,780,-2,370,570,-1,-1,0,-1,-1,1,-1,-1,0x0000000000000000,1500,1500,1890,1500,2012,988,988,1500,988,988,1685,988,988,1785,1500,1500,1500,1500,1500,1500,1500,1500,1500,1500,1500,1500,1500,1500,1500,1500,1500,1500,7.6
2023-12-03,15:12:38.490,-93,0,99,9,0,5,25,-84,100,3,51.497942 -0.096811,61.3,105.5,113,12,11.5,6.4,928,59,-0.08,-0.37,2.13,AH,-0.6,-1,-1,780,-196,371,570,-1,-1,0,-1,-1,1,-1,-1,0x0000000000000000,1411,1500,1890,1500,2012,988,988,1500,988,988,1685,988,988,1785,1500,1500,1500,1500,1500,1500,1500,1500,1500,1500,1500,1500,1500,1500,1500,1500,1500,1500,7.6
2023-12-03,15:12:38.990,-93,0,98,8,0,5,25,-87,100,10,51.497928 -0.096835,61.3,105.5,113,12,11.5,6.4,928,59,-0.08,-0.37,2.13,AH,-0.6,-1,0,780,-165,370,570,-1,-1,0,-1,-1,1,-1,-1,0x0000000000000000,1427,1500,1890,1500,2012,988,988,1500,988,988,1685,988,988,1785,1500,1500,1500,1500,1500,1500,1500,1500,1500,1500,1500,1500,1500,1500,1500,1500,1500,1500,7.6
2023-12-03,15:12:39.490,-93,0,99,9,0,5,25,-86,100,10,51.497914 -0.096859,61.3,105.5,113,12,11.5,3.5,935,62,-0.08,-0.37,2.13,AH,-0.6,-1,0,780,-2,371,571,-1,-1,0,-1,-1,1,-1,-1,0x0000000000000000,1500,1500,1890,1500,2012,988,988,1500,988,988,1685,988,988,1785,1500,1500,1500,1500,1500,1500,1500,1500,1500,1500,1500,1500,1500,1500,1500,1500,1500,1500,7.6
2023-12-03,15:12:39.990,-94,0,99,7,0,5,25,-82,100,11,51.497900 -0.096883,61.3,105.5,113,12,11.5,3.5,935,62,0.04,-0.12,1.63,AH,-0.6,-1,-1,780,-117,371,570,-1,-1,0,-1,-1,1,-1,-1,0x0000000000000000,1451,1500,1890,1500,2012,988,988,1500,988,988,1685,988,988,1785,1500,1500,1500,1500,1500,1500,1500,1500,1500,1500,1500,1500,1500,1500,1500,1500,1500,1500,7.6
2023-12-03,15:12:40.490,-95,0,99,8,0,5,25,-85,100,9,51.497886 -0.096907,61.3,105.5,113,12,11.5,3.5,935,62,0.04,-0.12,1.63,AH,-0.6,-1,0,780,-30,371,570,-1,-1,0,-1,-1,1,-1,-1,0x0000000000000000,1495,1500,1890,1500,2012,988,988,1500,988,988,1685,988,988,1785,1500,1500,1500,1500,1500,1500,1500,1500,1500,1500,1500,1500,1500,1500,1500,1500,1500,1500,7.6
2023-12-03,15:12:40.990,-95,0,99,7,0,5,25,-87,100,3,51.497872 -0.096931,61.3,105.5,113,12,11.5,3.5,935,62,0.04,-0.12,1.63,AH,-0.6,-1,0,780,-102,370,570,-1,-1,0,-1,-1,1,-1,-1,0x0000000000000000,1459,1500,1890,1500,2012,988,988,1500,988,988,1685,988,988,1785,1500,1500,1500,1500,1500,1500,1500,1500,1500,1500,1500,1500,1500,1500,1500,1500,1500,1500,7.6
2023-12-03,15:12:41.490,-95,0,98,7,0,5,25,-86,100,5,51.497859 -0.096956,61.3,105.5,113,12,11.5,3.5,935,62,0.04,-0.12,1.63,AH,-0.6,-1,-1,780,-212,371,570,-1,-1,0,-1,-1,1,-1,-1,0x0000000000000000,1403,1500,1890,1500,2012,988,988,1500,988,988,1685,988,988,1785,1500,1500,1500,1500,1500,1500,1500,1500,1500,1500,1500,1500,1500,1500,1500,1500,1500,1500,7.6
2023-12-03,15:12:41.990,-98,0,95,5,0,5,25,-88,100,8,51.497845 -0.096981,61.3,105.5,113,12,11.5,3.5,935,62,0.04,-0.12,1.63,AH,-0.8,-1,-1,780,-209,370,570,-1,-1,0,-1,-1,1,-1,-1,0x0000000000000000,1404,1500,1890,1500,2012,988,988,1500,988,988,1685,988,988,1785,1500,1500,1500,1500,1500,1500,1500,1500,1500,1500,1500,1500,1500,1500,1500,1500,1500,1500,7.6
2023-12-03,15:12:42.490,-99,0,93,4,0,5,25,-89,100,7,51.497832 -0.097006,61.3,105.5,113,12,11.5,3.5,935,62,0.04,-0.12,1.63,AH,-0.8,-1,0,780,-1,371,570,-1,-1,0,-1,-1,1,-1,-1,0x0000000000000000,1500,1500,1890,1500,2012,988,988,1500,988,988,1685,988,988,1785,1500,1500,1500,1500,1500,1500,1500,1500,1500,1500,1500,1500,1500,1500,1500,1500,1500,1500,7.6
2023-12-03,15:12:42.990,-98,0,98,5,0,5,25,-89,100,6,51.497818 -0.097031,61.3,105.5,113,12,11.5,3.5,935,62,0.04,-0.12,1.63,AH,-0.8,-1,-1,780,-301,371,570,-1,-1,0,-1,-1,1,-1,-1,0x0000000000000000,1357,1500,1890,1500,2012,988,988,1500,988,988,1685,988,988,1785,1500,1500,1500,1500,1500,1500,1500,1500,1500,1500,1500,1500,1500,1500,1500,1500,1500,1500,7.6
2023-12-03,15:12:43.490,-97,0,96,5,0,5,25,-88,100,6,51.497805 -0.097056,63.3,85.6,109,12,11.5,3.5,935,62,0.04,-0.12,1.63,AH,-0.8,-1,-1,780,-1,371,570,-1,-1,0,-1,-1,1,-1,-1,0x0000000000000000,1500,1500,1890,1500,2012,988,988,1500,988,988,1685,988,988,1785,1500,1500,1500,1500,1500,1500,1500,1500,1500,1500,1500,1500,1500,1500,1500,1500,1500,1500,7.6
2023-12-03,15:12:43.990,-98,0,94,6,0,5,25,-91,100,5,51.497792 -0.097081,63.3,85.6,109,12,11.5,3.5,935,62,0.04,-0.12,1.63,AH,-0.8,-1,-1,780,-1,370,570,-1,-1,0,-1,-1,1,-1,-1,0x0000000000000000,1500,1500,1890,1500,2012,988,988,1500,988,988,1685,988,988,1785,1500,1500,1500,1500,1500,1500,1500,1500,1500,1500,1500,1500,1500,1500,1500,1500,1500,1500,7.6
2023-12-03,15:12:44.490,-98,0,95,6,0,5,25,-90,100,5,51.497779 -0.097107,63.3,85.6,109,12,11.5,3.5,935,62,0.04,-0.12,1.63,AH,-0.8,-2,-1,780,-1,371,570,-1,-1,0,-1,-1,1,-1,-1,0x0000000000000000,1500,1500,1890,1500,2012,988,988,1500,988,988,1685,988,988,1785,1500,1500,1500,1500,1500,1500,1500,1500,1500,1500,1500,1500,1500,1500,1500,1500,1500,1500,7.6
2023-12-03,15:12:44.990,-100,0,97,3,0,5,25,-94,100,-8,51.497766 -0.097132,63.3,85.6,109,12,11.5,4.1,940,62,0.04,-0.12,1.63,AH,-0.8,-1,-3,780,78,371,570,-1,-1,0,-1,-1,1,-1,-1,0x0000000000000000,1529,1500,1890,1500,2012,988,988,1500,988,988,1685,988,988,1785,1500,1500,1500,1500,1500,1500,1500,1500,1500,1500,1500,1500,1500,1500,1500,1500,1500,1500,7.6
2023-12-03,15:12:45.490,-102,0,92,0,0,5,25,-99,100,-2,51.497754 -0.097158,63.3,85.6,109,12,11.5,4.1,940,62,-0.04,-0.01,1.17,AH,-0.8,-1,0,780,202,371,570,-1,-1,0,-1,-1,1,-1,-1,0x0000000000000000,1592,1500,1890,1500,2012,988,988,1500,988,988,1685,988,988,1785,1500,1500,1500,1500,1500,1500,1500,1500,1500,1500,1500,1500,1500,1500,1500,1500,1500,1500,7.6
2023-12-03,15:12:45.990,-104,0,95,0,0,5,50,-91,100,2,51.497741 -0.097184,63.3,85.6,109,12,11.5,4.1,940,62,-0.04,-0.01,1.17,AH,-0.8,-1,-4,780,4,370,570,-1,-1,0,-1,-1,1,-1,-1,0x0000000000000000,1500,1500,1890,1500,2012,988,988,1500,988,988,1685,988,988,1785,1500,1500,1500,1500,1500,1500,1500,1500,1500,1500,1500,1500,1500,1500,1500,1500,1500,1500,7.6
2023-12-03,15:12:46.490,-99,0,91,5,0,5,50,-88,100,7,51.497728 -0.097210,63.3,85.6,109,12,11.5,4.1,940,62,-0.04,-0.01,1.17,AH,-0.8,-1,-1,781,0,371,570,-1,-1,0,-1,-1,1,-1,-1,0x0000000000000000,1500,1500,1890,1500,2012,988,988,1500,988,988,1685,988,988,1785,1500,1500,1500,1500,1500,1500,1500,1500,1500,1500,1500,1500,1500,1500,1500,1500,1500,1500,7.6
2023-12-03,15:12:46.990,-101,0,97,3,0,5,50,-102,100,-6,51.497716 -0.097237,63.3,85.6,109,12,11.5,4.1,940,62,-0.04,-0.01,1.17,AH,-0.8,-2,0,780,157,371,570,-1,-1,0,-1,-1,1,-1,-1,0x0000000000000000,1569,1500,1890,1500,2012,988,988,1500,988,988,1685,988,988,1785,1500,1500,1500,1500,1500,1500,1500,1500,1500,1500,1500,1500,1500,1500,1500,1500,1500,1500,7.6
2023-12-03,15:12:47.490,-102,0,86,1,0,5,50,-96,100,-4,51.497704 -0.097263,63.3,85.6,109,12,11.5,4.1,940,62,-0.04,-0.01,1.17,AH,-0.1,-1,0,780,117,371,570,-1,-1,0,-1,-1,1,-1,-1,0x0000000000000000,1549,1500,1890,1500,2012,988,988,1500,988,988,1685,988,988,1785,1500,1500,1500,1500,1500,1500,1500,1500,1500,1500,1500,1500,1500,1500,1500,1500,1500,1500,7.6
2023-12-03,15:12:47.990,-100,0,91,4,0,5,100,-96,100,1,51.497692 -0.097289,63.3,85.6,109,12,11.5,4.1,940,62,-0.04,-0.01,1.17,AH,-0.1,-1,-1,780,80,371,570,-1,-1,0,-1,-1,1,-1,-1,0x0000000000000000,1530,1500,1890,1500,2012,988,988,1500,988,988,1685,988,988,1785,1500,1500,1500,1500,1500,1500,1500,1500,1500,1500,1500,1500,1500,1500,1500,1500,1500,1500,7.6
2023-12-03,15:12:48.490,-98,0,95,5,0,5,100,-95,96,1,51.497679 -0.097316,63.3,85.6,109,12,11.5,4.1,940,62,-0.04,-0.01,1.17,AH,-0.1,-1,0,780,172,371,571,-1,-1,0,-1,-1,1,-1,-1,0x0000000000000000,1577,1500,1890,1500,2012,988,988,1500,988,988,1685,988,988,1785,1500,1500,1500,1500,1500,1500,1500,1500,1500,1500,1500,1500,1500,1500,1500,1500,1500,1500,7.6
2023-12-03,15:12:48.990,-98,0,95,5,0,5,100,-98,96,0,51.497668 -0.097343,63.3,85.6,109,12,11.5,4.1,940,62,-0.04,-0.01,1.17,AH,-0.1,-1,0,780,145,371,570,-1,-1,0,-1,-1,1,-1,-1,0x0000000000000000,1563,1500,1890,1500,2012,988,988,1500,988,988,1685,988,988,1785,1500,1500,1500,1500,1500,1500,1500,1500,1500,1500,1500,1500,1500,1500,1500,1500,1500,1500,7.6
2023-12-03,15:12:49.490,-96,0,98,7,0,5,100,-94,96,1,51.497656 -0.097370,60.7,62.1,108,12,11.5,4.1,940,62,-0.04,-0.01,1.17,AH,-0.1,-1,0,780,-1,371,570,-1,-1,0,-1,-1,1,-1,-1,0x0000000000000000,1500,1500,1890,1500,2012,988,988,1500,988,988,1685,988,988,1785,1500,1500,1500,1500,1500,1500,1500,1500,1500,1500,1500,1500,1500,1500,1500,1500,1500,1500,7.6
2023-12-03,15:12:49.990,-96,0,97,7,0,5,100,-95,96,2,51.497644 -0.097397,60.7,62.1,108,12,11.5,4.1,940,62,-0.04,-0.01,1.17,AH,-0.1,-1,-3,780,180,371,570,-1,-1,0,-1,-1,1,-1,-1,0x0000000000000000,1581,1500,1890,1500,2012,988,988,1500,988,988,1685,988,988,1785,1500,1500,1500,1500,1500,1500,1500,1500,1500,1500,1500,1500,1500,1500,1500,1500,1500,1500,7.6
2023-12-03,15:12:50.490,-96,0,96,8,0,5,100,-92,96,4,51.497633 -0.097424,60.7,62.1,108,12,11.5,4.1,940,62,-0.04,-0.01,1.17,AH,-0.1,-1,-1,780,217,371,570,-1,-1,0,-1,-1,1,-1,-1,0x0000000000000000,1600,1500,1890,1500,2012,988,988,1500,988,988,1685,988,988,1785,1500,1500,1500,1500,1500,1500,1500,1500,1500,1500,1500,1500,1500,1500,1500,1500,1500,1500,7.6
2023-12-03,15:12:50.990,-96,0,96,8,0,5,100,-94,96,1,51.497621 -0.097452,60.7,62.1,108,12,11.5,4.4,948,61,-0.04,-0.01,1.17,AH,-0.1,-1,-4,780,79,371,570,-1,-1,0,-1,-1,1,-1,-1,0x0000000000000000,1530,1500,1890,1500,2012,988,988,1500,988,988,1685,988,988,1785,1500,1500,1500,1500,1500,1500,1500,1500,1500,1500,1500,1500,1500,1500,1500,1500,1500,1500,7.6
2023-12-03,15:12:51.490,-95,0,99,7,0,5,100,-93,96,1,51.497610 -0.097479,60.7,62.1,108,12,11.5,4.4,948,61,-0.04,0.17,1.01,AH,-0.1,-1,0,780,188,371,570,-1,-1,0,-1,-1,1,-1,-1,0x0000000000000000,1585,1500,1890,1500,2012,988,988,1500,988,988,1685,988,988,1785,1500,1500,1500,1500,1500,1500,1500,1500,1500,1500,1500,1500,1500,1500,1500,1500,1500,1500,7.6
2023-12-03,15:12:51.990,-95,0,95,7,0,5,100,-93,96,8,51.497599 -0.097507,60.7,62.1,108,12,11.5,4.4,948,61,-0.04,0.17,1.01,AH,-0.1,-2,-4,780,12,371,570,-1,-1,0,-1,-1,1,-1,-1,0x0000000000000000,1500,1500,1890,1500,2012,988,988,1500,988,988,1685,988,988,1785,1500,1500,1500,1500,1500,1500,1500,1500,1500,1500,1500,1500,1500,1500,1500,1500,1500,1500,7.6
2023-12-03,15:12:52.490,-96,0,98,7,0,5,100,-95,96,5,51.497587 -0.097534,60.7,62.1,108,12,11.5,4.4,948,61,-0.04,0.17,1.01,AH,-0.1,-1,-3,780,2,371,570,-1,-1,0,-1,-1,1,-1,-1,0x0000000000000000,1500,1500,1890,1500,2012,988,988,1500,988,988,1685,988,988,1785,1500,1500,1500,1500,1500,1500,1500,1500,1500,1500,1500,1500,1500,1500,1500,1500,1500,1500,7.6
2023-12-03,15:12:52.990,-96,0,94,8,0,5,100,-93,96,3,51.497577 -0.097562,60.7,62.1,108,12,11.5,4.4,948,61,-0.04,0.17,1.01,AH,-0.1,-1,-1,780,58,371,570,-1,-1,0,-1,-1,1,-1,-1,0x0000000000000000,1519,1500,1890,1500,2012,988,988,1500,988,988,1685,988,988,1785,1500,1500,1500,1500,1500,1500,1500,1500,1500,1500,1500,1500,1500,1500,1500,1500,1500,1500,7.6
2023-12-03,15:12:53.490,-95,0,99,7,0,5,100,-94,96,3,51.497566 -0.097590,60.7,62.1,108,12,11.5,4.4,948,61,-0.04,0.17,1.01,AH,-0.4,-1,0,780,53,371,571,-1,-1,0,-1,-1,1,-1,-1,0x0000000000000000,1516,1500,1890,1500,2012,988,988,1500,988,988,1685,988,988,1785,1500,1500,1500,1500,1500,1500,1500,1500,1500,1500,1500,1500,1500,1500,1500,1500,1500,1500,7.6
2023-12-03,15:12:53.990,-96,0,96,7,0,5,100,-92,100,6,51.497555 -0.097618,60.7,62.1,108,12,11.5,4.4,948,61,-0.04,0.17,1.01,AH,-0.4,-1,-3,780,4,371,570,-1,-1,0,-1,-1,1,-1,-1,0x0000000000000000,1500,1500,1890,1500,2012,988,988,1500,988,988,1685,988,988,1785,1500,1500,1500,1500,1500,1500,1500,1500,1500,1500,1500,1500,1500,1500,1500,1500,1500,1500,7.6
2023-12-03,15:12:54.490,-95,0,90,8,0,5,100,-89,100,9,51.497544 -0.097647,60.7,62.1,108,12,11.5,4.4,948,61,-0.04,0.17,1.01,AH,-0.4,-1,0,780,2,371,570,-1,-1,0,-1,-1,1,-1,-1,0x0000000000000000,1500,1500,1890,1500,2012,988,988,1500,988,988,1685,988,988,1785,1500,1500,1500,1500,1500,1500,1500,1500,1500,1500,1500,1500,1500,1500,1500,1500,1500,1500,7.6
2023-12-03,15:12:54.990,-96,0,95,7,0,5,100,-92,100,2,51.497534 -0.097675,57.6,70.9,109,12,11.5,4.4,948,61,-0.04,0.17,1.01,AH,-0.4,-1,3,780,0,371,570,-1,-1,0,-1,-1,1,-1,-1,0x0000000000000000,1500,1500,1890,1500,2012,988,988,1500,988,988,1685,988,988,1785,1500,1500,1500,1500,1500,1500,1500,1500,1500,1500,1500,1500,1500,1500,1500,1500,1500,1500,7.6
2023-12-03,15:12:55.490,-97,0,97,6,0,5,100,-95,100,2,51.497524 -0.097703,57.6,70.9,109,12,11.5,4.4,948,61,-0.04,0.17,1.01,AH,-0.4,-1,-1,780,1,371,570,-1,-1,0,-1,-1,1,-1,-1,0x0000000000000000,1500,1500,1890,1500,2012,988,988,1500,988,988,1685,988,988,1785,1500,1500,1500,1500,1500,1500,1500,1500,1500,1500,1500,1500,1500,1500,1500,1500,1500,1500,7.6
2023-12-03,15:12:55.990,-96,0,97,7,0,5,100,-97,100,3,51.497513 -0.097732,57.6,70.9,109,12,11.5,4.4,948,61,-0.04,0.17,1.01,AH,-0.4,-1,0,780,-1,371,570,-1,-1,0,-1,-1,1,-1,-1,0x0000000000000000,1500,1500,1890,1500,2012,988,988,1500,988,988,1685,988,988,1785,1500,1500,1500,1500,1500,1500,1500,1500,1500,1500,1500,1500,1500,1500,1500,1500,1500,1500,7.6
2023-12-03,15:12:56.490,-98,0,97,5,0,5,100,-98,100,-2,51.497503 -0.097761,57.6,70.9,109,12,11.5,4.4,955,61,-0.04,0.17,1.01,AH,-0.4,-1,0,780,-1,370,570,-1,-1,0,-1,-1,1,-1,-1,0x0000000000000000,1500,1500,1890,1500,2012,988,988,1500,988,988,1685,988,988,1785,1500,1500,1500,1500,1500,1500,1500,1500,1500,1500,1500,1500,1500,1500,1500,1500,1500,1500,7.6
2023-12-03,15:12:56.990,-101,0,93,2,0,5,100,-92,96,4,51.497493 -0.097789,57.6,70.9,109,12,11.5,4.4,955,61,-0.04,0.17,1.01,AH,-0.4,-1,0,780,84,370,570,-1,-1,0,-1,-1,1,-1,-1,0x0000000000000000,1532,1500,1890,1500,2012,988,988,1500,988,988,1685,988,988,1785,1500,1500,1500,1500,1500,1500,1500,1500,1500,1500,1500,1500,1500,1500,1500,1500,1500,1500,7.6
2023-12-03,15:12:57.490,-101,0,93,2,0,5,100,-90,92,7,51.497484 -0.097818,57.6,70.9,109,12,11.5,4.4,955,61,-0.04,0.17,1.01,AH,-0.4,-1,-1,780,0,371,570,-1,-1,0,-1,-1,1,-1,-1,0x0000000000000000,1500,1500,1890,1500,2012,988,988,1500,988,988,1685,988,988,1785,1500,1500,1500,1500,1500,1500,1500,1500,1500,1500,1500,1500,1500,1500,1500,1500,1500,1500,7.6
2023-12-03,15:12:57.990,-101,0,93,2,0,5,100,-101,84,-5,51.497474 -0.097847,57.6,70.9,109,12,11.5,4.4,955,61,-0.02,0.02,1.29,AH,-0.4,-1,-1,780,-146,370,570,-1,-1,0,-1,-1,1,-1,-1,0x0000000000000000,1436,1500,1890,1500,2012,988,988,1500,988,988,1685,988,988,1785,1500,1500,1500,1500,1500,1500,1500,1500,1500,1500,1500,1500,1500,1500,1500,1500,1500,1500,7.6
2023-12-03,15:12:58.490,-100,0,86,3,0,5,100,-98,84,-4,51.497464 -0.097877,57.6,70.9,109,12,11.5,4.4,955,61,-0.02,0.02,1.29,AH,-0.4,-1,-1,780,-1,371,570,-1,-1,0,-1,-1,1,-1,-1,0x0000000000000000,1500,1500,1890,1500,2012,988,988,1500,988,988,1685,988,988,1785,1500,1500,1500,1500,1500,1500,1500,1500,1500,1500,1500,1500,1500,1500,1500,1500,1500,1500,7.6
2023-12-03,15:12:58.990,-98,0,93,4,0,5,100,-96,84,-2,51.497455 -0.097906,57.6,70.9,109,12,11.5,4.4,955,61,-0.02,0.02,1.29,AH,-0.4,-1,0,780,91,371,570,-1,-1,0,-1,-1,1,-1,-1,0x0000000000000000,1536,1500,1890,1500,2012,988,988,1500,988,988,1685,988,988,1785,1500,1500,1500,1500,1500,1500,1500,1500,1500,1500,1500,1500,1500,1500,1500,1500,1500,1500,7.6
2023-12-03,15:12:59.490,-96,0,98,7,0,5,100,-93,84,3,51.497446 -0.097935,57.6,70.9,109,12,11.5,4.4,955,61,-0.02,0.02,1.29,AH,0.1,-1,-6,780,-319,370,570,-1,-1,0,-1,-1,1,-1,-1,0x0000000000000000,1348,1500,1890,1500,2012,988,988,1500,988,988,1685,988,988,1785,1500,1500,1500,1500,1500,1500,1500,1500,1500,1500,1500,1500,1500,1500,1500,1500,1500,1500,7.6
2023-12-03,15:12:59.990,-96,0,98,5,0,5,100,-99,84,-2,51.497437 -0.097965,57.6,70.9,109,12,11.5,4.4,955,61,-0.02,0.02,1.29,AH,0.1,-1,-1,780,-2,371,570,-1,-1,0,-1,-1,1,-1,-1,0x0000000000000000,1500,1500,1890,1500,2012,988,988,1500,988,988,1685,988,988,1785,1500,1500,1500,1500,1500,1500,1500,1500,1500,1500,1500,1500,1500,1500,1500,1500,1500,1500,7.6
2023-12-03,15:13:00.490,-101,0,93,2,0,5,100,-96,84,0,51.497428 -0.097994,57.6,70.9,109,12,11.5,4.4,955,61,-0.02,0.02,1.29,AH,0.1,-1,-4,780,-210,370,570,-1,-1,0,-1,-1,1,-1,-1,0x0000000000000000,1404,1500,1890,1500,2012,988,988,1500,988,988,1685,988,988,1785,1500,1500,1500,1500,1500,1500,1500,1500,1500,1500,1500,1500,1500,1500,1500,1500,1500,1500,7.6
2023-12-03,15:13:00.990,-99,0,87,4,0,5,100,-94,80,4,51.497419 -0.098024,57.6,70.9,109,12,11.5,4.4,955,61,-0.02,0.02,1.29,AH,0.1,-1,-1,780,-60,371,570,-1,-1,0,-1,-1,1,-1,-1,0x0000000000000000,1480,1500,1890,1500,2012,988,988,1500,988,988,1685,988,988,1785,1500,1500,1500,1500,1500,1500,1500,1500,1500,1500,1500,1500,1500,1500,1500,1500,1500,1500,7.6
2023-12-03,15:13:01.490,-99,0,87,4,0,5,100,-106,76,-8,51.497410 -0.098054,57.6,70.9,109,12,11.5,4.4,955,61,-0.02,0.02,1.29,AH,0.1,-1,-1,780,-164,370,570,-1,-1,0,-1,-1,1,-1,-1,0x0000000000000000,1427,1500,1890,1500,2012,988,988,1500,988,988,1685,988,988,1785,1500,1500,1500,1500,1500,1500,1500,1500,1500,1500,1500,1500,1500,1500,1500,1500,1500,1500,7.6
2023-12-03,15:13:01.990,-101,0,94,2,0,5,100,-96,72,-6,51.497401 -0.098084,55.0,79.1,109,12,11.5,4.4,955,61,-0.02,0.02,1.29,AH,0.1,-1,-1,780,-80,370,570,-1,-1,0,-1,-1,1,-1,-1,0x0000000000000000,1470,1500,1890,1500,2012,988,988,1500,988,988,1685,988,988,1785,1500,1500,1500,1500,1500,1500,1500,1500,1500,1500,1500,1500,1500,1500,1500,1500,1500,1500,7.6
2023-12-03,15:13:02.490,-99,0,92,4,0,5,100,-101,72,-5,51.497393 -0.098114,55.0,79.1,109,12,11.5,4.4,955,61,-0.02,0.02,1.29,AH,0.1,-1,-1,780,-102,371,570,-1,-1,0,-1,-1,1,-1,-1,0x0000000000000000,1459,1500,1890,1500,2012,988,988,1500,988,988,1685,988,988,1785,1500,1500,1500,1500,1500,1500,1500,1500,1500,1500,1500,1500,1500,1500,1500,1500,1500,1500,7.6
2023-12-03,15:13:02.990,-97,0,96,6,0,5,100,-96,80,-2,51.497384 -0.098144,55.0,79.1,109,12,11.5,4.4,955,61,-0.02,0.02,1.29,AH,0.1,-1,1,780,-14,371,570,-1,-1,0,-1,-1,1,-1,-1,0x0000000000000000,1500,1500,1890,1500,2012,988,988,1500,988,988,1685,988,988,1785,1500,1500,1500,1500,1500,1500,1500,1500,1500,1500,1500,1500,1500,1500,1500,1500,1500,1500,7.6
2023-12-03,15:13:03.490,-96,0,95,7,0,5,100,-87,84,9,51.497376 -0.098174,55.0,79.1,109,12,11.5,4.1,963,62,-0.02,0.02,1.29,AH,0.1,-1,-3,781,-112,370,570,-1,-1,0,-1,-1,1,-1,-1,0x0000000000000000,1454,1500,1890,1500,2012,988,988,1500,988,988,1685,988,988,1785,1500,1500,1500,1500,1500,1500,1500,1500,1500,1500,1500,1500,1500,1500,1500,1500,1500,1500,7.6
2023-12-03,15:13:03.990,-96,0,96,7,0,5,100,-101,84,-5,51.497368 -0.098204,55.0,79.1,109,12,11.5,4.1,963,62,-0.02,0.02,1.29,AH,0.1,-1,0,780,-95,371,570,-1,-1,0,-1,-1,1,-1,-1,0x0000000000000000,1462,1500,1890,1500,2012,988,988,1500,988,988,1685,988,988,1785,1500,1500,1500,1500,1500,1500,1500,1500,1500,1500,1500,1500,1500,1500,1500,1500,1500,1500,7.6
2023-12-03,15:13:04.490,-101,0,99,2,0,5,100,-100,84,-4,51.497360 -0.098235,55.0,79.1,109,12,11.5,4.1,963,62,-0.01,-0.04,1.43,AH,0.1,-1,6,780,424,371,570,-1,-1,0,-1,-1,1,-1,-1,0x0000000000000000,1706,1500,1890,1500,2012,988,988,1500,988,988,1685,988,988,1785,1500,1500,1500,1500,1500,1500,1500,1500,1500,1500,1500,1500,1500,1500,1500,1500,1500,1500,7.6
2023-12-03,15:13:04.990,-95,0,98,7,0,5,100,-93,84,4,51.497352 -0.098265,55.0,79.1,109,12,11.5,4.1,963,62,-0.01,-0.04,1.43,AH,0.1,-1,3,780,247,371,570,-1,-1,0,-1,-1,1,-1,-1,0x0000000000000000,1615,1500,1890,1500,2012,988,988,1500,988,988,1685,988,988,1785,1500,1500,1500,1500,1500,1500,1500,1500,1500,1500,1500,1500,1500,1500,1500,1500,1500,1500,7.6
2023-12-03,15:13:05.490,-98,0,90,6,0,5,100,-92,84,1,51.497345 -0.098296,55.0,79.1,109,12,11.5,4.1,963,62,-0.01,-0.04,1.43,AH,0.1,-1,9,780,331,371,570,-1,-1,0,-1,-1,1,-1,-1,0x0000000000000000,1658,1500,1890,1500,2012,988,988,1500,988,988,1685,988,988,1785,1500,1500,1500,1500,1500,1500,1500,1500,1500,1500,1500,1500,1500,1500,1500,1500,1500,1500,7.6
2023-12-03,15:13:05.990,-95,0,94,8,0,5,100,-90,84,6,51.497337 -0.098326,55.0,79.1,109,12,11.5,4.1,963,62,-0.01,-0.04,1.43,AH,-0.4,-1,42,780,438,371,571,-1,-1,0,-1,-1,1,-1,-1,0x0000000000000000,1713,1511,1890,1500,2012,988,988,1500,988,988,1685,988,988,1785,1500,1500,1500,1500,1500,1500,1500,1500,1500,1500,1500,1500,1500,1500,1500,1500,1500,1500,7.6
2023-12-03,15:13:06.490,-89,0,97,10,0,5,100,-83,88,11,51.497330 -0.098357,55.0,79.1,109,12,11.5,4.1,963,62,-0.01,-0.04,1.43,AH,-0.4,-1,45,780,427,371,570,-1,-1,0,-1,-1,1,-1,-1,0x0000000000000000,1707,1512,1890,1500,2012,988,988,1500,988,988,1685,988,988,1785,1500,1500,1500,1500,1500,1500,1500,1500,1500,1500,1500,1500,1500,1500,1500,1500,1500,1500,7.6
2023-12-03,15:13:06.990,-86,0,100,12,0,5,100,-87,92,5,51.497323 -0.098388,55.0,79.1,109,12,11.5,4.1,963,62,-0.01,-0.04,1.43,AH,-0.4,-1,36,780,402,371,570,-1,-1,0,-1,-1,1,-1,-1,0x0000000000000000,1694,1508,1890,1500,2012,988,988,1500,988,988,1685,988,988,1785,1500,1500,1500,1500,1500,1500,1500,1500,1500,1500,1500,1500,1500,1500,1500,1500,1500,1500,7.6
2023-12-03,15:13:07.490,-91,0,99,10,0,5,25,-87,96,7,51.497315 -0.098419,55.0,79.1,109,12,11.5,4.1,963,62,-0.01,-0.04,1.43,AH,-0.4,-2,33,780,403,371,570,-1,-1,0,-1,-1,1,-1,-1,0x0000000000000000,1695,1506,1890,1500,2012,988,988,1500,988,988,1685,988,988,1785,1500,1500,1500,1500,1500,1500,1500,1500,1500,1500,1500,1500,1500,1500,1500,1500,1500,1500,7.6
2023-12-03,15:13:07.990,-95,0,99,6,0,5,25,-89,100,6,51.497308 -0.098450,57.7,77.3,108,12,11.5,4.1,963,62,-0.01,-0.04,1.43,AH,-0.4,-1,26,780,390,371,570,-1,-1,0,-1,-1,1,-1,-1,0x0000000000000000,1688,1503,1890,1500,2012,988,988,1500,988,988,1685,988,988,1785,1500,1500,1500,1500,1500,1500,1500,1500,1500,1500,1500,1500,1500,1500,1500,1500,1500,1500,7.6
2023-12-03,15:13:08.490,-96,0,99,6,0,5,25,-91,100,4,51.497302 -0.098481,57.7,77.3,108,12,11.5,4.1,963,62,-0.01,-0.04,1.43,AH,-0.4,-1,27,780,384,371,570,-1,-1,0,-1,-1,1,-1,-1,0x0000000000000000,1685,1503,1890,1500,2012,988,988,1500,988,988,1685,988,988,1785,1500,1500,1500,1500,1500,1500,1500,1500,1500,1500,1500,1500,1500,1500,1500,1500,1500,1500,7.6
2023-12-03,15:13:08.990,-97,0,99,6,0,5,25,-89,100,6,51.497295 -0.098512,57.7,77.3,108,12,11.5,4.3,970,61,-0.01,-0.04,1.43,AH,-0.4,-1,15,780,373,371,570,-1,-1,0,-1,-1,1,-1,-1,0x0000000000000000,1680,1500,1890,1500,2012,988,988,1500,988,988,1685,988,988,1785,1500,1500,1500,1500,1500,1500,1500,1500,1500,1500,1500,1500,1500,1500,1500,1500,1500,1500,7.6
2023-12-03,15:13:09.490,-99,0,98,5,0,5,25,-88,100,5,51.497288 -0.098543,57.7,77.3,108,12,11.5,4.3,970,61,-0.01,-0.04,1.43,AH,-0.4,-1,6,780,327,371,570,-1,-1,0,-1,-1,1,-1,-1,0x0000000000000000,1656,1500,1890,1500,2012,988,988,1500,988,988,1685,988,988,1785,1500,1500,1500,1500,1500,1500,1500,1500,1500,1500,1500,1500,1500,1500,1500,1500,1500,1500,7.6
2023-12-03,15:13:09.990,-97,0,94,6,0,5,25,-83,100,11,51.497282 -0.098574,57.7,77.3,108,12,11.5,4.3,970,61,-0.09,0.28,2.51,AH,-0.4,-2,6,780,324,371,570,-1,-1,0,-1,-1,1,-1,-1,0x0000000000000000,1655,1500,1890,1500,2012,988,988,1500,988,988,1685,988,988,1785,1500,1500,1500,1500,1500,1500,1500,1500,1500,1500,1500,1500,1500,1500,1500,1500,1500,1500,7.6
2023-12-03,15:13:10.490,-97,0,96,5,0,5,25,-87,100,8,51.497276 -0.098606,57.7,77.3,108,12,11.5,4.3,970,61,-0.09,0.28,2.51,AH,-0.4,-1,1,780,264,371,570,-1,-1,0,-1,-1,1,-1,-1,0x0000000000000000,1624,1500,1890,1500,2012,988,988,1500,988,988,1685,988,988,1785,1500,1500,1500,1500,1500,1500,1500,1500,1500,1500,1500,1500,1500,1500,1500,1500,1500,1500,7.6
2023-12-03,15:13:10.990,-96,0,92,7,0,5,25,-86,100,10,51.497269 -0.098637,57.7,77.3,108,12,11.5,4.3,970,61,-0.09,0.28,2.51,AH,-0.4,-1,1,780,251,371,570,-1,-1,0,-1,-1,1,-1,-1,0x0000000000000000,1617,1500,1890,1500,2012,988,988,1500,988,988,1685,988,988,1785,1500,1500,1500,1500,1500,1500,1500,1500,1500,1500,1500,1500,1500,1500,1500,1500,1500,1500,7.6
2023-12-03,15:13:11.490,-95,0,96,8,0,5,25,-89,100,8,51.497263 -0.098669,57.7,77.3,108,12,11.5,4.3,970,61,-0.09,0.28,2.51,AH,0.6,-1,1,780,149,371,570,-1,-1,0,-1,-1,1,-1,-1,0x0000000000000000,1565,1500,1890,1500,2012,988,988,1500,988,988,1685,988,988,1785,1500,1500,1500,1500,1500,1500,1500,1500,1500,1500,1500,1500,1500,1500,1500,1500,1500,1500,7.6
2023-12-03,15:13:11.990,-97,0,96,5,0,5,25,-85,100,10,51.497257 -0.098700,57.7,77.3,108,12,11.5,4.3,970,61,-0.09,0.28,2.51,AH,0.6,-2,3,780,1,371,570,-1,-1,0,-1,-1,1,-1,-1,0x0000000000000000,1500,1500,1890,1500,2012,988,988,1500,988,988,1685,988,988,1785,1500,1500,1500,1500,1500,1500,1500,1500,1500,1500,1500,1500,1500,1500,1500,1500,1500,1500,7.6
2023-12-03,15:13:12.490,-99,0,98,4,0,5,25,-87,100,9,51.497252 -0.098732,57.7,77.3,108,12,11.5,4.3,970,61,-0.09,0.28,2.51,AH,0.6,-2,3,781,136,371,570,-1,-1,0,-1,-1,1,-1,-1,0x0000000000000000,1559,1500,1890,1500,2012,988,988,1500,988,988,1685,988,988,1785,1500,1500,1500,1500,1500,1500,1500,1500,1500,1500,1500,1500,1500,1500,1500,1500,1500,1500,7.6
2023-12-03,15:13:12.990,-100,0,93,2,0,5,25,-85,100,9,51.497246 -0.098763,57.7,77.3,108,12,11.5,4.3,970,61,-0.09,0.28,2.51,AH,0.6,-1,6,780,184,371,570,-1,-1,0,-1,-1,1,-1,-1,0x0000000000000000,1583,1500,1890,1500,2012,988,988,1500,988,988,1685,988,988,1785,1500,1500,1500,1500,1500,1500,1500,1500,1500,1500,1500,1500,1500,1500,1500,1500,1500,1500,7.6
2023-12-03,15:13:13.490,-94,0,92,6,0,5,25,-82,100,12,51.497241 -0.098795,48.1,178.2,106,12,11.5,4.3,970,61,-0.09,0.28,2.51,AH,0.6,-1,4,780,167,371,570,-1,-1,0,-1,-1,1,-1,-1,0x0000000000000000,1574,1500,1890,1500,2012,988,988,1500,988,988,1685,988,988,1785,1500,1500,1500,1500,1500,1500,1500,1500,1500,1500,1500,1500,1500,1500,1500,1500,1500,1500,7.6
2023-12-03,15:13:13.990,-95,0,91,7,0,5,25,-80,100,10,51.497235 -0.098827,48.1,178.2,106,12,11.5,4.3,970,61,-0.09,0.28,2.51,AH,0.6,-1,3,780,145,371,570,-1,-1,0,-1,-1,1,-1,-1,0x0000000000000000,1563,1500,1890,1500,2012,988,988,1500,988,988,1685,988,988,1785,1500,1500,1500,1500,1500,1500,1500,1500,1500,1500,1500,1500,1500,1500,1500,1500,1500,1500,7.6
2023-12-03,15:13:14.490,-92,0,92,8,0,5,25,-80,100,12,51.497230 -0.098859,48.1,178.2,106,12,11.5,6.0,977,59,-0.09,0.28,2.51,AH,0.6,-1,1,780,49,371,570,-1,-1,0,-1,-1,1,-1,-1,0x0000000000000000,1514,1500,1890,1500,2012,988,988,1500,988,988,1685,988,988,1785,1500,1500,1500,1500,1500,1500,1500,1500,1500,1500,1500,1500,1500,1500,1500,1500,1500,1500,7.6
2023-12-03,15:13:14.990,-92,0,94,8,0,5,25,-81,100,12,51.497225 -0.098891,48.1,178.2,106,12,11.5,6.0,977,59,-0.09,0.28,2.51,AH,0.6,-1,0,780,1,371,571,-1,-1,0,-1,-1,1,-1,-1,0x0000000000000000,1500,1500,1890,1500,2012,988,988,1500,988,988,1685,988,988,1785,1500,1500,1500,1500,1500,1500,1500,1500,1500,1500,1500,1500,1500,1500,1500,1500,1500,1500,7.6
2023-12-03,15:13:15.490,-91,0,98,8,0,5,25,-82,100,12,51.497220 -0.098923,48.1,178.2,106,12,11.5,6.0,977,59,-0.26,0.09,-2.62,AH,0.6,-1,0,780,-2,370,570,-1,-1,0,-1,-1,1,-1,-1,0x0000000000000000,1500,1500,1890,1500,2012,988,988,1500,988,988,1685,988,988,1785,1500,1500,1500,1500,1500,1500,1500,1500,1500,1500,1500,1500,1500,1500,1500,1500,1500,1500,7.6
2023-12-03,15:13:15.990,-92,0,96,9,0,5,25,-82,100,11,51.497216 -0.098955,48.1,178.2,106,12,11.5,6.0,977,59,-0.26,0.09,-2.62,AH,0.6,-1,-4,780,-457,370,570,-1,-1,0,-1,-1,1,-1,-1,0x0000000000000000,1278,1500,1890,1500,2012,988,988,1500,988,988,1685,988,988,1785,1500,1500,1500,1500,1500,1500,1500,1500,1500,1500,1500,1500,1500,1500,1500,1500,1500,1500,7.6
2023-12-03,15:13:16.490,-94,0,98,9,0,5,25,-83,100,11,51.497211 -0.098987,48.1,178.2,106,12,11.5,6.0,977,59,-0.26,0.09,-2.62,AH,0.6,-1,-1,780,-439,370,570,-1,-1,0,-1,-1,1,-1,-1,0x0000000000000000,1287,1500,1890,1500,2012,988,988,1500,988,988,1685,988,988,1785,1500,1500,1500,1500,1500,1500,1500,1500,1500,1500,1500,1500,1500,1500,1500,1500,1500,1500,7.6
2023-12-03,15:13:16.990,-90,0,98,10,0,5,25,-79,100,5,51.497207 -0.099019,48.1,178.2,106,12,11.5,6.0,977,59,-0.26,0.09,-2.62,AH,1.0,-1,0,780,-443,371,570,-1,-1,0,-1,-1,1,-1,-1,0x0000000000000000,1285,1500,1890,1500,2012,988,988,1500,988,988,1685,988,988,1785,1500,1500,1500,1500,1500,1500,1500,1500,1500,1500,1500,1500,1500,1500,1500,1500,1500,1500,7.6
2023-12-03,15:13:17.490,-90,0,98,9,0,5,25,-78,100,12,51.497202 -0.099051,48.1,178.2,106,12,11.5,6.0,977,59,-0.26,0.09,-2.62,AH,1.0,-2,1,780,-287,371,570,-1,-1,0,-1,-1,1,-1,-1,0x0000000000000000,1364,1500,1890,1500,2012,988,988,1500,988,988,1685,988,988,1785,1500,1500,1500,1500,1500,1500,1500,1500,1500,1500,1500,1500,1500,1500,1500,1500,1500,1500,7.6
2023-12-03,15:13:17.990,-89,0,99,11,0,5,25,-78,100,13,51.497198 -0.099084,48.1,178.2,106,12,11.5,6.0,977,59,-0.26,0.09,-2.62,AH,1.0,-1,0,780,-304,371,570,-1,-1,0,-1,-1,1,-1,-1,0x0000000000000000,1356,1500,1890,1500,2012,988,988,1500,988,988,1685,988,988,1785,1500,1500,1500,1500,1500,1500,1500,1500,1500,1500,1500,1500,1500,1500,1500,1500,1500,1500,7.6
2023-12-03,15:13:18.490,-89,0,100,11,0,5,25,-80,100,12,51.497194 -0.099116,48.1,178.2,106,12,11.5,6.0,977,59,-0.26,0.09,-2.62,AH,1.0,-1,3,780,-19,371,570,-1,-1,0,-1,-1,1,-1,-1,0x0000000000000000,1500,1500,1890,1500,2012,988,988,1500,988,988,1685,988,988,1785,1500,1500,1500,1500,1500,1500,1500,1500,1500,1500,1500,1500,1500,1500,1500,1500,1500,1500,7.6
2023-12-03,15:13:18.990,-89,0,100,10,0,5,25,-80,100,12,51.497190 -0.099148,41.1,233.5,107,12,11.5,6.0,977,59,-0.26,0.09,-2.62,AH,1.0,-1,0,780,-2,371,570,-1,-1,0,-1,-1,1,-1,-1,0x0000000000000000,1500,1500,1890,1500,2012,988,988,1500,988,988,1685,988,988,1785,1500,1500,1500,1500,1500,1500,1500,1500,1500,1500,1500,1500,1500,1500,1500,1500,1500,1500,7.6
2023-12-03,15:13:19.490,-89,0,100,11,0,5,25,-79,100,13,51.497186 -0.099181,41.1,233.5,107,12,11.5,6.0,977,59,-0.26,0.09,-2.62,AH,1.0,-1,-7,780,-323,371,570,-1,-1,0,-1,-1,1,-1,-1,0x0000000000000000,1346,1500,1890,1500,2012,988,988,1500,988,988,1685,988,988,1785,1500,1500,1500,1500,1500,1500,1500,1500,1500,1500,1500,1500,1500,1500,1500,1500,1500,1500,7.6
2023-12-03,15:13:19.990,-90,0,100,9,0,5,25,-82,100,12,51.497183 -0.099213,41.1,233.5,107,12,11.4,6.4,987,58,-0.26,0.09,-2.62,AH,1.0,-1,0,780,-121,371,570,-1,-1,0,-1,-1,1,-1,-1,0x0000000000000000,1449,1500,1890,1500,2012,988,988,1500,988,988,1685,988,988,1785,1500,1500,1500,1500,1500,1500,1500,1500,1500,1500,1500,1500,1500,1500,1500,1500,1500,1500,7.6
2023-12-03,15:13:20.490,-91,0,98,10,0,5,25,-81,100,10,51.497179 -0.099246,41.1,233.5,107,12,11.4,6.4,987,58,-0.26,0.09,-2.62,AH,1.0,-1,-1,780,-1,371,570,-1,-1,0,-1,-1,1,-1,-1,0x0000000000000000,1500,1500,1890,1500,2012,988,988,1500,988,988,1685,988,988,1785,1500,1500,1500,1500,1500,1500,1500,1500,1500,1500,1500,1500,1500,1500,1500,1500,1500,1500,7.6
2023-12-03,15:13:20.990,-90,0,97,9,0,5,25,-81,100,11,51.497176 -0.099278,41.1,233.5,107,12,11.4,6.4,987,58,-0.06,-0.26,-2.65,AH,1.0,-1,-3,780,21,371,570,-1,-1,0,-1,-1,1,-1,-1,0x0000000000000000,1500,1500,1890,1500,2012,988,988,1500,988,988,1685,988,988,1785,1500,1500,1500,1500,1500,1500,1500,1500,1500,1500,1500,1500,1500,1500,1500,1500,1500,1500,7.6
2023-12-03,15:13:21.490,-89,0,97,11,0,5,25,-83,100,11,51.497173 -0.099311,41.1,233.5,107,12,11.4,6.4,987,58,-0.06,-0.26,-2.65,AH,1.0,-1,-4,780,-317,371,570,-1,-1,0,-1,-1,1,-1,-1,0x0000000000000000,1349,1500,1890,1500,2012,988,988,1500,988,988,1685,988,988,1785,1500,1500,1500,1500,1500,1500,1500,1500,1500,1500,1500,1500,1500,1500,1500,1500,1500,1500,7.6
2023-12-03,15:13:21.990,-92,0,98,10,0,5,25,-87,100,9,51.497170 -0.099343,41.1,233.5,107,12,11.4,6.4,987,58,-0.06,-0.26,-2.65,AH,1.0,-1,1,780,-4,371,570,-1,-1,0,-1,-1,1,-1,-1,0x0000000000000000,1500,1500,1890,1500,2012,988,988,1500,988,988,1685,988,988,1785,1500,1500,1500,1500,1500,1500,1500,1500,1500,1500,1500,1500,1500,1500,1500,1500,1500,1500,7.6
2023-12-03,15:13:22.490,-94,0,93,9,0,5,25,-84,100,10,51.497167 -0.099376,41.1,233.5,107,12,11.4,6.4,987,58,-0.06,-0.26,-2.65,AH,1.0,-1,0,780,-1,371,570,-1,-1,0,-1,-1,1,-1,-1,0x0000000000000000,1500,1500,1890,1500,2012,988,988,1500,988,988,1685,988,988,1785,1500,1500,1500,1500,1500,1500,1500,1500,1500,1500,1500,1500,1500,1500,1500,1500,1500,1500,7.6
2023-12-03,15:13:22.990,-93,0,92,9,0,5,25,-88,100,8,51.497164 -0.099409,41.1,233.5,107,12,11.4,6.4,987,58,-0.06,-0.26,-2.65,AH,-0.3,-2,-4,781,-301,371,570,-1,-1,0,-1,-1,1,-1,-1,0x0000000000000000,1357,1500,1890,1500,2012,988,988,1500,988,988,1685,988,988,1785,1500,1500,1500,1500,1500,1500,1500,1500,1500,1500,1500,1500,1500,1500,1500,1500,1500,1500,7.6
2023-12-03,15:13:23.490,-97,0,97,5,0,5,25,-85,100,6,51.497162 -0.099441,41.1,233.5,107,12,11.4,6.4,987,58,-0.06,-0.26,-2.65,AH,-0.3,-1,-1,780,0,371,570,-1,-1,0,-1,-1,1,-1,-1,0x0000000000000000,1500,1500,1890,1500,2012,988,988,1500,988,988,1685,988,988,1785,1500,1500,1500,1500,1500,1500,1500,1500,1500,1500,1500,1500,1500,1500,1500,1500,1500,1500,7.6
2023-12-03,15:13:23.990,-96,0,95,6,0,5,25,-83,100,11,51.497159 -0.099474,41.1,233.5,107,12,11.4,6.4,987,58,-0.06,-0.26,-2.65,AH,-0.3,-1,-1,780,-2,370,571,-1,-1,0,-1,-1,1,-1,-1,0x0000000000000000,1500,1500,1890,1500,2012,988,988,1500,988,988,1685,988,988,1785,1500,1500,1500,1500,1500,1500,1500,1500,1500,1500,1500,1500,1500,1500,1500,1500,1500,1500,7.6
2023-12-03,15:13:24.490,-95,0,100,8,0,5,25,-84,100,9,51.497157 -0.099507,39.1,209.2,112,12,11.4,6.4,987,58,-0.06,-0.26,-2.65,AH,-0.3,-1,-3,780,-8,371,571,-1,-1,0,-1,-1,1,-1,-1,0x0000000000000000,1500,1500,1890,1500,2012,988,988,1500,988,988,1685,988,988,1785,1500,1500,1500,1500,1500,1500,1500,1500,1500,1500,1500,1500,1500,1500,1500,1500,1500,1500,7.6
2023-12-03,15:13:24.990,-94,0,96,8,0,5,25,-85,100,10,51.497155 -0.099540,39.1,209.2,112,12,11.4,6.4,987,58,-0.06,-0.26,-2.65,AH,-0.3,-1,-1,780,1,370,570,-1,-1,0,-1,-1,1,-1,-1,0x0000000000000000,1500,1500,1890,1500,2012,988,988,1500,988,988,1685,988,988,1785,1500,1500,1500,1500,1500,1500,1500,1500,1500,1500,1500,1500,1500,1500,1500,1500,1500,1500,7.6
2023-12-03,15:13:25.490,-95,0,98,7,0,5,25,-83,100,11,51.497153 -0.099572,39.1,209.2,112,12,11.4,6.4,987,58,-0.06,-0.26,-2.65,AH,-0.3,-1,-4,780,-221,371,570,-1,-1,0,-1,-1,1,-1,-1,0x0000000000000000,1398,1500,1890,1500,2012,988,988,1500,988,988,1685,988,988,1785,1500,1500,1500,1500,1500,1500,1500,1500,1500,1500,1500,1500,1500,1500,1500,1500,1500,1500,7.6
2023-12-03,15:13:25.990,-94,0,96,9,0,5,25,-92,100,0,51.497151 -0.099605,39.1,209.2,112,12,11.5,3.9,995,60,-0.06,-0.26,-2.65,AH,-0.3,-1,-4,780,-310,371,570,-1,-1,0,-1,-1,1,-1,-1,0x0000000000000000,1353,1500,1890,1500,2012,988,988,1500,988,988,1685,988,988,1785,1500,1500,1500,1500,1500,1500,1500,1500,1500,1500,1500,1500,1500,1500,1500,1500,1500,1500,7.6
2023-12-03,15:13:26.490,-93,0,94,7,0,5,25,-80,100,11,51.497149 -0.099638,39.1,209.2,112,12,11.5,3.9,995,60,0.03,-0.04,-2.62,AH,-0.3,-2,-4,780,-309,371,570,-1,-1,0,-1,-1,1,-1,-1,0x0000000000000000,1353,1500,1890,1500,2012,988,988,1500,988,988,1685,988,988,1785,1500,1500,1500,1500,1500,1500,1500,1500,1500,1500,1500,1500,1500,1500,1500,1500,1500,1500,7.6
2023-12-03,15:13:26.990,-92,0,96,9,0,5,25,-79,100,12,51.497148 -0.099671,39.1,209.2,112,12,11.5,3.9,995,60,0.03,-0.04,-2.62,AH,-0.3,-1,-4,780,-303,371,570,-1,-1,0,-1,-1,1,-1,-1,0x0000000000000000,1356,1500,1890,1500,2012,988,988,1500,988,988,1685,988,988,1785,1500,1500,1500,1500,1500,1500,1500,1500,1500,1500,1500,1500,1500,1500,1500,1500,1500,1500,7.6
2023-12-03,15:13:27.490,-89,0,97,9,0,5,25,-77,100,13,51.497147 -0.099704,39.1,209.2,112,12,11.5,3.9,995,60,0.03,-0.04,-2.62,AH,-0.3,-2,-4,780,-306,371,570,-1,-1,0,-1,-1,1,-1,-1,0x0000000000000000,1355,1500,1890,1500,2012,988,988,1500,988,988,1685,988,988,1785,1500,1500,1500,1500,1500,1500,1500,1500,1500,1500,1500,1500,1500,1500,1500,1500,1500,1500,7.6
2023-12-03,15:13:27.990,-86,0,99,12,0,5,25,-76,100,13,51.497145 -0.099737,39.1,209.2,112,12,11.5,3.9,995,60,0.03,-0.04,-2.62,AH,-0.3,-1,-4,780,-307,371,570,-1,-1,0,-1,-1,1,-1,-1,0x0000000000000000,1354,1500,1890,1500,2012,988,988,1500,988,988,1685,988,988,1785,1500,1500,1500,1500,1500,1500,1500,1500,1500,1500,1500,1500,1500,1500,1500,1500,1500,1500,7.6
2023-12-03,15:13:28.490,-86,0,99,12,0,5,25,-75,100,13,51.497144 -0.099769,39.1,209.2,112,12,11.5,3.9,995,60,0.03,-0.04,-2.62,AH,0.0,-2,0,780,-146,371,570,-1,-1,0,-1,-1,1,-1,-1,0x0000000000000000,1436,1500,1890,1500,2012,988,988,1500,988,988,1685,988,988,1785,1500,1500,1500,1500,1500,1500,1500,1500,1500,1500,1500,1500,1500,1500,1500,1500,1500,1500,7.6
2023-12-03,15:13:28.990,-85,0,99,11,0,5,25,-77,100,13,51.497143 -0.099802,39.1,209.2,112,12,11.5,3.9,995,60,0.03,-0.04,-2.62,AH,0.0,-1,-1,780,-228,370,570,-1,-1,0,-1,-1,1,-1,-1,0x0000000000000000,1394,1500,1890,1500,2012,988,988,1500,988,988,1685,988,988,1785,1500,1500,1500,1500,1500,1500,1500,1500,1500,1500,1500,1500,1500,1500,1500,1500,1500,1500,7.6
2023-12-03,15:13:29.490,-85,0,99,12,0,5,25,-76,100,13,51.497142 -0.099835,39.1,209.2,112,12,11.5,3.9,995,60,0.03,-0.04,-2.62,AH,0.0,-1,-3,780,-271,371,570,-1,-1,0,-1,-1,1,-1,-1,0x0000000000000000,1372,1500,1890,1500,2012,988,988,1500,988,988,1685,988,988,1785,1500,1500,1500,1500,1500,1500,1500,1500,1500,1500,1500,1500,1500,1500,1500,1500,1500,1500,7.6
2023-12-03,15:13:29.990,-84,0,99,12,0,5,25,-76,100,13,51.497142 -0.099868,42.9,194.7,110,12,11.5,3.9,995,60,0.03,-0.04,-2.62,AH,0.0,-1,0,780,-7,371,570,-1,-1,0,-1,-1,1,-1,-1,0x0000000000000000,1500,1500,1890,1500,2012,988,988,1500,988,988,1685,988,988,1785,1500,1500,1500,1500,1500,1500,1500,1500,1500,1500,1500,1500,1500,1500,1500,1500,1500,1500,7.6
2023-12-03,15:13:30.490,-85,0,97,10,0,5,25,-77,100,12,51.497141 -0.099901,42.9,194.7,110,12,11.5,3.9,995,60,0.03,-0.04,-2.62,AH,0.0,-2,0,780,-1,371,570,-1,-1,0,-1,-1,1,-1,-1,0x0000000000000000,1500,1500,1890,1500,2012,988,988,1500,988,988,1685,988,988,1785,1500,1500,1500,1500,1500,1500,1500,1500,1500,1500,1500,1500,1500,1500,1500,1500,1500,1500,7.6
2023-12-03,15:13:30.990,-86,0,100,11,0,5,25,-76,100,13,51.497141 -0.099934,42.9,194.7,110,12,11.5,3.9,995,60,0.03,-0.04,-2.62,AH,0.0,-2,-1,780,-2,371,570,-1,-1,0,-1,-1,1,-1,-1,0x0000000000000000,1500,1500,1890,1500,2012,988,988,1500,988,988,1685,988,988,1785,1500,1500,1500,1500,1500,1500,1500,1500,1500,1500,1500,1500,1500,1500,1500,1500,1500,1500,7.6
2023-12-03,15:13:31.490,-86,0,98,12,0,5,25,-75,100,12,51.497141 -0.099967,42.9,194.7,110,12,11.5,3.7,1001,61,0.03,-0.04,-2.62,AH,0.0,-1,0,780,95,371,570,-1,-1,0,-1,-1,1,-1,-1,0x0000000000000000,1538,1500,1890,1500,2012,988,988,1500,988,988,1685,988,988,1785,1500,1500,1500,1500,1500,1500,1500,1500,1500,1500,1500,1500,1500,1500,1500,1500,1500,1500,7.6
2023-12-03,15:13:31.990,-87,0,99,11,0,5,25,-78,100,12,51.497141 -0.100000,42.9,194.7,110,12,11.5,3.7,1001,61,0.01,0.0,3.12,AH,0.0,-1,-3,780,169,371,570,-1,-1,0,-1,-1,1,-1,-1,0x0000000000000000,1575,1500,1890,1500,2012,988,988,1500,988,988,1685,988,988,1785,1500,1500,1500,1500,1500,1500,1500,1500,1500,1500,1500,1500,1500,1500,1500,1500,1500,1500,7.6
2023-12-03,15:13:32.490,-87,0,99,11,0,5,25,-82,100,11,51.497141 -0.100033,42.9,194.7,110,12,11.5,3.7,1001,61,0.01,0.0,3.12,AH,0.0,-1,-3,780,154,371,570,-1,-1,0,-1,-1,1,-1,-1,0x0000000000000000,1568,1500,1890,1500,2012,988,988,1500,988,988,1685,988,988,1785,1500,1500,1500,1500,1500,1500,1500,1500,1500,1500,1500,1500,1500,1500,1500,1500,1500,1500,7.6
2023-12-03,15:13:32.990,-88,0,99,10,0,5,25,-82,100,11,51.497141 -0.100066,42.9,194.7,110,12,11.5,3.7,1001,61,0.01,0.0,3.12,AH,0.0,-1,-1,780,-1,371,570,-1,-1,0,-1,-1,1,-1,-1,0x0000000000000000,1500,1500,1890,1500,2012,988,988,1500,988,988,1685,988,988,1785,1500,1500,1500,1500,1500,1500,1500,1500,1500,1500,1500,1500,1500,1500,1500,1500,1500,1500,7.6
2023-12-03,15:13:33.490,-89,0,99,11,0,5,25,-82,100,11,51.497141 -0.100099,42.9,194.7,110,12,11.5,3.7,1001,61,0.01,0.0,3.12,AH,0.0,-1,-3,780,154,371,570,-1,-1,0,-1,-1,1,-1,-1,0x0000000000000000,1568,1500,1890,1500,2012,988,988,1500,988,988,1685,988,988,1785,1500,1500,1500,1500,1500,1500,1500,1500,1500,1500,1500,1500,1500,1500,1500,1500,1500,1500,7.6
2023-12-03,15:13:33.990,-91,0,98,9,0,5,25,-86,100,8,51.497142 -0.100132,42.9,194.7,110,12,11.5,3.7,1001,61,0.01,0.0,3.12,AH,0.1,-1,0,780,145,371,570,-1,-1,0,-1,-1,1,-1,-1,0x0000000000000000,1563,1500,1890,1500,2012,988,988,1500,988,988,1685,988,988,1785,1500,1500,1500,1500,1500,1500,1500,1500,1500,1500,1500,1500,1500,1500,1500,1500,1500,1500,7.6
2023-12-03,15:13:34.490,-90,0,97,10,0,5,25,-82,100,10,51.497142 -0.100165,42.9,194.7,110,12,11.5,3.7,1001,61,0.01,0.0,3.12,AH,0.1,-2,-1,780,58,371,570,-1,-1,0,-1,-1,1,-1,-1,0x0000000000000000,1519,1500,1890,1500,2012,988,988,1500,988,988,1685,988,988,1785,1500,1500,1500,1500,1500,1500,1500,1500,1500,1500,1500,1500,1500,1500,1500,1500,1500,1500,7.6
2023-12-03,15:13:34.990,-89,0,96,11,0,5,25,-76,100,13,51.497143 -0.100198,42.9,194.7,110,12,11.5,3.7,1001,61,0.01,0.0,3.12,AH,0.1,-1,-1,780,68,371,570,-1,-1,0,-1,-1,1,-1,-1,0x0000000000000000,1524,1500,1890,1500,2012,988,988,1500,988,988,1685,988,988,1785,1500,1500,1500,1500,1500,1500,1500,1500,1500,1500,1500,1500,1500,1500,1500,1500,1500,1500,7.6
2023-12-03,15:13:35.490,-86,0,98,11,0,5,25,-76,100,13,51.497144 -0.100231,44.1,168.4,108,12,11.5,3.7,1001,61,0.01,0.0,3.12,AH,0.1,-1,0,780,87,371,570,-1,-1,0,-1,-1,1,-1,-1,0x0000000000000000,1534,1500,1890,1500,2012,988,988,1500,988,988,1685,988,988,1785,1500,1500,1500,1500,1500,1500,1500,1500,1500,1500,1500,1500,1500,1500,1500,1500,1500,1500,7.6
2023-12-03,15:13:35.990,-85,0,98,12,0,5,25,-76,100,12,51.497145 -0.100263,44.1,168.4,108,12,11.5,3.7,1001,61,0.01,0.0,3.12,AH,0.1,-1,1,780,0,371,570,-1,-1,0,-1,-1,1,-1,-1,0x0000000000000000,1500,1500,1890,1500,2012,988,988,1500,988,988,1685,988,988,1785,1500,1500,1500,1500,1500,1500,1500,1500,1500,1500,1500,1500,1500,1500,1500,1500,1500,1500,7.6
2023-12-03,15:13:36.490,-83,0,98,12,0,5,25,-73,100,14,51.497147 -0.100296,44.1,168.4,108,12,11.5,3.7,1001,61,0.01,0.0,3.12,AH,0.1,-1,0,780,-1,371,571,-1,-1,0,-1,-1,1,-1,-1,0x0000000000000000,1500,1500,1890,1500,2012,988,988,1500,988,988,1685,988,988,1785,1500,1500,1500,1500,1500,1500,1500,1500,1500,1500,1500,1500,1500,1500,1500,1500,1500,1500,7.6
2023-12-03,15:13:36.990,-82,0,100,13,0,5,25,-73,100,13,51.497148 -0.100329,44.1,168.4,108,12,11.5,4.2,1007,60,0.01,0.0,3.12,AH,0.1,-1,0,780,-21,371,570,-1,-1,0,-1,-1,1,-1,-1,0x0000000000000000,1500,1500,1890,1500,2012,988,988,1500,988,988,1685,988,988,1785,1500,1500,1500,1500,1500,1500,1500,1500,1500,1500,1500,1500,1500,1500,1500,1500,1500,1500,7.6
2023-12-03,15:13:37.490,-82,0,100,12,0,5,25,-71,100,13,51.497149 -0.100362,44.1,168.4,108,12,11.5,4.2,1007,60,-0.01,-0.03,3.1,AH,0.1,-1,0,780,-4,371,570,-1,-1,0,-1,-1,1,-1,-1,0x0000000000000000,1500,1500,1890,1500,2012,988,988,1500,988,988,1685,988,988,1785,1500,1500,1500,1500,1500,1500,1500,1500,1500,1500,1500,1500,1500,1500,1500,1500,1500,1500,7.6
2023-12-03,15:13:37.990,-83,0,99,13,0,5,25,-76,100,13,51.497151 -0.100395,44.1,168.4,108,12,11.5,4.2,1007,60,-0.01,-0.03,3.1,AH,0.1,-1,0,780,-2,371,571,-1,-1,0,-1,-1,1,-1,-1,0x0000000000000000,1500,1500,1890,1500,2012,988,988,1500,988,988,1685,988,988,1785,1500,1500,1500,1500,1500,1500,1500,1500,1500,1500,1500,1500,1500,1500,1500,1500,1500,1500,7.6
2023-12-03,15:13:38.490,-85,0,98,12,0,5,25,-79,100,12,51.497153 -0.100428,44.1,168.4,108,12,11.5,4.2,1007,60,-0.01,-0.03,3.1,AH,0.1,-1,1,780,-2,371,570,-1,-1,0,-1,-1,1,-1,-1,0x0000000000000000,1500,1500,1890,1500,2012,988,988,1500,988,988,1685,988,988,1785,1500,1500,1500,1500,1500,1500,1500,1500,1500,1500,1500,1500,1500,1500,1500,1500,1500,1500,7.6
2023-12-03,15:13:38.990,-87,0,99,11,0,5,25,-82,100,10,51.497155 -0.100460,44.1,168.4,108,12,11.5,4.2,1007,60,-0.01,-0.03,3.1,AH,0.1,-1,-1,780,-5,371,570,-1,-1,0,-1,-1,1,-1,-1,0x0000000000000000,1500,1500,1890,1500,2012,988,988,1500,988,988,1685,988,988,1785,1500,1500,1500,1500,1500,1500,1500,1500,1500,1500,1500,1500,1500,1500,1500,1500,1500,1500,7.6
2023-12-03,15:13:39.490,-89,0,99,11,0,5,25,-76,100,11,51.497157 -0.100493,44.1,168.4,108,12,11.5,4.2,1007,60,-0.01,-0.03,3.1,AH,-0.1,-1,1,780,-2,371,571,-1,-1,0,-1,-1,1,-1,-1,0x0000000000000000,1500,1500,1890,1500,2012,988,988,1500,988,988,1685,988,988,1785,1500,1500,1500,1500,1500,1500,1500,1500,1500,1500,1500,1500,1500,1500,1500,1500,1500,1500,7.6
2023-12-03,15:13:39.990,-86,0,97,11,0,5,25,-74,100,14,51.497159 -0.100526,44.1,168.4,108,12,11.5,4.2,1007,60,-0.01,-0.03,3.1,AH,-0.1,-2,-10,780,0,371,571,-1,0,0,-1,-1,1,-1,-1,0x0000000000000000,1500,1500,1890,1500,2012,988,1500,1500,988,988,1685,988,988,1785,1500,1500,1500,1500,1500,1500,1500,1500,1500,1500,1500,1500,1500,1500,1500,1500,1500,1500,7.6
2023-12-03,15:13:40.490,-81,0,98,13,0,5,25,-72,100,13,51.497162 -0.100559,44.1,168.4,108,12,11.5,4.2,1007,60,-0.01,-0.03,3.1,AH,-0.1,-1,319,780,0,371,570,-1,0,0,-1,-1,1,-1,-1,0x0000000000000000,1500,1652,1890,1500,2012,988,1500,1500,988,988,1685,988,988,1785,1500,1500,1500,1500,1500,1500,1500,1500,1500,1500,1500,1500,1500,1500,1500,1500,1500,1500,7.6
2023-12-03,15:13:40.990,-80,0,98,13,0,5,25,-72,100,13,51.497164 -0.100591,40.7,171.5,108,12,11.5,4.2,1007,60,-0.01,-0.03,3.1,AH,-0.1,-1,474,780,4,371,570,-1,0,0,-1,-1,1,-1,-1,0x0000000000000000,1500,1731,1890,1500,2012,988,1500,1500,988,988,1685,988,988,1785,1500,1500,1500,1500,1500,1500,1500,1500,1500,1500,1500,1500,1500,1500,1500,1500,1500,1500,7.6
2023-12-03,15:13:41.490,-82,0,98,13,0,5,25,-75,100,12,51.497167 -0.100624,40.7,171.5,108,12,11.5,4.2,1007,60,-0.01,-0.03,3.1,AH,-0.1,-1,75,780,2,371,570,-1,0,0,-1,-1,1,-1,-1,0x0000000000000000,1500,1528,1890,1500,2012,988,1500,1500,988,988,1685,988,988,1785,1500,1500,1500,1500,1500,1500,1500,1500,1500,1500,1500,1500,1500,1500,1500,1500,1500,1500,7.6
2023-12-03,15:13:41.990,-84,0,97,11,0,5,25,-73,100,14,51.497170 -0.100657,40.7,171.5,108,12,11.5,4.2,1007,60,-0.01,-0.03,3.1,AH,-0.1,-2,3,781,4,371,570,-1,0,0,-1,-1,1,-1,-1,0x0000000000000000,1500,1500,1890,1500,2012,988,1500,1500,988,988,1685,988,988,1785,1500,1500,1500,1500,1500,1500,1500,1500,1500,1500,1500,1500,1500,1500,1500,1500,1500,1500,7.6
2023-12-03,15:13:42.490,-84,0,97,12,0,5,25,-76,100,13,51.497173 -0.100689,40.7,171.5,108,12,11.3,12.5,1016,51,-0.01,-0.03,3.1,AH,-0.1,-1,218,781,-2,371,570,-1,0,0,-1,-1,1,-1,-1,0x0000000000000000,1500,1600,1890,1500,2012,988,1500,1500,988,988,1685,988,988,1785,1500,1500,1500,1500,1500,1500,1500,1500,1500,1500,1500,1500,1500,1500,1500,1500,1500,1500,7.6
2023-12-03,15:13:42.990,-85,0,99,11,0,5,25,-80,100,13,51.497176 -0.100722,40.7,171.5,108,12,11.3,12.5,1016,51,-0.01,-0.03,3.1,AH,-0.1,-2,218,780,2,371,570,-1,0,0,-1,-1,1,-1,-1,0x0000000000000000,1500,1600,1890,1500,2012,988,1500,1500,988,988,1685,988,988,1785,1500,1500,1500,1500,1500,1500,1500,1500,1500,1500,1500,1500,1500,1500,1500,1500,1500,1500,7.6
2023-12-03,15:13:43.490,-87,0,98,12,0,5,25,-82,100,10,51.497179 -0.100754,40.7,171.5,108,12,11.3,12.5,1016,51,0.27,0.08,2.92,AH,-0.1,-2,401,780,36,371,570,-1,0,0,-1,-1,1,-1,-1,0x0000000000000000,1508,1694,1890,1500,2012,988,1500,1500,988,988,1685,988,988,1785,1500,1500,1500,1500,1500,1500,1500,1500,1500,1500,1500,1500,1500,1500,1500,1500,1500,1500,7.6
2023-12-03,15:13:43.990,-89,0,99,10,0,5,25,-74,100,13,51.497183 -0.100787,40.7,171.5,108,12,11.3,12.5,1016,51,0.27,0.08,2.92,AIR,-0.1,-1,-1,781,-4,371,570,-1,0,0,-1,-1,1,-1,-1,0x0000000000000000,1500,1500,1890,1500,2012,988,1500,1500,988,988,1685,988,988,1785,1500,1500,1500,1500,1500,1500,1500,1500,1500,1500,1500,1500,1500,1500,1500,1500,1500,1500,7.6
2023-12-03,15:13:44.490,-87,0,99,12,0,5,25,-73,100,13,51.497186 -0.100819,40.7,171.5,108,12,11.3,12.5,1016,51,0.27,0.08,2.92,AIR,-0.1,-1,-24,781,-87,371,570,-1,0,0,-1,-1,1,-1,-1,0x0000000000000000,1466,1498,1890,1500,2012,988,1500,1500,988,988,1685,988,988,1785,1500,1500,1500,1500,1500,1500,1500,1500,1500,1500,1500,1500,1500,1500,1500,1500,1500,1500,7.6
2023-12-03,15:13:44.990,-84,0,100,12,0,5,25,-71,100,13,51.497190 -0.100852,40.7,171.5,108,12,11.3,12.5,1016,51,0.27,0.08,2.92,AIR,-14.5,-1,-4,638,-1,371,570,-1,0,0,-1,-1,1,-1,-1,0x0000000000000000,1500,1500,1819,1500,2012,988,1500,1500,988,988,1685,988,988,1785,1500,1500,1500,1500,1500,1500,1500,1500,1500,1500,1500,1500,1500,1500,1500,1500,1500,1500,7.6
2023-12-03,15:13:45.490,-80,0,100,12,0,5,25,-71,100,14,51.497194 -0.100884,40.7,171.5,108,12,11.3,12.5,1016,51,0.27,0.08,2.92,AIR,-14.5,0,1,-221,87,371,570,-1,0,0,-1,-1,1,-1,-1,0x0000000000000000,1534,1500,1390,1500,2012,988,1500,1500,988,988,1685,988,988,1785,1500,1500,1500,1500,1500,1500,1500,1500,1500,1500,1500,1500,1500,1500,1500,1500,1500,1500,7.6
2023-12-03,15:13:45.990,-82,0,98,13,0,5,25,-72,100,12,51.497198 -0.100916,40.7,171.5,108,12,11.3,12.5,1016,51,0.27,0.08,2.92,AIR,-14.5,-1,-3,-397,-4,371,570,-1,0,0,-1,-1,1,-1,-1,0x0000000000000000,1500,1500,1302,1500,2012,988,1500,1500,988,988,1685,988,988,1785,1500,1500,1500,1500,1500,1500,1500,1500,1500,1500,1500,1500,1500,1500,1500,1500,1500,1500,7.6
2023-12-03,15:13:46.490,-81,0,99,12,0,5,25,-71,100,13,51.497202 -0.100949,76.1,170.7,80,12,11.3,12.5,1016,51,0.27,0.08,2.92,AIR,-14.5,0,-73,-397,-21,371,570,-1,0,0,-1,-1,1,-1,-1,0x0000000000000000,1500,1473,1302,1500,2012,988,1500,1500,988,988,1685,988,988,1785,1500,1500,1500,1500,1500,1500,1500,1500,1500,1500,1500,1500,1500,1500,1500,1500,1500,1500,7.6
2023-12-03,15:13:46.990,-80,0,99,12,0,5,25,-74,100,13,51.497207 -0.100981,76.1,170.7,80,12,11.3,12.5,1016,51,0.27,0.08,2.92,AIR,-14.5,0,-165,-397,-118,371,570,-1,0,0,-1,-1,1,-1,-1,0x0000000000000000,1451,1427,1302,1500,2012,988,1500,1500,988,988,1685,988,988,1785,1500,1500,1500,1500,1500,1500,1500,1500,1500,1500,1500,1500,1500,1500,1500,1500,1500,1500,7.6
2023-12-03,15:13:47.490,-79,0,99,13,0,5,25,-74,100,13,51.497211 -0.101013,76.1,170.7,80,12,11.3,12.5,1016,51,0.27,0.08,2.92,AIR,-14.5,-1,-52,-396,-183,371,570,-1,0,0,-1,-1,1,-1,-1,0x0000000000000000,1417,1484,1302,1500,2012,988,1500,1500,988,988,1685,988,988,1785,1500,1500,1500,1500,1500,1500,1500,1500,1500,1500,1500,1500,1500,1500,1500,1500,1500,1500,7.6
2023-12-03,15:13:47.990,-84,0,99,12,0,5,25,-75,100,13,51.497216 -0.101045,76.1,170.7,80,12,11.5,0.9,1030,61,0.27,0.08,2.92,AIR,-14.5,0,-96,-397,-5,371,570,-1,0,0,-1,-1,1,-1,-1,0x0000000000000000,1500,1462,1302,1500,2012,988,1500,1500,988,988,1685,988,988,1785,1500,1500,1500,1500,1500,1500,1500,1500,1500,1500,1500,1500,1500,1500,1500,1500,1500,1500,7.6
2023-12-03,15:13:48.490,-86,0,97,10,0,5,25,-81,100,11,51.497220 -0.101077,76.1,170.7,80,12,11.5,0.9,1030,61,0.27,0.08,2.92,AIR,-14.5,0,-180,-397,-27,371,570,-1,0,0,-1,-1,1,-1,-1,0x0000000000000000,1497,1419,1302,1500,2012,988,1500,1500,988,988,1685,988,988,1785,1500,1500,1500,1500,1500,1500,1500,1500,1500,1500,1500,1500,1500,1500,1500,1500,1500,1500,7.6
2023-12-03,15:13:48.990,-82,0,100,12,0,5,25,-69,100,13,51.497225 -0.101109,76.1,170.7,80,12,11.5,0.9,1030,61,0.47,-0.74,-3.13,AIR,-14.5,0,-219,-379,-2,371,571,-1,0,0,-1,-1,1,-1,-1,0x0000000000000000,1500,1399,1311,1500,2012,988,1500,1500,988,988,1685,988,988,1785,1500,1500,1500,1500,1500,1500,1500,1500,1500,1500,1500,1500,1500,1500,1500,1500,1500,1500,7.6
2023-12-03,15:13:49.490,-78,0,99,13,0,5,25,-66,100,15,51.497230 -0.101141,76.1,170.7,80,12,11.5,0.9,1030,61,0.47,-0.74,-3.13,AIR,-14.5,0,-216,-373,6,371,570,-1,0,0,-1,-1,1,-1,-1,0x0000000000000000,1500,1401,1314,1500,2012,988,1500,1500,988,988,1685,988,988,1785,1500,1500,1500,1500,1500,1500,1500,1500,1500,1500,1500,1500,1500,1500,1500,1500,1500,1500,7.6
2023-12-03,15:13:49.990,-75,0,100,13,0,5,25,-65,100,15,51.497235 -0.101173,76.1,170.7,80,12,11.5,0.9,1030,61,0.47,-0.74,-3.13,AIR,-14.5,0,-96,-371,171,371,570,-1,0,0,-1,-1,1,-1,-1,0x0000000000000000,1577,1462,1315,1500,2012,988,1500,1500,988,988,1685,988,988,1785,1500,1500,1500,1500,1500,1500,1500,1500,1500,1500,1500,1500,1500,1500,1500,1500,1500,1500,7.6
2023-12-03,15:13:50.490,-74,0,100,13,0,5,25,-65,100,14,51.497241 -0.101205,76.1,170.7,80,12,11.5,0.9,1030,61,0.47,-0.74,-3.13,AIR,-4.9,-1,-130,-373,-39,371,570,-1,0,0,-1,-1,1,-1,-1,0x0000000000000000,1491,1444,1314,1500,2012,988,1500,1500,988,988,1685,988,988,1785,1500,1500,1500,1500,1500,1500,1500,1500,1500,1500,1500,1500,1500,1500,1500,1500,1500,1500,7.6
2023-12-03,15:13:50.990,-79,0,99,13,0,5,25,-75,100,13,51.497246 -0.101237,76.1,170.7,80,12,11.5,0.9,1030,61,0.47,-0.74,-3.13,AIR,-4.9,0,-151,-373,-8,371,570,-1,0,0,-1,-1,1,-1,-1,0x0000000000000000,1500,1434,1314,1500,2012,988,1500,1500,988,988,1685,988,988,1785,1500,1500,1500,1500,1500,1500,1500,1500,1500,1500,1500,1500,1500,1500,1500,1500,1500,1500,7.6
2023-12-03,15:13:51.490,-85,0,98,11,0,5,25,-77,100,14,51.497252 -0.101268,76.1,170.7,80,12,11.5,0.9,1030,61,0.47,-0.74,-3.13,AIR,-4.9,0,-16,-373,194,371,570,-1,0,0,-1,-1,1,-1,-1,0x0000000000000000,1588,1500,1314,1500,2012,988,1500,1500,988,988,1685,988,988,1785,1500,1500,1500,1500,1500,1500,1500,1500,1500,1500,1500,1500,1500,1500,1500,1500,1500,1500,7.6
2023-12-03,15:13:51.990,-83,0,98,12,0,5,25,-82,100,13,51.497257 -0.101300,72.6,154.7,32,12,11.5,0.9,1030,61,0.47,-0.74,-3.13,AIR,-4.9,0,-4,-373,-24,371,570,-1,0,0,-1,-1,1,-1,-1,0x0000000000000000,1498,1500,1314,1500,2012,988,1500,1500,988,988,1685,988,988,1785,1500,1500,1500,1500,1500,1500,1500,1500,1500,1500,1500,1500,1500,1500,1500,1500,1500,1500,7.6
2023-12-03,15:13:52.490,-84,0,99,12,0,5,25,-75,100,12,51.497263 -0.101331,72.6,154.7,32,12,11.5,0.9,1030,61,0.47,-0.74,-3.13,AIR,-4.9,0,-38,-373,-10,371,571,-1,0,0,-1,-1,1,-1,-1,0x0000000000000000,1500,1491,1314,1500,2012,988,1500,1500,988,988,1685,988,988,1785,1500,1500,1500,1500,1500,1500,1500,1500,1500,1500,1500,1500,1500,1500,1500,1500,1500,1500,7.6
2023-12-03,15:13:52.990,-82,0,99,12,0,5,25,-71,100,13,51.497269 -0.101363,72.6,154.7,32,12,11.5,0.9,1030,61,0.47,-0.74,-3.13,AIR,-4.9,0,3,-371,99,371,570,-1,0,0,-1,-1,1,-1,-1,0x0000000000000000,1540,1500,1315,1500,2012,988,1500,1500,988,988,1685,988,988,1785,1500,1500,1500,1500,1500,1500,1500,1500,1500,1500,1500,1500,1500,1500,1500,1500,1500,1500,7.6
2023-12-03,15:13:53.490,-80,0,99,13,0,5,25,-70,100,14,51.497276 -0.101394,72.6,154.7,32,12,11.6,1.5,1032,62,0.47,-0.74,-3.13,AIR,-4.9,0,4,-148,56,371,570,-1,0,0,-1,-1,1,-1,-1,0x0000000000000000,1518,1500,1426,1500,2012,988,1500,1500,988,988,1685,988,988,1785,1500,1500,1500,1500,1500,1500,1500,1500,1500,1500,1500,1500,1500,1500,1500,1500,1500,1500,7.6
2023-12-03,15:13:53.990,-78,0,97,12,0,5,25,-70,100,14,51.497282 -0.101426,72.6,154.7,32,12,11.6,1.5,1032,62,0.47,-0.74,-3.13,AIR,-4.9,-1,-147,316,2,371,570,-1,0,0,-1,-1,1,-1,-1,0x0000000000000000,1500,1436,1658,1500,2012,988,1500,1500,988,988,1685,988,988,1785,1500,1500,1500,1500,1500,1500,1500,1500,1500,1500,1500,1500,1500,1500,1500,1500,1500,1500,7.6
2023-12-03,15:13:54.490,-81,0,95,13,0,5,25,-75,100,12,51.497288 -0.101457,72.6,154.7,32,12,11.6,1.5,1032,62,0.22,0.22,2.6,AIR,-4.9,-1,-277,316,1,371,570,-1,0,0,-1,-1,1,-1,-1,0x0000000000000000,1500,1369,1658,1500,2012,988,1500,1500,988,988,1685,988,988,1785,1500,1500,1500,1500,1500,1500,1500,1500,1500,1500,1500,1500,1500,1500,1500,1500,1500,1500,7.6
2023-12-03,15:13:54.990,-94,0,98,8,0,5,25,-85,100,10,51.497295 -0.101488,72.6,154.7,32,12,11.6,1.5,1032,62,0.22,0.22,2.6,AIR,-4.9,-1,-294,316,0,371,570,-1,0,0,-1,-1,1,-1,-1,0x0000000000000000,1500,1361,1658,1500,2012,988,1500,1500,988,988,1685,988,988,1785,1500,1500,1500,1500,1500,1500,1500,1500,1500,1500,1500,1500,1500,1500,1500,1500,1500,1500,7.6
2023-12-03,15:13:55.490,-93,0,97,9,0,5,25,-83,100,10,51.497302 -0.101519,72.6,154.7,32,12,11.6,1.5,1032,62,0.22,0.22,2.6,AIR,-4.9,-1,-159,316,0,371,571,-1,0,0,-1,-1,1,-1,-1,0x0000000000000000,1500,1430,1658,1500,2012,988,1500,1500,988,988,1685,988,988,1785,1500,1500,1500,1500,1500,1500,1500,1500,1500,1500,1500,1500,1500,1500,1500,1500,1500,1500,7.6
2023-12-03,15:13:55.990,-92,0,98,8,0,5,25,-81,100,11,51.497308 -0.101550,72.6,154.7,32,12,11.6,1.5,1032,62,0.22,0.22,2.6,AIR,1.9,-1,-133,316,-2,371,570,-1,0,0,-1,-1,1,-1,-1,0x0000000000000000,1500,1443,1658,1500,2012,988,1500,1500,988,988,1685,988,988,1785,1500,1500,1500,1500,1500,1500,1500,1500,1500,1500,1500,1500,1500,1500,1500,1500,1500,1500,7.6
2023-12-03,15:13:56.490,-89,0,99,11,0,5,25,-76,100,13,51.497315 -0.101581,72.6,154.7,32,12,11.6,1.5,1032,62,0.22,0.22,2.6,AIR,1.9,-1,-190,316,-89,371,570,-1,0,0,-1,-1,1,-1,-1,0x0000000000000000,1465,1414,1658,1500,2012,988,1500,1500,988,988,1685,988,988,1785,1500,1500,1500,1500,1500,1500,1500,1500,1500,1500,1500,1500,1500,1500,1500,1500,1500,1500,7.6
2023-12-03,15:13:56.990,-90,0,100,11,0,5,25,-71,100,13,51.497323 -0.101612,72.6,154.7,32,12,11.6,1.5,1032,62,0.22,0.22,2.6,AIR,1.9,-1,-82,316,-65,371,571,-1,0,0,-1,-1,1,-1,-1,0x0000000000000000,1478,1469,1658,1500,2012,988,1500,1500,988,988,1685,988,988,1785,1500,1500,1500,1500,1500,1500,1500,1500,1500,1500,1500,1500,1500,1500,1500,1500,1500,1500,7.6
2023-12-03,15:13:57.490,-87,0,100,11,0,5,25,-79,100,14,51.497330 -0.101643,72.6,154.7,32,12,11.6,1.5,1032,62,0.22,0.22,2.6,AIR,1.9,-1,-41,316,-134,371,570,-1,0,0,-1,-1,1,-1,-1,0x0000000000000000,1442,1490,1658,1500,2012,988,1500,1500,988,988,1685,988,988,1785,1500,1500,1500,1500,1500,1500,1500,1500,1500,1500,1500,1500,1500,1500,1500,1500,1500,1500,7.6
2023-12-03,15:13:57.990,-85,0,98,11,0,5,25,-72,100,14,51.497337 -0.101674,52.8,165.7,31,12,11.6,1.5,1032,62,0.22,0.22,2.6,AIR,1.9,-1,-4,316,-5,371,570,-1,0,0,-1,-1,1,-1,-1,0x0000000000000000,1500,1500,1658,1500,2012,988,1500,1500,988,988,1685,988,988,1785,1500,1500,1500,1500,1500,1500,1500,1500,1500,1500,1500,1500,1500,1500,1500,1500,1500,1500,7.6
2023-12-03,15:13:58.490,-83,0,99,12,0,5,25,-72,100,13,51.497345 -0.101704,52.8,165.7,31,12,11.6,1.5,1032,62,0.22,0.22,2.6,AIR,1.9,-1,-24,316,84,371,570,-1,0,0,-1,-1,1,-1,-1,0x0000000000000000,1532,1498,1658,1500,2012,988,1500,1500,988,988,1685,988,988,1785,1500,1500,1500,1500,1500,1500,1500,1500,1500,1500,1500,1500,1500,1500,1500,1500,1500,1500,7.6
2023-12-03,15:13:58.990,-83,0,99,12,0,5,25,-71,100,13,51.497352 -0.101735,52.8,165.7,31,12,11.4,6.6,1040,57,0.22,0.22,2.6,AIR,1.9,-1,-3,316,-2,371,570,-1,0,0,-1,-1,1,-1,-1,0x0000000000000000,1500,1500,1658,1500,2012,988,1500,1500,988,988,1685,988,988,1785,1500,1500,1500,1500,1500,1500,1500,1500,1500,1500,1500,1500,1500,1500,1500,1500,1500,1500,7.6
2023-12-03,15:13:59.490,-83,0,97,11,0,5,25,-71,100,13,51.497360 -0.101765,52.8,165.7,31,12,11.4,6.6,1040,57,0.22,0.22,2.6,AIR,1.9,0,-7,317,-1,371,570,-1,-1,0,-1,-1,1,-1,-1,0x0000000000000000,1500,1500,1658,1500,2012,988,1500,1500,988,988,1685,988,988,1785,1500,1500,1500,1500,1500,1500,1500,1500,1500,1500,1500,1500,1500,1500,1500,1500,1500,1500,7.6
2023-12-03,15:13:59.990,-81,0,97,13,0,5,25,-72,100,14,51.497368 -0.101796,52.8,165.7,31,12,11.4,6.6,1040,57,-0.09,-0.1,-2.49,AIR,1.9,-1,-1,316,-2,405,570,-1,-1,0,-1,-1,1,-1,-1,0x0000000000000000,1500,1500,1658,1500,2012,988,988,1500,988,988,1702,988,988,1785,1500,1500,1500,1500,1500,1500,1500,1500,1500,1500,1500,1500,1500,1500,1500,1500,1500,1500,7.6
2023-12-03,15:14:00.490,-81,0,97,12,0,5,25,-73,100,13,51.497376 -0.101826,52.8,165.7,31,12,11.4,6.6,1040,57,-0.09,-0.1,-2.49,AIR,1.9,-1,-1,316,-7,404,570,-1,-1,0,-1,-1,1,-1,-1,0x0000000000000000,1500,1500,1658,1500,2012,988,988,1500,988,988,1702,988,988,1785,1500,1500,1500,1500,1500,1500,1500,1500,1500,1500,1500,1500,1500,1500,1500,1500,1500,1500,7.6
2023-12-03,15:14:00.990,-84,0,99,11,0,5,25,-72,100,13,51.497384 -0.101856,52.8,165.7,31,12,11.4,6.6,1040,57,-0.09,-0.1,-2.49,AIR,1.9,-1,-3,316,-36,396,570,-1,-1,0,-1,-1,1,-1,-1,0x0000000000000000,1485,1500,1658,1500,2012,988,988,1500,988,988,1698,988,988,1785,1500,1500,1500,1500,1500,1500,1500,1500,1500,1500,1500,1500,1500,1500,1500,1500,1500,1500,7.6
2023-12-03,15:14:01.490,-87,0,99,12,0,5,25,-78,100,12,51.497393 -0.101886,52.8,165.7,31,12,11.4,6.6,1040,57,-0.09,-0.1,-2.49,AIR,0.0,-1,-1,316,-1,396,570,-1,-1,0,-1,-1,1,-1,-1,0x0000000000000000,1500,1500,1658,1500,2012,988,988,1500,988,988,1698,988,988,1785,1500,1500,1500,1500,1500,1500,1500,1500,1500,1500,1500,1500,1500,1500,1500,1500,1500,1500,7.6
2023-12-03,15:14:01.990,-89,0,98,11,0,5,25,-80,100,12,51.497401 -0.101916,52.8,165.7,31,12,11.4,6.6,1040,57,-0.09,-0.1,-2.49,AIR,0.0,-1,-3,316,-8,396,570,-1,-1,0,-1,-1,1,-1,-1,0x0000000000000000,1500,1500,1658,1500,2012,988,988,1500,988,988,1698,988,988,1785,1500,1500,1500,1500,1500,1500,1500,1500,1500,1500,1500,1500,1500,1500,1500,1500,1500,1500,7.6
2023-12-03,15:14:02.490,-83,0,98,13,0,5,25,-77,100,13,51.497410 -0.101946,52.8,165.7,31,12,11.4,6.6,1040,57,-0.09,-0.1,-2.49,AIR,0.0,-1,-3,316,-178,396,570,-1,-1,0,-1,-1,1,-1,-1,0x0000000000000000,1420,1500,1658,1500,2012,988,988,1500,988,988,1698,988,988,1785,1500,1500,1500,1500,1500,1500,1500,1500,1500,1500,1500,1500,1500,1500,1500,1500,1500,1500,7.6
2023-12-03,15:14:02.990,-81,0,97,12,0,5,25,-69,100,15,51.497419 -0.101976,52.8,165.7,31,12,11.4,6.6,1040,57,-0.09,-0.1,-2.49,AIR,0.0,-1,-3,316,-241,396,570,-1,-1,0,-1,-1,1,-1,-1,0x0000000000000000,1388,1500,1658,1500,2012,988,988,1500,988,988,1698,988,988,1785,1500,1500,1500,1500,1500,1500,1500,1500,1500,1500,1500,1500,1500,1500,1500,1500,1500,1500,7.6
2023-12-03,15:14:03.490,-78,0,99,13,0,5,25,-64,100,14,51.497428 -0.102006,39.8,242.8,42,12,11.4,6.6,1040,57,-0.09,-0.1,-2.49,AIR,0.0,-1,-1,316,-238,396,570,-1,-1,0,-1,-1,1,-1,-1,0x0000000000000000,1389,1500,1658,1500,2012,988,988,1500,988,988,1698,988,988,1785,1500,1500,1500,1500,1500,1500,1500,1500,1500,1500,1500,1500,1500,1500,1500,1500,1500,1500,7.6
2023-12-03,15:14:03.990,-80,0,100,12,0,5,25,-66,100,14,51.497437 -0.102035,39.8,242.8,42,12,11.4,6.6,1040,57,-0.09,-0.1,-2.49,AIR,0.0,20,-1,225,-257,396,570,-1,-1,0,-1,-1,1,-1,-1,0x0000000000000000,1380,1500,1612,1500,2012,988,988,1500,988,988,1698,988,988,1785,1500,1500,1500,1500,1500,1500,1500,1500,1500,1500,1500,1500,1500,1500,1500,1500,1500,1500,7.6
2023-12-03,15:14:04.490,-73,0,100,13,0,5,25,-64,100,14,51.497446 -0.102065,39.8,242.8,42,12,11.5,4.1,1047,59,-0.09,-0.1,-2.49,AIR,0.0,-1,0,105,-225,396,570,-1,-1,0,-1,-1,1,-1,-1,0x0000000000000000,1396,1500,1552,1500,2012,988,988,1500,988,988,1698,988,988,1785,1500,1500,1500,1500,1500,1500,1500,1500,1500,1500,1500,1500,1500,1500,1500,1500,1500,1500,7.6
2023-12-03,15:14:04.990,-73,0,100,13,0,5,25,-67,100,15,51.497455 -0.102094,39.8,242.8,42,12,11.5,4.1,1047,59,-0.09,-0.1,-2.49,AIR,0.0,-1,0,105,-254,396,570,-1,-1,0,-1,-1,1,-1,-1,0x0000000000000000,1381,1500,1552,1500,2012,988,988,1500,988,988,1698,988,988,1785,1500,1500,1500,1500,1500,1500,1500,1500,1500,1500,1500,1500,1500,1500,1500,1500,1500,1500,7.6
2023-12-03,15:14:05.490,-74,0,100,13,0,5,25,-68,100,13,51.497464 -0.102123,39.8,242.8,42,12,11.5,4.1,1047,59,-0.07,-0.19,-2.09,AIR,0.0,-1,-1,105,-329,396,570,-1,-1,0,-1,-1,1,-1,-1,0x0000000000000000,1343,1500,1552,1500,2012,988,988,1500,988,988,1698,988,988,1785,1500,1500,1500,1500,1500,1500,1500,1500,1500,1500,1500,1500,1500,1500,1500,1500,1500,1500,7.6
2023-12-03,15:14:05.990,-77,0,99,12,0,5,25,-69,100,14,51.497474 -0.102153,39.8,242.8,42,12,11.5,4.1,1047,59,-0.07,-0.19,-2.09,AIR,0.0,0,-4,105,-287,396,570,-1,-1,0,-1,-1,1,-1,-1,0x0000000000000000,1364,1500,1552,1500,2012,988,988,1500,988,988,1698,988,988,1785,1500,1500,1500,1500,1500,1500,1500,1500,1500,1500,1500,1500,1500,1500,1500,1500,1500,1500,7.6
2023-12-03,15:14:06.490,-87,0,100,11,0,5,25,-89,100,5,51.497484 -0.102182,39.8,242.8,42,12,11.5,4.1,1047,59,-0.07,-0.19,-2.09,AH,0.0,-1,0,105,-8,396,571,-1,-1,0,-1,-1,1,-1,-1,0x0000000000000000,1500,1500,1552,1500,2012,988,988,1500,988,988,1698,988,988,1785,1500,1500,1500,1500,1500,1500,1500,1500,1500,1500,1500,1500,1500,1500,1500,1500,1500,1500,7.6
2023-12-03,15:14:06.990,-83,0,98,12,0,5,25,-72,100,13,51.497493 -0.102211,39.8,242.8,42,12,11.5,4.1,1047,59,-0.07,-0.19,-2.09,AH,0.3,-1,-3,105,-190,396,570,-1,-1,0,-1,-1,1,-1,-1,0x0000000000000000,1414,1500,1552,1500,2012,988,988,1500,988,988,1698,988,988,1785,1500,1500,1500,1500,1500,1500,1500,1500,1500,1500,1500,1500,1500,1500,1500,1500,1500,1500,7.6
2023-12-03,15:14:07.490,-83,0,99,12,0,5,25,-74,100,13,51.497503 -0.102239,39.8,242.8,42,12,11.5,4.1,1047,59,-0.07,-0.19,-2.09,AH,0.3,-1,-4,105,-268,396,570,-1,-1,0,-1,-1,1,-1,-1,0x0000000000000000,1374,1500,1552,1500,2012,988,988,1500,988,988,1698,988,988,1785,1500,1500,1500,1500,1500,1500,1500,1500,1500,1500,1500,1500,1500,1500,1500,1500,1500,1500,7.6
2023-12-03,15:14:07.990,-84,0,99,12,0,5,25,-85,100,9,51.497513 -0.102268,39.8,242.8,42,12,11.5,4.1,1047,59,-0.07,-0.19,-2.09,AH,0.3,-1,0,105,-87,396,570,-1,-1,0,-1,-1,1,-1,-1,0x0000000000000000,1466,1500,1552,1500,2012,988,988,1500,988,988,1698,988,988,1785,1500,1500,1500,1500,1500,1500,1500,1500,1500,1500,1500,1500,1500,1500,1500,1500,1500,1500,7.6
2023-12-03,15:14:08.490,-82,0,99,12,0,5,25,-72,100,13,51.497524 -0.102297,39.8,242.8,42,12,11.5,4.1,1047,59,-0.07,-0.19,-2.09,AH,0.3,-1,-4,105,-206,396,570,-1,-1,0,-1,-1,1,-1,-1,0x0000000000000000,1406,1500,1552,1500,2012,988,988,1500,988,988,1698,988,988,1785,1500,1500,1500,1500,1500,1500,1500,1500,1500,1500,1500,1500,1500,1500,1500,1500,1500,1500,7.6
2023-12-03,15:14:08.990,-85,0,99,12,0,5,25,-82,100,12,51.497534 -0.102325,39.1,249.2,41,12,11.5,4.1,1047,59,-0.07,-0.19,-2.09,AH,0.3,-1,-3,105,-153,396,570,-1,-1,0,-1,-1,1,-1,-1,0x0000000000000000,1433,1500,1552,1500,2012,988,988,1500,988,988,1698,988,988,1785,1500,1500,1500,1500,1500,1500,1500,1500,1500,1500,1500,1500,1500,1500,1500,1500,1500,1500,7.6
2023-12-03,15:14:09.490,-83,0,98,11,0,5,25,-73,100,13,51.497544 -0.102353,39.1,249.2,41,12,11.5,4.1,1047,59,-0.07,-0.19,-2.09,AH,0.3,0,-1,105,-162,396,571,-1,-1,0,-1,-1,1,-1,-1,0x0000000000000000,1428,1500,1552,1500,2012,988,988,1500,988,988,1698,988,988,1785,1500,1500,1500,1500,1500,1500,1500,1500,1500,1500,1500,1500,1500,1500,1500,1500,1500,1500,7.6
2023-12-03,15:14:09.990,-84,0,99,12,0,5,25,-80,100,12,51.497555 -0.102382,39.1,249.2,41,12,11.4,4.8,1055,58,-0.07,-0.19,-2.09,AH,0.3,-1,-3,105,-188,396,570,-1,-1,0,-1,-1,1,-1,-1,0x0000000000000000,1415,1500,1552,1500,2012,988,988,1500,988,988,1698,988,988,1785,1500,1500,1500,1500,1500,1500,1500,1500,1500,1500,1500,1500,1500,1500,1500,1500,1500,1500,7.6
2023-12-03,15:14:10.490,-86,0,98,11,0,5,25,-69,100,14,51.497566 -0.102410,39.1,249.2,41,12,11.4,4.8,1055,58,-0.07,-0.19,-2.09,AH,0.3,-1,-1,105,-169,396,570,-1,-1,0,-1,-1,1,-1,-1,0x0000000000000000,1424,1500,1552,1500,2012,988,988,1500,988,988,1698,988,988,1785,1500,1500,1500,1500,1500,1500,1500,1500,1500,1500,1500,1500,1500,1500,1500,1500,1500,1500,7.6
2023-12-03,15:14:10.990,-77,0,99,12,0,5,25,-70,100,14,51.497577 -0.102438,39.1,249.2,41,12,11.4,4.8,1055,58,-0.03,-0.08,-2.07,AH,0.3,0,-1,105,-60,396,570,-1,-1,0,-1,-1,1,-1,-1,0x0000000000000000,1480,1500,1552,1500,2012,988,988,1500,988,988,1698,988,988,1785,1500,1500,1500,1500,1500,1500,1500,1500,1500,1500,1500,1500,1500,1500,1500,1500,1500,1500,7.6
2023-12-03,15:14:11.490,-77,0,99,12,0,5,25,-77,100,12,51.497587 -0.102466,39.1,249.2,41,12,11.4,4.8,1055,58,-0.03,-0.08,-2.07,AH,0.3,-1,-1,105,-1,396,570,-1,-1,0,-1,-1,1,-1,-1,0x0000000000000000,1500,1500,1552,1500,2012,988,988,1500,988,988,1698,988,988,1785,1500,1500,1500,1500,1500,1500,1500,1500,1500,1500,1500,1500,1500,1500,1500,1500,1500,1500,7.6
2023-12-03,15:14:11.990,-81,0,98,12,0,5,25,-68,100,13,51.497599 -0.102493,39.1,249.2,41,12,11.4,4.8,1055,58,-0.03,-0.08,-2.07,AH,0.3,0,-3,105,-105,396,570,-1,-1,0,-1,-1,1,-1,-1,0x0000000000000000,1457,1500,1552,1500,2012,988,988,1500,988,988,1698,988,988,1785,1500,1500,1500,1500,1500,1500,1500,1500,1500,1500,1500,1500,1500,1500,1500,1500,1500,1500,7.6
2023-12-03,15:14:12.490,-84,0,99,12,0,5,25,-87,100,7,51.497610 -0.102521,39.1,249.2,41,12,11.4,4.8,1055,58,-0.03,-0.08,-2.07,AH,-0.1,-1,0,105,-2,396,570,-1,-1,0,-1,-1,1,-1,-1,0x0000000000000000,1500,1500,1552,1500,2012,988,988,1500,988,988,1698,988,988,1785,1500,1500,1500,1500,1500,1500,1500,1500,1500,1500,1500,1500,1500,1500,1500,1500,1500,1500,7.6
2023-12-03,15:14:12.990,-86,0,100,12,0,5,25,-74,100,12,51.497621 -0.102548,39.1,249.2,41,12,11.4,4.8,1055,58,-0.03,-0.08,-2.07,AH,-0.1,-1,0,105,210,396,570,-1,-1,0,-1,-1,1,-1,-1,0x0000000000000000,1596,1500,1552,1500,2012,988,988,1500,988,988,1698,988,988,1785,1500,1500,1500,1500,1500,1500,1500,1500,1500,1500,1500,1500,1500,1500,1500,1500,1500,1500,7.6
2023-12-03,15:14:13.490,-83,0,97,13,0,5,25,-76,100,13,51.497633 -0.102576,39.1,249.2,41,12,11.4,4.8,1055,58,-0.03,-0.08,-2.07,AH,-0.1,-1,-3,105,0,396,570,-1,-1,0,-1,-1,1,-1,-1,0x0000000000000000,1500,1500,1552,1500,2012,988,988,1500,988,988,1698,988,988,1785,1500,1500,1500,1500,1500,1500,1500,1500,1500,1500,1500,1500,1500,1500,1500,1500,1500,1500,7.6
2023-12-03,15:14:13.990,-89,0,99,9,0,5,25,-73,100,13,51.497644 -0.102603,39.1,249.2,41,12,11.4,4.8,1055,58,-0.03,-0.08,-2.07,AH,-0.1,-1,-1,105,10,396,570,-1,-1,0,-1,-1,1,-1,-1,0x0000000000000000,1500,1500,1552,1500,2012,988,988,1500,988,988,1698,988,988,1785,1500,1500,1500,1500,1500,1500,1500,1500,1500,1500,1500,1500,1500,1500,1500,1500,1500,1500,7.6
2023-12-03,15:14:14.490,-84,0,99,12,0,5,25,-76,100,8,51.497656 -0.102630,36.8,228.0,43,12,11.4,4.8,1055,58,-0.03,-0.08,-2.07,AH,-0.1,-1,-1,105,-1,396,570,-1,-1,0,-1,-1,1,-1,-1,0x0000000000000000,1500,1500,1552,1500,2012,988,988,1500,988,988,1698,988,988,1785,1500,1500,1500,1500,1500,1500,1500,1500,1500,1500,1500,1500,1500,1500,1500,1500,1500,1500,7.6
2023-12-03,15:14:14.990,-84,0,98,11,0,5,25,-80,100,12,51.497668 -0.102657,36.8,228.0,43,12,11.4,4.8,1055,58,-0.03,-0.08,-2.07,AH,-0.1,-1,-1,105,-1,396,571,-1,-1,0,-1,-1,1,-1,-1,0x0000000000000000,1500,1500,1552,1500,2012,988,988,1500,988,988,1698,988,988,1785,1500,1500,1500,1500,1500,1500,1500,1500,1500,1500,1500,1500,1500,1500,1500,1500,1500,1500,7.6
2023-12-03,15:14:15.490,-84,0,98,12,0,5,25,-75,100,13,51.497679 -0.102684,36.8,228.0,43,12,11.5,4.0,1062,59,-0.03,-0.08,-2.07,AH,-0.1,-1,0,105,-1,396,570,-1,-1,0,-1,-1,1,-1,-1,0x0000000000000000,1500,1500,1552,1500,2012,988,988,1500,988,988,1698,988,988,1785,1500,1500,1500,1500,1500,1500,1500,1500,1500,1500,1500,1500,1500,1500,1500,1500,1500,1500,7.6
2023-12-03,15:14:15.990,-83,0,99,12,0,5,25,-71,100,13,51.497692 -0.102711,36.8,228.0,43,12,11.5,4.0,1062,59,-0.03,-0.08,-2.07,AH,-0.1,-1,-1,105,-197,396,570,-1,-1,0,-1,-1,1,-1,-1,0x0000000000000000,1410,1500,1552,1500,2012,988,988,1500,988,988,1698,988,988,1785,1500,1500,1500,1500,1500,1500,1500,1500,1500,1500,1500,1500,1500,1500,1500,1500,1500,1500,7.6
2023-12-03,15:14:16.490,-84,0,97,13,0,5,25,-75,100,12,51.497704 -0.102737,36.8,228.0,43,12,11.5,4.0,1062,59,-0.03,0.0,-2.21,AH,-0.1,-1,-1,105,-2,396,570,-1,-1,0,-1,-1,1,-1,-1,0x0000000000000000,1500,1500,1552,1500,2012,988,988,1500,988,988,1698,988,988,1785,1500,1500,1500,1500,1500,1500,1500,1500,1500,1500,1500,1500,1500,1500,1500,1500,1500,1500,7.6
2023-12-03,15:14:16.990,-85,0,99,12,0,5,25,-79,100,12,51.497716 -0.102763,36.8,228.0,43,12,11.5,4.0,1062,59,-0.03,0.0,-2.21,AH,-0.1,-1,-1,105,-1,396,570,-1,-1,0,-1,-1,1,-1,-1,0x0000000000000000,1500,1500,1552,1500,2012,988,988,1500,988,988,1698,988,988,1785,1500,1500,1500,1500,1500,1500,1500,1500,1500,1500,1500,1500,1500,1500,1500,1500,1500,1500,7.6
2023-12-03,15:14:17.490,-87,0,99,11,0,5,25,-82,100,9,51.497728 -0.102790,36.8,228.0,43,12,11.5,4.0,1062,59,-0.03,0.0,-2.21,AH,-0.1,-1,-1,105,-1,396,570,-1,-1,0,-1,-1,1,-1,-1,0x0000000000000000,1500,1500,1552,1500,2012,988,988,1500,988,988,1698,988,988,1785,1500,1500,1500,1500,1500,1500,1500,1500,1500,1500,1500,1500,1500,1500,1500,1500,1500,1500,7.6
2023-12-03,15:14:17.990,-93,0,99,10,0,5,25,-82,100,2,51.497741 -0.102816,36.8,228.0,43,12,11.5,4.0,1062,59,-0.03,0.0,-2.21,AH,-0.1,0,-3,105,-1,396,570,-1,-1,0,-1,-1,1,-1,-1,0x0000000000000000,1500,1500,1552,1500,2012,988,988,1500,988,988,1698,988,988,1785,1500,1500,1500,1500,1500,1500,1500,1500,1500,1500,1500,1500,1500,1500,1500,1500,1500,1500,7.6
2023-12-03,15:14:18.490,-96,0,96,6,0,5,25,-90,100,6,51.497754 -0.102842,36.8,228.0,43,12,11.5,4.0,1062,59,-0.03,0.0,-2.21,AH,-0.1,-1,-1,105,-1,396,570,-1,-1,0,-1,-1,1,-1,-1,0x0000000000000000,1500,1500,1552,1500,2012,988,988,1500,988,988,1698,988,988,1785,1500,1500,1500,1500,1500,1500,1500,1500,1500,1500,1500,1500,1500,1500,1500,1500,1500,1500,7.6
2023-12-03,15:14:18.990,-96,0,99,7,0,5,25,-88,100,7,51.497766 -0.102868,36.8,228.0,43,12,11.5,4.0,1062,59,-0.03,0.0,-2.21,AH,-0.1,-1,-1,105,-1,396,570,-1,-1,0,-1,-1,1,-1,-1,0x0000000000000000,1500,1500,1552,1500,2012,988,988,1500,988,988,1698,988,988,1785,1500,1500,1500,1500,1500,1500,1500,1500,1500,1500,1500,1500,1500,1500,1500,1500,1500,1500,7.6
2023-12-03,15:14:19.490,-99,0,98,5,0,5,25,-82,100,10,51.497779 -0.102893,36.8,228.0,43,12,11.5,4.0,1062,59,-0.03,0.0,-2.21,AH,-0.1,-1,-1,105,-2,396,570,-1,-1,0,-1,-1,1,-1,-1,0x0000000000000000,1500,1500,1552,1500,2012,988,988,1500,988,988,1698,988,988,1785,1500,1500,1500,1500,1500,1500,1500,1500,1500,1500,1500,1500,1500,1500,1500,1500,1500,1500,7.6
2023-12-03,15:14:19.990,-91,0,99,9,0,5,25,-82,100,12,51.497792 -0.102919,39.2,229.9,43,12,11.5,4.0,1062,59,-0.03,0.0,-2.21,AH,-0.1,-1,-3,105,-251,396,570,-1,-1,0,-1,-1,1,-1,-1,0x0000000000000000,1383,1500,1552,1500,2012,988,988,1500,988,988,1698,988,988,1785,1500,1500,1500,1500,1500,1500,1500,1500,1500,1500,1500,1500,1500,1500,1500,1500,1500,1500,7.6
2023-12-03,15:14:20.490,-92,0,100,10,0,5,25,-85,100,10,51.497805 -0.102944,39.2,229.9,43,12,11.5,4.0,1062,59,-0.03,0.0,-2.21,AH,-0.1,-1,-1,103,-219,396,570,-1,-1,0,-1,-1,1,-1,-1,0x0000000000000000,1399,1500,1551,1500,2012,988,988,1500,988,988,1698,988,988,1785,1500,1500,1500,1500,1500,1500,1500,1500,1500,1500,1500,1500,1500,1500,1500,1500,1500,1500,7.6
2023-12-03,15:14:20.990,-94,0,97,8,0,5,25,-83,100,0,51.497818 -0.102969,39.2,229.9,43,12,11.5,4.0,1068,59,-0.03,0.0,-2.21,AH,-0.1,0,-1,103,-2,396,570,-1,-1,0,-1,-1,1,-1,-1,0x0000000000000000,1500,1500,1551,1500,2012,988,988,1500,988,988,1698,988,988,1785,1500,1500,1500,1500,1500,1500,1500,1500,1500,1500,1500,1500,1500,1500,1500,1500,1500,1500,7.6
2023-12-03,15:14:21.490,-99,0,92,5,0,5,25,-85,100,11,51.497832 -0.102994,39.2,229.9,43,12,11.5,4.0,1068,59,-0.03,0.0,-2.21,AH,-0.1,-1,-1,105,-1,396,570,-1,-1,0,-1,-1,1,-1,-1,0x0000000000000000,1500,1500,1552,1500,2012,988,988,1500,988,988,1698,988,988,1785,1500,1500,1500,1500,1500,1500,1500,1500,1500,1500,1500,1500,1500,1500,1500,1500,1500,1500,7.6
2023-12-03,15:14:21.990,-98,0,99,5,0,5,25,-89,100,4,51.497845 -0.103019,39.2,229.9,43,12,11.5,4.0,1068,59,0.0,-0.04,-2.29,AH,-0.1,-1,-4,105,-2,396,570,-1,-1,0,-1,-1,1,-1,-1,0x0000000000000000,1500,1500,1552,1500,2012,988,988,1500,988,988,1698,988,988,1785,1500,1500,1500,1500,1500,1500,1500,1500,1500,1500,1500,1500,1500,1500,1500,1500,1500,1500,7.6
2023-12-03,15:14:22.490,-98,0,99,5,0,5,25,-83,100,11,51.497859 -0.103044,39.2,229.9,43,12,11.5,4.0,1068,59,0.0,-0.04,-2.29,AH,-0.1,-1,-346,105,-5,396,570,-1,-1,0,-1,-1,1,-1,-1,0x0000000000000000,1500,1334,1552,1500,2012,988,988,1500,988,988,1698,988,988,1785,1500,1500,1500,1500,1500,1500,1500,1500,1500,1500,1500,1500,1500,1500,1500,1500,1500,1500,7.6
2023-12-03,15:14:22.990,-96,0,97,7,0,5,25,-87,100,8,51.497872 -0.103069,39.2,229.9,43,12,11.5,4.0,1068,59,0.0,-0.04,-2.29,AH,-0.1,-1,-438,105,-7,396,570,-1,-1,0,-1,-1,1,-1,-1,0x0000000000000000,1500,1287,1552,1500,2012,988,988,1500,988,988,1698,988,988,1785,1500,1500,1500,1500,1500,1500,1500,1500,1500,1500,1500,1500,1500,1500,1500,1500,1500,1500,7.6
2023-12-03,15:14:23.490,-96,0,96,7,0,5,25,-86,100,7,51.497886 -0.103093,39.2,229.9,43,12,11.5,4.0,1068,59,0.0,-0.04,-2.29,AH,-0.1,-1,-614,105,-8,396,570,-1,-1,0,-1,-1,1,-1,-1,0x0000000000000000,1500,1198,1552,1500,2012,988,988,1500,988,988,1698,988,988,1785,1500,1500,1500,1500,1500,1500,1500,1500,1500,1500,1500,1500,1500,1500,1500,1500,1500,1500,7.6
2023-12-03,15:14:23.990,-99,0,91,5,0,5,25,-90,100,8,51.497900 -0.103117,39.2,229.9,43,12,11.5,4.0,1068,59,0.0,-0.04,-2.29,AH,0.4,-1,125,105,-5,396,571,-1,-1,0,-1,-1,1,-1,-1,0x0000000000000000,1500,1553,1552,1500,2012,988,988,1500,988,988,1698,988,988,1785,1500,1500,1500,1500,1500,1500,1500,1500,1500,1500,1500,1500,1500,1500,1500,1500,1500,1500,7.6
2023-12-03,15:14:24.490,-101,0,95,3,0,5,25,-91,100,2,51.497914 -0.103141,39.2,229.9,43,12,11.5,4.0,1068,59,0.0,-0.04,-2.29,AH,0.4,-1,309,105,-228,396,570,-1,-1,0,-1,-1,1,-1,-1,0x0000000000000000,1394,1647,1552,1500,2012,988,988,1500,988,988,1698,988,988,1785,1500,1500,1500,1500,1500,1500,1500,1500,1500,1500,1500,1500,1500,1500,1500,1500,1500,1500,7.6
2023-12-03,15:14:24.990,-102,0,94,1,0,5,25,-93,100,2,51.497928 -0.103165,39.2,229.9,43,12,11.5,4.0,1068,59,0.0,-0.04,-2.29,AH,0.4,-1,0,105,-1,396,570,-1,-1,0,-1,-1,1,-1,-1,0x0000000000000000,1500,1500,1552,1500,2012,988,988,1500,988,988,1698,988,988,1785,1500,1500,1500,1500,1500,1500,1500,1500,1500,1500,1500,1500,1500,1500,1500,1500,1500,1500,7.6
2023-12-03,15:14:25.490,-97,0,99,7,0,5,25,-87,100,7,51.497942 -0.103189,41.1,228.4,43,12,11.5,4.0,1068,59,0.0,-0.04,-2.29,AH,0.4,-1,-3,105,-272,396,570,-1,-1,0,-1,-1,1,-1,-1,0x0000000000000000,1372,1500,1552,1500,2012,988,988,1500,988,988,1698,988,988,1785,1500,1500,1500,1500,1500,1500,1500,1500,1500,1500,1500,1500,1500,1500,1500,1500,1500,1500,7.6
2023-12-03,15:14:25.990,-97,0,95,7,0,5,25,-87,100,9,51.497956 -0.103213,41.1,228.4,43,12,11.5,4.0,1068,59,0.0,-0.04,-2.29,AH,0.4,-1,0,105,-2,396,570,-1,-1,0,-1,-1,1,-1,-1,0x0000000000000000,1500,1500,1552,1500,2012,988,988,1500,988,988,1698,988,988,1785,1500,1500,1500,1500,1500,1500,1500,1500,1500,1500,1500,1500,1500,1500,1500,1500,1500,1500,7.6
2023-12-03,15:14:26.490,-96,0,94,8,0,5,25,-86,100,9,51.497971 -0.103236,41.1,228.4,43,12,11.5,4.0,1068,59,0.0,-0.04,-2.29,AH,0.4,-1,0,105,-2,396,570,-1,-1,0,-1,-1,1,-1,-1,0x0000000000000000,1500,1500,1552,1500,2012,988,988,1500,988,988,1698,988,988,1785,1500,1500,1500,1500,1500,1500,1500,1500,1500,1500,1500,1500,1500,1500,1500,1500,1500,1500,7.6
2023-12-03,15:14:26.990,-95,0,93,8,0,5,25,-87,100,8,51.497985 -0.103260,41.1,228.4,43,12,11.5,4.0,1074,59,0.0,-0.04,-2.29,AH,0.4,1,1,103,-4,396,570,-1,-1,0,-1,-1,1,-1,-1,0x0000000000000000,1500,1500,1551,1500,2012,988,988,1500,988,988,1698,988,988,1785,1500,1500,1500,1500,1500,1500,1500,1500,1500,1500,1500,1500,1500,1500,1500,1500,1500,1500,7.6
2023-12-03,15:14:27.490,-95,0,96,7,0,5,25,-88,100,7,51.498000 -0.103283,41.1,228.4,43,12,11.5,4.0,1074,59,-0.05,0.08,-2.27,AH,0.4,0,0,105,-2,396,570,-1,-1,0,-1,-1,1,-1,-1,0x0000000000000000,1500,1500,1552,1500,2012,988,988,1500,988,988,1698,988,988,1785,1500,1500,1500,1500,1500,1500,1500,1500,1500,1500,1500,1500,1500,1500,1500,1500,1500,1500,7.6
2023-12-03,15:14:27.990,-96,0,91,7,0,5,25,-90,100,3,51.498015 -0.103306,41.1,228.4,43,12,11.5,4.0,1074,59,-0.05,0.08,-2.27,AH,0.4,0,-1,105,-26,396,570,-1,-1,0,-1,-1,1,-1,-1,0x0000000000000000,1497,1500,1552,1500,2012,988,988,1500,988,988,1698,988,988,1785,1500,1500,1500,1500,1500,1500,1500,1500,1500,1500,1500,1500,1500,1500,1500,1500,1500,1500,7.6
2023-12-03,15:14:28.490,-98,0,96,6,0,5,25,-90,100,3,51.498029 -0.103328,41.1,228.4,43,12,11.5,4.0,1074,59,-0.05,0.08,-2.27,AH,0.4,-1,-3,103,-253,396,570,-1,-1,0,-1,-1,1,-1,-1,0x0000000000000000,1382,1500,1551,1500,2012,988,988,1500,988,988,1698,988,988,1785,1500,1500,1500,1500,1500,1500,1500,1500,1500,1500,1500,1500,1500,1500,1500,1500,1500,1500,7.6
2023-12-03,15:14:28.990,-98,0,93,6,0,5,25,-84,100,10,51.498044 -0.103351,41.1,228.4,43,12,11.5,4.0,1074,59,-0.05,0.08,-2.27,AH,0.4,-1,-1,105,-1,396,570,-1,-1,0,-1,-1,1,-1,-1,0x0000000000000000,1500,1500,1552,1500,2012,988,988,1500,988,988,1698,988,988,1785,1500,1500,1500,1500,1500,1500,1500,1500,1500,1500,1500,1500,1500,1500,1500,1500,1500,1500,7.6
2023-12-03,15:14:29.490,-97,0,98,6,0,5,25,-88,100,9,51.498059 -0.103374,41.1,228.4,43,12,11.5,4.0,1074,59,-0.05,0.08,-2.27,AH,0.6,-1,-1,103,2,396,570,-1,-1,0,-1,-1,1,-1,-1,0x0000000000000000,1500,1500,1551,1500,2012,988,988,1500,988,988,1698,988,988,1785,1500,1500,1500,1500,1500,1500,1500,1500,1500,1500,1500,1500,1500,1500,1500,1500,1500,1500,7.6
2023-12-03,15:14:29.990,-97,0,100,6,0,5,25,-88,100,8,51.498075 -0.103396,41.1,228.4,43,12,11.5,4.0,1074,59,-0.05,0.08,-2.27,AH,0.6,-1,-1,105,-16,396,570,-1,-1,0,-1,-1,1,-1,-1,0x0000000000000000,1500,1500,1552,1500,2012,988,988,1500,988,988,1698,988,988,1785,1500,1500,1500,1500,1500,1500,1500,1500,1500,1500,1500,1500,1500,1500,1500,1500,1500,1500,7.6
2023-12-03,15:14:30.490,-97,0,96,6,0,5,25,-89,100,9,51.498090 -0.103418,41.1,228.4,43,12,11.5,4.0,1074,59,-0.05,0.08,-2.27,AH,0.6,0,0,105,-10,396,570,-1,-1,0,-1,-1,1,-1,-1,0x0000000000000000,1500,1500,1552,1500,2012,988,988,1500,988,988,1698,988,988,1785,1500,1500,1500,1500,1500,1500,1500,1500,1500,1500,1500,1500,1500,1500,1500,1500,1500,1500,7.6
2023-12-03,15:14:30.990,-98,0,95,6,0,5,25,-90,100,3,51.498105 -0.103440,33.5,227.4,43,12,11.5,4.0,1074,59,-0.05,0.08,-2.27,AH,0.6,-1,-6,105,116,356,570,-1,-1,0,-1,-1,1,-1,-1,0x0000000000000000,1548,1500,1552,1500,2012,988,988,1500,988,988,1678,988,988,1785,1500,1500,1500,1500,1500,1500,1500,1500,1500,1500,1500,1500,1500,1500,1500,1500,1500,1500,7.6
2023-12-03,15:14:31.490,-101,0,96,1,0,5,25,-94,100,0,51.498120 -0.103462,33.5,227.4,43,12,11.5,4.0,1074,59,-0.05,0.08,-2.27,AH,0.6,0,0,105,-2,358,570,-1,-1,0,-1,-1,1,-1,-1,0x0000000000000000,1500,1500,1552,1500,2012,988,988,1500,988,988,1679,988,988,1785,1500,1500,1500,1500,1500,1500,1500,1500,1500,1500,1500,1500,1500,1500,1500,1500,1500,1500,7.6
2023-12-03,15:14:31.990,-105,0,94,0,0,5,50,-96,100,-2,51.498136 -0.103483,33.5,227.4,43,12,11.5,4.0,1074,59,-0.05,0.08,-2.27,AH,0.6,-1,-1,105,-1,358,570,-1,-1,0,-1,-1,1,-1,-1,0x0000000000000000,1500,1500,1552,1500,2012,988,988,1500,988,988,1679,988,988,1785,1500,1500,1500,1500,1500,1500,1500,1500,1500,1500,1500,1500,1500,1500,1500,1500,1500,1500,7.6
2023-12-03,15:14:32.490,-102,0,96,2,0,5,50,-100,100,-3,51.498152 -0.103505,33.5,227.4,43,12,11.4,4.6,1081,58,-0.05,0.08,-2.27,AH,0.6,-1,0,105,-4,358,571,-1,-1,0,-1,-1,1,-1,-1,0x0000000000000000,1500,1500,1552,1500,2012,988,988,1500,988,988,1679,988,988,1785,1500,1500,1500,1500,1500,1500,1500,1500,1500,1500,1500,1500,1500,1500,1500,1500,1500,1500,7.6
2023-12-03,15:14:32.990,-100,0,91,3,0,5,50,-91,100,4,51.498167 -0.103526,33.5,227.4,43,12,11.4,4.6,1081,58,-0.09,0.01,-2.32,AH,0.6,-1,-1,105,-2,358,570,-1,-1,0,-1,-1,1,-1,-1,0x0000000000000000,1500,1500,1552,1500,2012,988,988,1500,988,988,1679,988,988,1785,1500,1500,1500,1500,1500,1500,1500,1500,1500,1500,1500,1500,1500,1500,1500,1500,1500,1500,7.6
2023-12-03,15:14:33.490,-98,0,92,5,0,5,50,-92,100,2,51.498183 -0.103547,33.5,227.4,43,12,11.4,4.6,1081,58,-0.09,0.01,-2.32,AH,0.6,-1,-1,103,-16,358,570,-1,-1,0,-1,-1,1,-1,-1,0x0000000000000000,1500,1500,1551,1500,2012,988,988,1500,988,988,1679,988,988,1785,1500,1500,1500,1500,1500,1500,1500,1500,1500,1500,1500,1500,1500,1500,1500,1500,1500,1500,7.6
2023-12-03,15:14:33.990,-98,0,92,5,0,5,50,-92,96,2,51.498199 -0.103568,33.5,227.4,43,12,11.4,4.6,1081,58,-0.09,0.01,-2.32,AH,0.6,-1,-3,105,16,358,570,-1,-1,0,-1,-1,1,-1,-1,0x0000000000000000,1500,1500,1552,1500,2012,988,988,1500,988,988,1679,988,988,1785,1500,1500,1500,1500,1500,1500,1500,1500,1500,1500,1500,1500,1500,1500,1500,1500,1500,1500,7.6
2023-12-03,15:14:34.490,-97,0,96,6,0,5,50,-90,96,3,51.498215 -0.103588,33.5,227.4,43,12,11.4,4.6,1081,58,-0.09,0.01,-2.32,AH,0.6,0,-1,103,332,358,570,-1,-1,0,-1,-1,1,-1,-1,0x0000000000000000,1659,1500,1551,1500,2012,988,988,1500,988,988,1679,988,988,1785,1500,1500,1500,1500,1500,1500,1500,1500,1500,1500,1500,1500,1500,1500,1500,1500,1500,1500,7.6
2023-12-03,15:14:34.990,-96,0,99,7,0,5,50,-91,96,3,51.498231 -0.103609,33.5,227.4,43,12,11.4,4.6,1081,58,-0.09,0.01,-2.32,AH,0.7,0,-1,103,301,358,570,-1,-1,0,-1,-1,1,-1,-1,0x0000000000000000,1643,1500,1551,1500,2012,988,988,1500,988,988,1679,988,988,1785,1500,1500,1500,1500,1500,1500,1500,1500,1500,1500,1500,1500,1500,1500,1500,1500,1500,1500,7.6
2023-12-03,15:14:35.490,-94,0,98,8,0,5,25,-85,96,10,51.498247 -0.103629,33.5,227.4,43,12,11.4,4.6,1081,58,-0.09,0.01,-2.32,AH,0.7,0,-4,105,86,358,570,-1,-1,0,-1,-1,1,-1,-1,0x0000000000000000,1533,1500,1552,1500,2012,988,988,1500,988,988,1679,988,988,1785,1500,1500,1500,1500,1500,1500,1500,1500,1500,1500,1500,1500,1500,1500,1500,1500,1500,1500,7.6
2023-12-03,15:14:35.990,-97,0,98,6,0,5,25,-90,96,7,51.498263 -0.103649,33.5,227.4,43,12,11.4,4.6,1081,58,-0.09,0.01,-2.32,AH,0.7,-1,-3,105,-1,357,570,-1,-1,0,-1,-1,1,-1,-1,0x0000000000000000,1500,1500,1552,1500,2012,988,988,1500,988,988,1678,988,988,1785,1500,1500,1500,1500,1500,1500,1500,1500,1500,1500,1500,1500,1500,1500,1500,1500,1500,1500,7.6
2023-12-03,15:14:36.490,-98,0,93,6,0,5,25,-90,96,6,51.498280 -0.103669,32.0,223.0,43,12,11.4,4.6,1081,58,-0.09,0.01,-2.32,AH,0.7,-1,0,105,-1,357,570,-1,-1,0,-1,-1,1,-1,-1,0x0000000000000000,1500,1500,1552,1500,2012,988,988,1500,988,988,1678,988,988,1785,1500,1500,1500,1500,1500,1500,1500,1500,1500,1500,1500,1500,1500,1500,1500,1500,1500,1500,7.6
2023-12-03,15:14:36.990,-98,0,89,6,0,5,25,-92,96,6,51.498296 -0.103689,32.0,223.0,43,12,11.4,4.6,1081,58,-0.09,0.01,-2.32,AH,0.7,-1,1,105,-4,358,570,-1,-1,0,-1,-1,1,-1,-1,0x0000000000000000,1500,1500,1552,1500,2012,988,988,1500,988,988,1679,988,988,1785,1500,1500,1500,1500,1500,1500,1500,1500,1500,1500,1500,1500,1500,1500,1500,1500,1500,1500,7.6
2023-12-03,15:14:37.490,-101,0,93,1,0,5,25,-94,96,1,51.498313 -0.103708,32.0,223.0,43,12,11.4,4.6,1081,58,-0.09,0.01,-2.32,AH,0.7,0,0,105,-2,358,570,-1,-1,0,-1,-1,1,-1,-1,0x0000000000000000,1500,1500,1552,1500,2012,988,988,1500,988,988,1679,988,988,1785,1500,1500,1500,1500,1500,1500,1500,1500,1500,1500,1500,1500,1500,1500,1500,1500,1500,1500,7.6
2023-12-03,15:14:37.990,-91,0,98,7,0,5,25,-81,96,11,51.498329 -0.103728,32.0,223.0,43,12,11.4,4.9,1089,57,-0.09,0.01,-2.32,AH,0.7,-1,1,105,-5,358,570,-1,-1,0,-1,-1,1,-1,-1,0x0000000000000000,1500,1500,1552,1500,2012,988,988,1500,988,988,1679,988,988,1785,1500,1500,1500,1500,1500,1500,1500,1500,1500,1500,1500,1500,1500,1500,1500,1500,1500,1500,7.6
2023-12-03,15:14:38.490,-88,0,100,11,0,5,25,-78,96,12,51.498346 -0.103747,32.0,223.0,43,12,11.4,4.9,1089,57,-0.07,0.03,-1.93,AH,0.7,0,-1,103,-2,358,570,-1,-1,0,-1,-1,1,-1,-1,0x0000000000000000,1500,1500,1551,1500,2012,988,988,1500,988,988,1679,988,988,1785,1500,1500,1500,1500,1500,1500,1500,1500,1500,1500,1500,1500,1500,1500,1500,1500,1500,1500,7.6
2023-12-03,15:14:38.990,-87,0,99,12,0,5,25,-81,96,10,51.498363 -0.103766,32.0,223.0,43,12,11.4,4.9,1089,57,-0.07,0.03,-1.93,AH,0.7,0,-3,105,-240,358,570,-1,-1,0,-1,-1,1,-1,-1,0x0000000000000000,1388,1500,1552,1500,2012,988,988,1500,988,988,1679,988,988,1785,1500,1500,1500,1500,1500,1500,1500,1500,1500,1500,1500,1500,1500,1500,1500,1500,1500,1500,7.6
2023-12-03,15:14:39.490,-89,0,99,10,0,5,25,-78,100,12,51.498380 -0.103785,32.0,223.0,43,12,11.4,4.9,1089,57,-0.07,0.03,-1.93,AH,0.7,-1,-1,105,-2,358,570,-1,-1,0,-1,-1,1,-1,-1,0x0000000000000000,1500,1500,1552,1500,2012,988,988,1500,988,988,1679,988,988,1785,1500,1500,1500,1500,1500,1500,1500,1500,1500,1500,1500,1500,1500,1500,1500,1500,1500,1500,7.6
2023-12-03,15:14:39.990,-89,0,99,11,0,5,25,-80,100,11,51.498397 -0.103803,32.0,223.0,43,12,11.4,4.9,1089,57,-0.07,0.03,-1.93,AH,0.7,-1,0,105,-7,358,570,-1,-1,0,-1,-1,1,-1,-1,0x0000000000000000,1500,1500,1552,1500,2012,988,988,1500,988,988,1679,988,988,1785,1500,1500,1500,1500,1500,1500,1500,1500,1500,1500,1500,1500,1500,1500,1500,1500,1500,1500,7.6
2023-12-03,15:14:40.490,-89,0,99,11,0,5,25,-85,100,10,51.498414 -0.103821,32.0,223.0,43,12,11.4,4.9,1089,57,-0.07,0.03,-1.93,AH,0.6,-1,0,103,-1,358,570,-1,-1,0,-1,-1,1,-1,-1,0x0000000000000000,1500,1500,1551,1500,2012,988,988,1500,988,988,1679,988,988,1785,1500,1500,1500,1500,1500,1500,1500,1500,1500,1500,1500,1500,1500,1500,1500,1500,1500,1500,7.6
2023-12-03,15:14:40.990,-90,0,97,11,0,5,25,-83,100,11,51.498431 -0.103840,32.0,223.0,43,12,11.4,4.9,1089,57,-0.07,0.03,-1.93,AH,0.6,-1,-7,105,-336,358,570,-1,-1,0,-1,-1,1,-1,-1,0x0000000000000000,1339,1500,1552,1500,2012,988,988,1500,988,988,1679,988,988,1785,1500,1500,1500,1500,1500,1500,1500,1500,1500,1500,1500,1500,1500,1500,1500,1500,1500,1500,7.6
2023-12-03,15:14:41.490,-90,0,99,9,0,5,25,-81,100,11,51.498448 -0.103858,32.0,223.0,43,12,11.4,4.9,1089,57,-0.07,0.03,-1.93,AH,0.6,0,-7,103,-385,358,570,-1,-1,0,-1,-1,1,-1,-1,0x0000000000000000,1314,1500,1551,1500,2012,988,988,1500,988,988,1679,988,988,1785,1500,1500,1500,1500,1500,1500,1500,1500,1500,1500,1500,1500,1500,1500,1500,1500,1500,1500,7.6
2023-12-03,15:14:41.990,-89,0,99,11,0,5,25,-76,100,13,51.498465 -0.103875,36.6,260.3,44,12,11.4,4.9,1089,57,-0.07,0.03,-1.93,AH,0.6,-1,-3,105,-436,358,570,-1,-1,0,-1,-1,1,-1,-1,0x0000000000000000,1288,1500,1552,1500,2012,988,988,1500,988,988,1679,988,988,1785,1500,1500,1500,1500,1500,1500,1500,1500,1500,1500,1500,1500,1500,1500,1500,1500,1500,1500,7.6
2023-12-03,15:14:42.490,-89,0,99,10,0,5,25,-82,100,12,51.498482 -0.103893,36.6,260.3,44,12,11.4,4.9,1089,57,-0.07,0.03,-1.93,AH,0.6,-1,-1,105,-1,358,570,-1,-1,0,-1,-1,1,-1,-1,0x0000000000000000,1500,1500,1552,1500,2012,988,988,1500,988,988,1679,988,988,1785,1500,1500,1500,1500,1500,1500,1500,1500,1500,1500,1500,1500,1500,1500,1500,1500,1500,1500,7.6
2023-12-03,15:14:42.990,-90,0,97,10,0,5,25,-78,100,11,51.498500 -0.103910,36.6,260.3,44,12,11.4,4.9,1089,57,-0.07,0.03,-1.93,AH,0.6,0,-1,105,-1,358,570,-1,-1,0,-1,-1,1,-1,-1,0x0000000000000000,1500,1500,1552,1500,2012,988,988,1500,988,988,1679,988,988,1785,1500,1500,1500,1500,1500,1500,1500,1500,1500,1500,1500,1500,1500,1500,1500,1500,1500,1500,7.6
2023-12-03,15:14:43.490,-85,0,99,12,0,5,25,-73,100,13,51.498517 -0.103928,36.6,260.3,44,12,11.4,4.0,1096,58,-0.07,0.03,-1.93,AH,0.6,-1,-1,105,0,358,570,-1,-1,0,-1,-1,1,-1,-1,0x0000000000000000,1500,1500,1552,1500,2012,988,988,1500,988,988,1679,988,988,1785,1500,1500,1500,1500,1500,1500,1500,1500,1500,1500,1500,1500,1500,1500,1500,1500,1500,1500,7.6
2023-12-03,15:14:43.990,-84,0,99,12,0,5,25,-77,100,13,51.498535 -0.103945,36.6,260.3,44,12,11.4,4.0,1096,58,-0.07,0.03,-1.93,AH,0.6,-1,-1,105,-1,358,570,-1,-1,0,-1,-1,1,-1,-1,0x0000000000000000,1500,1500,1552,1500,2012,988,988,1500,988,988,1679,988,988,1785,1500,1500,1500,1500,1500,1500,1500,1500,1500,1500,1500,1500,1500,1500,1500,1500,1500,1500,7.6
2023-12-03,15:14:44.490,-80,0,100,13,0,5,25,-72,100,13,51.498553 -0.103961,36.6,260.3,44,12,11.4,4.0,1096,58,0.0,0.0,-1.96,AH,0.6,0,-1,103,-1,357,570,-1,-1,0,-1,-1,1,-1,-1,0x0000000000000000,1500,1500,1551,1500,2012,988,988,1500,988,988,1678,988,988,1785,1500,1500,1500,1500,1500,1500,1500,1500,1500,1500,1500,1500,1500,1500,1500,1500,1500,1500,7.6
2023-12-03,15:14:44.990,-82,0,100,13,0,5,25,-76,100,13,51.498570 -0.103978,36.6,260.3,44,12,11.4,4.0,1096,58,0.0,0.0,-1.96,AH,0.6,-1,-1,105,-1,358,570,-1,-1,0,-1,-1,1,-1,-1,0x0000000000000000,1500,1500,1552,1500,2012,988,988,1500,988,988,1679,988,988,1785,1500,1500,1500,1500,1500,1500,1500,1500,1500,1500,1500,1500,1500,1500,1500,1500,1500,1500,7.6
2023-12-03,15:14:45.490,-85,0,99,12,0,5,25,-73,100,13,51.498588 -0.103994,36.6,260.3,44,12,11.4,4.0,1096,58,0.0,0.0,-1.96,AH,0.6,-1,-1,105,-1,358,570,-1,-1,0,-1,-1,1,-1,-1,0x0000000000000000,1500,1500,1552,1500,2012,988,988,1500,988,988,1679,988,988,1785,1500,1500,1500,1500,1500,1500,1500,1500,1500,1500,1500,1500,1500,1500,1500,1500,1500,1500,7.6
2023-12-03,15:14:45.990,-82,0,99,12,0,5,25,-70,100,14,51.498606 -0.104010,36.6,260.3,44,12,11.4,4.0,1096,58,0.0,0.0,-1.96,AH,-0.3,-1,0,105,-1,358,570,-1,-1,0,-1,-1,1,-1,-1,0x0000000000000000,1500,1500,1552,1500,2012,988,988,1500,988,988,1679,988,988,1785,1500,1500,1500,1500,1500,1500,1500,1500,1500,1500,1500,1500,1500,1500,1500,1500,1500,1500,7.6
2023-12-03,15:14:46.490,-81,0,99,13,0,5,25,-77,100,13,51.498624 -0.104026,36.6,260.3,44,12,11.4,4.0,1096,58,0.0,0.0,-1.96,AH,-0.3,-1,-1,105,-1,358,570,-1,-1,0,-1,-1,1,-1,-1,0x0000000000000000,1500,1500,1552,1500,2012,988,988,1500,988,988,1679,988,988,1785,1500,1500,1500,1500,1500,1500,1500,1500,1500,1500,1500,1500,1500,1500,1500,1500,1500,1500,7.6
2023-12-03,15:14:46.990,-96,0,94,5,0,5,25,-83,100,11,51.498642 -0.104042,36.6,260.3,44,12,11.4,4.0,1096,58,0.0,0.0,-1.96,AH,-0.3,0,-1,105,-1,358,570,-1,-1,0,-1,-1,1,-1,-1,0x0000000000000000,1500,1500,1552,1500,2012,988,988,1500,988,988,1679,988,988,1785,1500,1500,1500,1500,1500,1500,1500,1500,1500,1500,1500,1500,1500,1500,1500,1500,1500,1500,7.6
2023-12-03,15:14:47.490,-96,0,95,7,0,5,25,-93,100,4,51.498660 -0.104058,38.3,245.6,43,12,11.4,4.0,1096,58,0.0,0.0,-1.96,AH,-0.3,-1,-1,105,-1,358,570,-1,-1,0,-1,-1,1,-1,-1,0x0000000000000000,1500,1500,1552,1500,2012,988,988,1500,988,988,1679,988,988,1785,1500,1500,1500,1500,1500,1500,1500,1500,1500,1500,1500,1500,1500,1500,1500,1500,1500,1500,7.6
2023-12-03,15:14:47.990,-95,0,100,6,0,5,25,-80,100,12,51.498678 -0.104073,38.3,245.6,43,12,11.4,4.0,1096,58,0.0,0.0,-1.96,AH,-0.3,0,-1,103,-1,358,570,-1,-1,0,-1,-1,1,-1,-1,0x0000000000000000,1500,1500,1551,1500,2012,988,988,1500,988,988,1679,988,988,1785,1500,1500,1500,1500,1500,1500,1500,1500,1500,1500,1500,1500,1500,1500,1500,1500,1500,1500,7.6
2023-12-03,15:14:48.490,-94,0,99,9,0,5,25,-79,100,12,51.498696 -0.104088,38.3,245.6,43,12,11.4,4.0,1096,58,0.0,0.0,-1.96,AH,-0.3,-1,-3,105,-181,358,570,-1,-1,0,-1,-1,1,-1,-1,0x0000000000000000,1418,1500,1552,1500,2012,988,988,1500,988,988,1679,988,988,1785,1500,1500,1500,1500,1500,1500,1500,1500,1500,1500,1500,1500,1500,1500,1500,1500,1500,1500,7.6
2023-12-03,15:14:48.990,-93,0,100,8,0,5,25,-84,100,8,51.498715 -0.104103,38.3,245.6,43,12,11.4,4.5,1102,58,0.0,0.0,-1.96,AH,-0.3,0,-1,105,-1,358,570,-1,-1,0,-1,-1,1,-1,-1,0x0000000000000000,1500,1500,1552,1500,2012,988,988,1500,988,988,1679,988,988,1785,1500,1500,1500,1500,1500,1500,1500,1500,1500,1500,1500,1500,1500,1500,1500,1500,1500,1500,7.6
2023-12-03,15:14:49.490,-90,0,98,9,0,5,25,-83,100,12,51.498733 -0.104118,38.3,245.6,43,12,11.4,4.5,1102,58,0.0,0.0,-1.96,AH,-0.3,-1,-3,105,-1,358,570,-1,-1,0,-1,-1,1,-1,-1,0x0000000000000000,1500,1500,1552,1500,2012,988,988,1500,988,988,1679,988,988,1785,1500,1500,1500,1500,1500,1500,1500,1500,1500,1500,1500,1500,1500,1500,1500,1500,1500,1500,7.6
2023-12-03,15:14:49.990,-87,0,99,12,0,5,25,-80,100,12,51.498751 -0.104132,38.3,245.6,43,12,11.4,4.5,1102,58,-0.06,-0.17,-1.9,AH,-0.3,0,-4,105,-208,358,571,-1,-1,0,-1,-1,1,-1,-1,0x0000000000000000,1405,1500,1552,1500,2012,988,988,1500,988,988,1679,988,988,1785,1500,1500,1500,1500,1500,1500,1500,1500,1500,1500,1500,1500,1500,1500,1500,1500,1500,1500,7.6
2023-12-03,15:14:50.490,-85,0,99,11,0,5,25,-76,100,13,51.498770 -0.104147,38.3,245.6,43,12,11.4,4.5,1102,58,-0.06,-0.17,-1.9,AH,-0.3,-1,-1,103,-109,358,570,-1,-1,0,-1,-1,1,-1,-1,0x0000000000000000,1455,1500,1551,1500,2012,988,988,1500,988,988,1679,988,988,1785,1500,1500,1500,1500,1500,1500,1500,1500,1500,1500,1500,1500,1500,1500,1500,1500,1500,1500,7.6
2023-12-03,15:14:50.990,-83,0,97,13,0,5,25,-75,100,13,51.498788 -0.104161,38.3,245.6,43,12,11.4,4.5,1102,58,-0.06,-0.17,-1.9,AH,-0.3,-1,-1,105,-2,358,570,-1,-1,0,-1,-1,1,-1,-1,0x0000000000000000,1500,1500,1552,1500,2012,988,988,1500,988,988,1679,988,988,1785,1500,1500,1500,1500,1500,1500,1500,1500,1500,1500,1500,1500,1500,1500,1500,1500,1500,1500,7.6
2023-12-03,15:14:51.490,-83,0,98,12,0,5,25,-73,100,13,51.498807 -0.104174,38.3,245.6,43,12,11.4,4.5,1102,58,-0.06,-0.17,-1.9,AH,0.0,-1,-3,105,-4,358,570,-1,-1,0,-1,-1,1,-1,-1,0x0000000000000000,1500,1500,1552,1500,2012,988,988,1500,988,988,1679,988,988,1785,1500,1500,1500,1500,1500,1500,1500,1500,1500,1500,1500,1500,1500,1500,1500,1500,1500,1500,7.6
2023-12-03,15:14:51.990,-82,0,100,13,0,5,25,-72,100,14,51.498826 -0.104188,38.3,245.6,43,12,11.4,4.5,1102,58,-0.06,-0.17,-1.9,AH,0.0,-1,-4,105,-127,358,570,-1,-1,0,-1,-1,1,-1,-1,0x0000000000000000,1446,1500,1552,1500,2012,988,988,1500,988,988,1679,988,988,1785,1500,1500,1500,1500,1500,1500,1500,1500,1500,1500,1500,1500,1500,1500,1500,1500,1500,1500,7.6
2023-12-03,15:14:52.490,-80,0,98,13,0,5,25,-71,100,13,51.498844 -0.104202,38.3,245.6,43,12,11.4,4.5,1102,58,-0.06,-0.17,-1.9,AH,0.0,-1,-3,105,1,358,570,-1,-1,0,-1,-1,1,-1,-1,0x0000000000000000,1500,1500,1552,1500,2012,988,988,1500,988,988,1679,988,988,1785,1500,1500,1500,1500,1500,1500,1500,1500,1500,1500,1500,1500,1500,1500,1500,1500,1500,1500,7.6
2023-12-03,15:14:52.990,-79,0,98,13,0,5,25,-72,100,12,51.498863 -0.104215,37.4,250.4,43,12,11.4,4.5,1102,58,-0.06,-0.17,-1.9,AH,0.0,0,-4,105,4,358,570,-1,-1,0,-1,-1,1,-1,-1,0x0000000000000000,1500,1500,1552,1500,2012,988,988,1500,988,988,1679,988,988,1785,1500,1500,1500,1500,1500,1500,1500,1500,1500,1500,1500,1500,1500,1500,1500,1500,1500,1500,7.6
2023-12-03,15:14:53.490,-79,0,98,12,0,5,25,-70,100,13,51.498882 -0.104228,37.4,250.4,43,12,11.4,4.5,1102,58,-0.06,-0.17,-1.9,AH,0.0,-1,0,105,117,358,570,-1,-1,0,-1,-1,1,-1,-1,0x0000000000000000,1549,1500,1552,1500,2012,988,988,1500,988,988,1679,988,988,1785,1500,1500,1500,1500,1500,1500,1500,1500,1500,1500,1500,1500,1500,1500,1500,1500,1500,1500,7.6
2023-12-03,15:14:53.990,-79,0,100,13,0,5,25,-71,100,14,51.498901 -0.104241,37.4,250.4,43,12,11.4,4.5,1102,58,-0.06,-0.17,-1.9,AH,0.0,0,1,105,134,358,570,-1,-1,0,-1,-1,1,-1,-1,0x0000000000000000,1558,1500,1552,1500,2012,988,988,1500,988,988,1679,988,988,1785,1500,1500,1500,1500,1500,1500,1500,1500,1500,1500,1500,1500,1500,1500,1500,1500,1500,1500,7.6
2023-12-03,15:14:54.490,-79,0,99,12,0,5,25,-67,100,13,51.498920 -0.104253,37.4,250.4,43,12,11.4,4.8,1109,57,-0.06,-0.17,-1.9,AH,0.0,0,-3,105,13,358,570,-1,-1,0,-1,-1,1,-1,-1,0x0000000000000000,1500,1500,1552,1500,2012,988,988,1500,988,988,1679,988,988,1785,1500,1500,1500,1500,1500,1500,1500,1500,1500,1500,1500,1500,1500,1500,1500,1500,1500,1500,7.6
2023-12-03,15:14:54.990,-78,0,99,12,0,5,25,-70,100,14,51.498939 -0.104265,37.4,250.4,43,12,11.4,4.8,1109,57,-0.06,-0.17,-1.9,AH,0.0,-1,-4,105,-225,358,570,-1,-1,0,-1,-1,1,-1,-1,0x0000000000000000,1396,1500,1552,1500,2012,988,988,1500,988,988,1679,988,988,1785,1500,1500,1500,1500,1500,1500,1500,1500,1500,1500,1500,1500,1500,1500,1500,1500,1500,1500,7.6
2023-12-03,15:14:55.490,-78,0,97,12,0,5,25,-70,100,13,51.498958 -0.104278,37.4,250.4,43,12,11.4,4.8,1109,57,-0.11,0.09,-1.89,AH,0.0,-1,0,105,-4,358,570,-1,-1,0,-1,-1,1,-1,-1,0x0000000000000000,1500,1500,1552,1500,2012,988,988,1500,988,988,1679,988,988,1785,1500,1500,1500,1500,1500,1500,1500,1500,1500,1500,1500,1500,1500,1500,1500,1500,1500,1500,7.6
2023-12-03,15:14:55.990,-78,0,98,12,0,5,25,-69,100,15,51.498977 -0.104289,37.4,250.4,43,12,11.4,4.8,1109,57,-0.11,0.09,-1.89,AH,0.0,-1,1,105,43,358,570,-1,-1,0,-1,-1,1,-1,-1,0x0000000000000000,1511,1500,1552,1500,2012,988,988,1500,988,988,1679,988,988,1785,1500,1500,1500,1500,1500,1500,1500,1500,1500,1500,1500,1500,1500,1500,1500,1500,1500,1500,7.6
2023-12-03,15:14:56.490,-78,0,98,13,0,5,25,-70,100,13,51.498996 -0.104301,37.4,250.4,43,12,11.4,4.8,1109,57,-0.11,0.09,-1.89,AH,0.0,-1,0,105,-1,358,570,-1,-1,0,-1,-1,1,-1,-1,0x0000000000000000,1500,1500,1552,1500,2012,988,988,1500,988,988,1679,988,988,1785,1500,1500,1500,1500,1500,1500,1500,1500,1500,1500,1500,1500,1500,1500,1500,1500,1500,1500,7.6
2023-12-03,15:14:56.990,-78,0,99,12,0,5,25,-70,100,13,51.499016 -0.104313,37.4,250.4,43,12,11.4,4.8,1109,57,-0.11,0.09,-1.89,AH,1.0,-1,-7,103,-240,358,570,-1,-1,0,-1,-1,1,-1,-1,0x0000000000000000,1388,1500,1551,1500,2012,988,988,1500,988,988,1679,988,988,1785,1500,1500,1500,1500,1500,1500,1500,1500,1500,1500,1500,1500,1500,1500,1500,1500,1500,1500,7.6
2023-12-03,15:14:57.490,-78,0,98,13,0,5,25,-70,100,13,51.499035 -0.104324,37.4,250.4,43,12,11.4,4.8,1109,57,-0.11,0.09,-1.89,AH,1.0,-1,-1,105,-1,358,570,-1,-1,0,-1,-1,1,-1,-1,0x0000000000000000,1500,1500,1552,1500,2012,988,988,1500,988,988,1679,988,988,1785,1500,1500,1500,1500,1500,1500,1500,1500,1500,1500,1500,1500,1500,1500,1500,1500,1500,1500,7.6
2023-12-03,15:14:57.990,-79,0,98,13,0,5,25,-71,100,13,51.499054 -0.104335,37.4,250.4,43,12,11.4,4.8,1109,57,-0.11,0.09,-1.89,AH,1.0,-1,-1,105,-1,358,571,-1,-1,0,-1,-1,1,-1,-1,0x0000000000000000,1500,1500,1552,1500,2012,988,988,1500,988,988,1679,988,988,1785,1500,1500,1500,1500,1500,1500,1500,1500,1500,1500,1500,1500,1500,1500,1500,1500,1500,1500,7.6
2023-12-03,15:14:58.490,-78,0,97,12,0,5,25,-69,100,15,51.499074 -0.104346,37.4,250.4,43,12,11.4,4.8,1109,57,-0.11,0.09,-1.89,AH,1.0,-1,-3,105,-4,358,570,-1,-1,0,-1,-1,1,-1,-1,0x0000000000000000,1500,1500,1552,1500,2012,988,988,1500,988,988,1679,988,988,1785,1500,1500,1500,1500,1500,1500,1500,1500,1500,1500,1500,1500,1500,1500,1500,1500,1500,1500,7.6
2023-12-03,15:14:58.990,-79,0,97,13,0,5,25,-71,100,13,51.499093 -0.104356,36.1,255.5,44,12,11.4,4.8,1109,57,-0.11,0.09,-1.89,AH,1.0,-1,-1,105,-2,358,570,-1,-1,0,-1,-1,1,-1,-1,0x0000000000000000,1500,1500,1552,1500,2012,988,988,1500,988,988,1679,988,988,1785,1500,1500,1500,1500,1500,1500,1500,1500,1500,1500,1500,1500,1500,1500,1500,1500,1500,1500,7.6
2023-12-03,15:14:59.490,-79,0,97,13,0,5,25,-71,100,11,51.499112 -0.104366,36.1,255.5,44,12,11.4,4.8,1109,57,-0.11,0.09,-1.89,AH,1.0,-1,-1,105,-52,358,570,-1,-1,0,-1,-1,1,-1,-1,0x0000000000000000,1484,1500,1552,1500,2012,988,988,1500,988,988,1679,988,988,1785,1500,1500,1500,1500,1500,1500,1500,1500,1500,1500,1500,1500,1500,1500,1500,1500,1500,1500,7.6
2023-12-03,15:14:59.990,-79,0,98,12,0,5,25,-70,100,13,51.499132 -0.104377,36.1,255.5,44,12,11.4,4.6,1117,57,-0.11,0.09,-1.89,AH,1.0,-1,-3,105,-7,358,570,-1,-1,0,-1,-1,1,-1,-1,0x0000000000000000,1500,1500,1552,1500,2012,988,988,1500,988,988,1679,988,988,1785,1500,1500,1500,1500,1500,1500,1500,1500,1500,1500,1500,1500,1500,1500,1500,1500,1500,1500,7.6
2023-12-03,15:15:00.490,-79,0,97,13,0,5,25,-71,100,13,51.499152 -0.104386,36.1,255.5,44,12,11.4,4.6,1117,57,-0.11,0.09,-1.89,AH,1.0,-1,-4,105,-208,358,570,-1,-1,0,-1,-1,1,-1,-1,0x0000000000000000,1405,1500,1552,1500,2012,988,988,1500,988,988,1679,988,988,1785,1500,1500,1500,1500,1500,1500,1500,1500,1500,1500,1500,1500,1500,1500,1500,1500,1500,1500,7.6
2023-12-03,15:15:00.990,-79,0,99,12,0,5,25,-69,100,14,51.499171 -0.104396,36.1,255.5,44,12,11.4,4.6,1117,57,-0.04,-0.03,-1.76,AH,1.0,-1,0,105,-5,358,570,-1,-1,0,-1,-1,1,-1,-1,0x0000000000000000,1500,1500,1552,1500,2012,988,988,1500,988,988,1679,988,988,1785,1500,1500,1500,1500,1500,1500,1500,1500,1500,1500,1500,1500,1500,1500,1500,1500,1500,1500,7.6
2023-12-03,15:15:01.490,-80,0,100,13,0,5,25,-71,100,13,51.499191 -0.104406,36.1,255.5,44,12,11.4,4.6,1117,57,-0.04,-0.03,-1.76,AH,1.0,-1,-1,105,-2,358,570,-1,-1,0,-1,-1,1,-1,-1,0x0000000000000000,1500,1500,1552,1500,2012,988,988,1500,988,988,1679,988,988,1785,1500,1500,1500,1500,1500,1500,1500,1500,1500,1500,1500,1500,1500,1500,1500,1500,1500,1500,7.6
2023-12-03,15:15:01.990,-80,0,99,12,0,5,25,-73,100,13,51.499211 -0.104415,36.1,255.5,44,12,11.4,4.6,1117,57,-0.04,-0.03,-1.76,AH,1.0,-1,-1,103,-23,358,570,-1,-1,0,-1,-1,1,-1,-1,0x0000000000000000,1499,1500,1551,1500,2012,988,988,1500,988,988,1679,988,988,1785,1500,1500,1500,1500,1500,1500,1500,1500,1500,1500,1500,1500,1500,1500,1500,1500,1500,1500,7.6
2023-12-03,15:15:02.490,-80,0,99,12,0,5,25,-72,100,13,51.499230 -0.104424,36.1,255.5,44,12,11.4,4.6,1117,57,-0.04,-0.03,-1.76,AH,1.0,-1,-4,103,-235,358,570,-1,-1,0,-1,-1,1,-1,-1,0x0000000000000000,1391,1500,1551,1500,2012,988,988,1500,988,988,1679,988,988,1785,1500,1500,1500,1500,1500,1500,1500,1500,1500,1500,1500,1500,1500,1500,1500,1500,1500,1500,7.6
2023-12-03,15:15:02.990,-81,0,98,13,0,5,25,-72,100,13,51.499250 -0.104433,36.1,255.5,44,12,11.4,4.6,1117,57,-0.04,-0.03,-1.76,AH,1.0,-1,-1,103,-180,358,570,-1,-1,0,-1,-1,1,-1,-1,0x0000000000000000,1419,1500,1551,1500,2012,988,988,1500,988,988,1679,988,988,1785,1500,1500,1500,1500,1500,1500,1500,1500,1500,1500,1500,1500,1500,1500,1500,1500,1500,1500,7.6
2023-12-03,15:15:03.490,-81,0,100,11,0,5,25,-73,100,13,51.499270 -0.104441,36.1,255.5,44,12,11.4,4.6,1117,57,-0.04,-0.03,-1.76,AH,1.0,0,3,103,-4,358,570,-1,-1,0,-1,-1,1,-1,-1,0x0000000000000000,1500,1500,1551,1500,2012,988,988,1500,988,988,1679,988,988,1785,1500,1500,1500,1500,1500,1500,1500,1500,1500,1500,1500,1500,1500,1500,1500,1500,1500,1500,7.6
2023-12-03,15:15:03.990,-82,0,100,12,0,5,25,-74,100,13,51.499290 -0.104449,36.1,255.5,44,12,11.4,4.6,1117,57,-0.04,-0.03,-1.76,AH,1.0,-1,-3,103,-2,369,570,-1,-1,0,-1,-1,1,-1,-1,0x0000000000000000,1500,1500,1551,1500,2012,988,988,1500,988,988,1684,988,988,1785,1500,1500,1500,1500,1500,1500,1500,1500,1500,1500,1500,1500,1500,1500,1500,1500,1500,1500,7.6
2023-12-03,15:15:04.490,-83,0,99,13,0,5,25,-74,100,13,51.499310 -0.104457,39.2,262.2,44,12,11.4,4.6,1117,57,-0.04,-0.03,-1.76,AH,1.0,-1,-1,103,-1,369,571,-1,-1,0,-1,-1,1,-1,-1,0x0000000000000000,1500,1500,1551,1500,2012,988,988,1500,988,988,1684,988,988,1785,1500,1500,1500,1500,1500,1500,1500,1500,1500,1500,1500,1500,1500,1500,1500,1500,1500,1500,7.6
2023-12-03,15:15:04.990,-82,0,98,12,0,5,25,-73,100,13,51.499329 -0.104465,39.2,262.2,44,12,11.4,4.6,1117,57,-0.04,-0.03,-1.76,AH,1.0,-1,-1,103,-1,369,570,-1,-1,0,-1,-1,1,-1,-1,0x0000000000000000,1500,1500,1551,1500,2012,988,988,1500,988,988,1684,988,988,1785,1500,1500,1500,1500,1500,1500,1500,1500,1500,1500,1500,1500,1500,1500,1500,1500,1500,1500,7.6
2023-12-03,15:15:05.490,-83,0,99,13,0,5,25,-74,100,13,51.499349 -0.104473,39.2,262.2,44,12,11.4,4.0,1123,58,-0.04,-0.03,-1.76,AH,1.0,0,-3,105,-62,369,570,-1,-1,0,-1,-1,1,-1,-1,0x0000000000000000,1479,1500,1552,1500,2012,988,988,1500,988,988,1684,988,988,1785,1500,1500,1500,1500,1500,1500,1500,1500,1500,1500,1500,1500,1500,1500,1500,1500,1500,1500,7.6
2023-12-03,15:15:05.990,-83,0,100,13,0,5,25,-75,100,12,51.499369 -0.104480,39.2,262.2,44,12,11.4,4.0,1123,58,-0.04,-0.03,-1.76,AH,1.0,-1,-6,105,-251,369,570,-1,-1,0,-1,-1,1,-1,-1,0x0000000000000000,1383,1500,1552,1500,2012,988,988,1500,988,988,1684,988,988,1785,1500,1500,1500,1500,1500,1500,1500,1500,1500,1500,1500,1500,1500,1500,1500,1500,1500,1500,7.6
2023-12-03,15:15:06.490,-84,0,100,12,0,5,25,-76,100,13,51.499389 -0.104487,39.2,262.2,44,12,11.4,4.0,1123,58,-0.01,-0.01,-1.7,AH,1.0,-1,-6,103,-259,369,570,-1,-1,0,-1,-1,1,-1,-1,0x0000000000000000,1379,1500,1551,1500,2012,988,988,1500,988,988,1684,988,988,1785,1500,1500,1500,1500,1500,1500,1500,1500,1500,1500,1500,1500,1500,1500,1500,1500,1500,1500,7.6
2023-12-03,15:15:06.990,-84,0,100,12,0,5,25,-77,100,12,51.499410 -0.104494,39.2,262.2,44,12,11.4,4.0,1123,58,-0.01,-0.01,-1.7,AH,1.0,-1,-3,105,-2,370,570,-1,-1,0,-1,-1,1,-1,-1,0x0000000000000000,1500,1500,1552,1500,2012,988,988,1500,988,988,1685,988,988,1785,1500,1500,1500,1500,1500,1500,1500,1500,1500,1500,1500,1500,1500,1500,1500,1500,1500,1500,7.6
2023-12-03,15:15:07.490,-86,0,99,12,0,5,25,-76,100,13,51.499430 -0.104501,39.2,262.2,44,12,11.4,4.0,1123,58,-0.01,-0.01,-1.7,AH,1.0,-1,-3,103,-1,369,570,-1,-1,0,-1,-1,1,-1,-1,0x0000000000000000,1500,1500,1551,1500,2012,988,988,1500,988,988,1684,988,988,1785,1500,1500,1500,1500,1500,1500,1500,1500,1500,1500,1500,1500,1500,1500,1500,1500,1500,1500,7.6
2023-12-03,15:15:07.990,-87,0,98,12,0,5,25,-76,100,12,51.499450 -0.104507,39.2,262.2,44,12,11.4,4.0,1123,58,-0.01,-0.01,-1.7,AH,-0.2,-1,-1,103,-2,369,570,-1,-1,0,-1,-1,1,-1,-1,0x0000000000000000,1500,1500,1551,1500,2012,988,988,1500,988,988,1684,988,988,1785,1500,1500,1500,1500,1500,1500,1500,1500,1500,1500,1500,1500,1500,1500,1500,1500,1500,1500,7.6
2023-12-03,15:15:08.490,-86,0,100,11,0,5,25,-80,100,10,51.499470 -0.104514,39.2,262.2,44,12,11.4,4.0,1123,58,-0.01,-0.01,-1.7,AH,-0.2,0,-1,105,-1,369,570,-1,-1,0,-1,-1,1,-1,-1,0x0000000000000000,1500,1500,1552,1500,2012,988,988,1500,988,988,1684,988,988,1785,1500,1500,1500,1500,1500,1500,1500,1500,1500,1500,1500,1500,1500,1500,1500,1500,1500,1500,7.6
2023-12-03,15:15:08.990,-86,0,99,11,0,5,25,-79,100,12,51.499490 -0.104520,39.2,262.2,44,12,11.4,4.0,1123,58,-0.01,-0.01,-1.7,AH,-0.2,-1,-1,105,-1,369,570,-1,-1,0,-1,-1,1,-1,-1,0x0000000000000000,1500,1500,1552,1500,2012,988,988,1500,988,988,1684,988,988,1785,1500,1500,1500,1500,1500,1500,1500,1500,1500,1500,1500,1500,1500,1500,1500,1500,1500,1500,7.6
2023-12-03,15:15:09.490,-87,0,98,12,0,5,25,-78,100,12,51.499510 -0.104525,39.2,262.2,44,12,11.4,4.0,1123,58,-0.01,-0.01,-1.7,AH,-0.2,-1,-1,103,-1,369,570,-1,-1,0,-1,-1,1,-1,-1,0x0000000000000000,1500,1500,1551,1500,2012,988,988,1500,988,988,1684,988,988,1785,1500,1500,1500,1500,1500,1500,1500,1500,1500,1500,1500,1500,1500,1500,1500,1500,1500,1500,7.6
2023-12-03,15:15:09.990,-87,0,98,12,0,5,25,-81,100,11,51.499530 -0.104531,38.5,258.2,43,12,11.4,4.0,1123,58,-0.01,-0.01,-1.7,AH,-0.2,-1,-1,103,-1,369,570,-1,-1,0,-1,-1,1,-1,-1,0x0000000000000000,1500,1500,1551,1500,2012,988,988,1500,988,988,1684,988,988,1785,1500,1500,1500,1500,1500,1500,1500,1500,1500,1500,1500,1500,1500,1500,1500,1500,1500,1500,7.6
2023-12-03,15:15:10.490,-87,0,99,12,0,5,25,-81,100,11,51.499551 -0.104536,38.5,258.2,43,12,11.4,4.0,1123,58,-0.01,-0.01,-1.7,AH,-0.2,-1,-1,105,-2,369,570,-1,-1,0,-1,-1,1,-1,-1,0x0000000000000000,1500,1500,1552,1500,2012,988,988,1500,988,988,1684,988,988,1785,1500,1500,1500,1500,1500,1500,1500,1500,1500,1500,1500,1500,1500,1500,1500,1500,1500,1500,7.6
2023-12-03,15:15:10.990,-90,0,99,11,0,5,25,-81,100,12,51.499571 -0.104541,38.5,258.2,43,12,11.4,4.6,1130,57,-0.01,-0.01,-1.7,AH,-0.2,-1,-3,103,-1,369,570,-1,-1,0,-1,-1,1,-1,-1,0x0000000000000000,1500,1500,1551,1500,2012,988,988,1500,988,988,1684,988,988,1785,1500,1500,1500,1500,1500,1500,1500,1500,1500,1500,1500,1500,1500,1500,1500,1500,1500,1500,7.6
2023-12-03,15:15:11.490,-89,0,100,10,0,5,25,-80,100,11,51.499591 -0.104546,38.5,258.2,43,12,11.4,4.6,1130,57,-0.01,-0.01,-1.7,AH,-0.2,-1,-1,105,-2,369,570,-1,-1,0,-1,-1,1,-1,-1,0x0000000000000000,1500,1500,1552,1500,2012,988,988,1500,988,988,1684,988,988,1785,1500,1500,1500,1500,1500,1500,1500,1500,1500,1500,1500,1500,1500,1500,1500,1500,1500,1500,7.6
2023-12-03,15:15:11.990,-89,0,99,11,0,5,25,-82,100,11,51.499612 -0.104551,38.5,258.2,43,12,11.4,4.6,1130,57,-0.09,0.04,-1.78,AH,-0.2,-1,-6,103,-232,369,570,-1,-1,0,-1,-1,1,-1,-1,0x0000000000000000,1392,1500,1551,1500,2012,988,988,1500,988,988,1684,988,988,1785,1500,1500,1500,1500,1500,1500,1500,1500,1500,1500,1500,1500,1500,1500,1500,1500,1500,1500,7.6
2023-12-03,15:15:12.490,-89,0,98,11,0,5,25,-81,100,11,51.499632 -0.104555,38.5,258.2,43,12,11.4,4.6,1130,57,-0.09,0.04,-1.78,AH,-0.2,-1,-4,103,-218,370,570,-1,-1,0,-1,-1,1,-1,-1,0x0000000000000000,1400,1500,1551,1500,2012,988,988,1500,988,988,1685,988,988,1785,1500,1500,1500,1500,1500,1500,1500,1500,1500,1500,1500,1500,1500,1500,1500,1500,1500,1500,7.6
2023-12-03,15:15:12.990,-90,0,98,9,0,5,25,-84,100,7,51.499652 -0.104559,38.5,258.2,43,12,11.4,4.6,1130,57,-0.09,0.04,-1.78,AH,-0.2,-1,-1,103,-121,369,570,-1,-1,0,-1,-1,1,-1,-1,0x0000000000000000,1449,1500,1551,1500,2012,988,988,1500,988,988,1684,988,988,1785,1500,1500,1500,1500,1500,1500,1500,1500,1500,1500,1500,1500,1500,1500,1500,1500,1500,1500,7.6
2023-12-03,15:15:13.490,-91,0,98,9,0,5,25,-84,100,10,51.499673 -0.104563,38.5,258.2,43,12,11.4,4.6,1130,57,-0.09,0.04,-1.78,AH,0.0,-1,-3,105,-134,370,570,-1,-1,0,-1,-1,1,-1,-1,0x0000000000000000,1442,1500,1552,1500,2012,988,988,1500,988,988,1685,988,988,1785,1500,1500,1500,1500,1500,1500,1500,1500,1500,1500,1500,1500,1500,1500,1500,1500,1500,1500,7.6
2023-12-03,15:15:13.990,-91,0,99,10,0,5,25,-85,100,9,51.499693 -0.104567,38.5,258.2,43,12,11.4,4.6,1130,57,-0.09,0.04,-1.78,AH,0.0,-1,-3,103,-167,369,570,-1,-1,0,-1,-1,1,-1,-1,0x0000000000000000,1426,1500,1551,1500,2012,988,988,1500,988,988,1684,988,988,1785,1500,1500,1500,1500,1500,1500,1500,1500,1500,1500,1500,1500,1500,1500,1500,1500,1500,1500,7.6
2023-12-03,15:15:14.490,-93,0,98,8,0,5,25,-81,100,9,51.499713 -0.104570,38.5,258.2,43,12,11.4,4.6,1130,57,-0.09,0.04,-1.78,AH,0.0,-1,-3,103,-161,369,570,-1,-1,0,-1,-1,1,-1,-1,0x0000000000000000,1429,1500,1551,1500,2012,988,988,1500,988,988,1684,988,988,1785,1500,1500,1500,1500,1500,1500,1500,1500,1500,1500,1500,1500,1500,1500,1500,1500,1500,1500,7.6
2023-12-03,15:15:14.990,-93,0,98,8,0,5,25,-88,100,3,51.499734 -0.104573,38.5,258.2,43,12,11.4,4.6,1130,57,-0.09,0.04,-1.78,AH,0.0,-1,-3,103,-152,369,570,-1,-1,0,-1,-1,1,-1,-1,0x0000000000000000,1433,1500,1551,1500,2012,988,988,1500,988,988,1684,988,988,1785,1500,1500,1500,1500,1500,1500,1500,1500,1500,1500,1500,1500,1500,1500,1500,1500,1500,1500,7.6
2023-12-03,15:15:15.490,-94,0,95,8,0,5,25,-83,100,12,51.499754 -0.104576,36.8,256.8,43,12,11.4,4.6,1130,57,-0.09,0.04,-1.78,AH,0.0,-1,0,105,-5,369,570,-1,-1,0,-1,-1,1,-1,-1,0x0000000000000000,1500,1500,1552,1500,2012,988,988,1500,988,988,1684,988,988,1785,1500,1500,1500,1500,1500,1500,1500,1500,1500,1500,1500,1500,1500,1500,1500,1500,1500,1500,7.6
2023-12-03,15:15:15.990,-94,0,97,7,0,5,25,-85,100,10,51.499775 -0.104579,36.8,256.8,43,12,11.4,4.6,1130,57,-0.09,0.04,-1.78,AH,0.0,-1,-4,103,-197,369,570,-1,-1,0,-1,-1,1,-1,-1,0x0000000000000000,1410,1500,1551,1500,2012,988,988,1500,988,988,1684,988,988,1785,1500,1500,1500,1500,1500,1500,1500,1500,1500,1500,1500,1500,1500,1500,1500,1500,1500,1500,7.6
2023-12-03,15:15:16.490,-94,0,99,7,0,5,25,-90,100,5,51.499795 -0.104582,36.8,256.8,43,12,11.4,4.8,1137,57,-0.09,0.04,-1.78,AH,0.0,0,-3,103,-175,370,570,-1,-1,0,-1,-1,1,-1,-1,0x0000000000000000,1421,1500,1551,1500,2012,988,988,1500,988,988,1685,988,988,1785,1500,1500,1500,1500,1500,1500,1500,1500,1500,1500,1500,1500,1500,1500,1500,1500,1500,1500,7.6
2023-12-03,15:15:16.990,-94,0,99,8,0,5,25,-88,100,7,51.499816 -0.104584,36.8,256.8,43,12,11.4,4.8,1137,57,-0.09,0.04,-1.78,AH,0.0,-1,-4,103,-363,369,570,-1,-1,0,-1,-1,1,-1,-1,0x0000000000000000,1326,1500,1551,1500,2012,988,988,1500,988,988,1684,988,988,1785,1500,1500,1500,1500,1500,1500,1500,1500,1500,1500,1500,1500,1500,1500,1500,1500,1500,1500,7.6
2023-12-03,15:15:17.490,-98,0,97,4,0,5,25,-88,100,6,51.499836 -0.104586,36.8,256.8,43,12,11.4,4.8,1137,57,-0.08,-0.11,-2.07,AH,0.0,0,-4,103,-566,369,570,-1,-1,0,-1,-1,1,-1,-1,0x0000000000000000,1222,1500,1551,1500,2012,988,988,1500,988,988,1684,988,988,1785,1500,1500,1500,1500,1500,1500,1500,1500,1500,1500,1500,1500,1500,1500,1500,1500,1500,1500,7.6
2023-12-03,15:15:17.990,-100,0,93,5,0,5,25,-95,100,1,51.499856 -0.104588,36.8,256.8,43,12,11.4,4.8,1137,57,-0.08,-0.11,-2.07,AH,0.0,-1,-3,103,-499,370,570,-1,-1,0,-1,-1,1,-1,-1,0x0000000000000000,1256,1500,1551,1500,2012,988,988,1500,988,988,1685,988,988,1785,1500,1500,1500,1500,1500,1500,1500,1500,1500,1500,1500,1500,1500,1500,1500,1500,1500,1500,7.6
2023-12-03,15:15:18.490,-98,0,95,5,0,5,25,-89,100,5,51.499877 -0.104589,36.8,256.8,43,12,11.4,4.8,1137,57,-0.08,-0.11,-2.07,AH,0.0,-1,-3,103,-464,370,570,-1,-1,0,-1,-1,1,-1,-1,0x0000000000000000,1274,1500,1551,1500,2012,988,988,1500,988,988,1685,988,988,1785,1500,1500,1500,1500,1500,1500,1500,1500,1500,1500,1500,1500,1500,1500,1500,1500,1500,1500,7.6
2023-12-03,15:15:18.990,-99,0,99,4,0,5,25,-92,100,2,51.499897 -0.104590,36.8,256.8,43,12,11.4,4.8,1137,57,-0.08,-0.11,-2.07,AH,0.0,-1,-3,103,-462,370,570,-1,-1,0,-1,-1,1,-1,-1,0x0000000000000000,1275,1500,1551,1500,2012,988,988,1500,988,988,1685,988,988,1785,1500,1500,1500,1500,1500,1500,1500,1500,1500,1500,1500,1500,1500,1500,1500,1500,1500,1500,7.6
2023-12-03,15:15:19.490,-101,0,100,1,0,5,25,-91,100,2,51.499918 -0.104591,36.8,256.8,43,12,11.4,4.8,1137,57,-0.08,-0.11,-2.07,AH,0.1,-1,-1,103,-435,369,570,-1,-1,0,-1,-1,1,-1,-1,0x0000000000000000,1289,1500,1551,1500,2012,988,988,1500,988,988,1684,988,988,1785,1500,1500,1500,1500,1500,1500,1500,1500,1500,1500,1500,1500,1500,1500,1500,1500,1500,1500,7.6
2023-12-03,15:15:19.990,-101,0,95,2,0,5,25,-92,100,4,51.499938 -0.104592,36.8,256.8,43,12,11.4,4.8,1137,57,-0.08,-0.11,-2.07,AH,0.1,-1,-3,103,-452,369,570,-1,-1,0,-1,-1,1,-1,-1,0x0000000000000000,1280,1500,1551,1500,2012,988,988,1500,988,988,1684,988,988,1785,1500,1500,1500,1500,1500,1500,1500,1500,1500,1500,1500,1500,1500,1500,1500,1500,1500,1500,7.6
2023-12-03,15:15:20.490,-102,0,98,1,0,5,25,-93,100,0,51.499959 -0.104593,36.8,256.8,43,12,11.4,4.8,1137,57,-0.08,-0.11,-2.07,AH,0.1,-1,-1,105,-461,370,570,-1,-1,0,-1,-1,1,-1,-1,0x0000000000000000,1276,1500,1552,1500,2012,988,988,1500,988,988,1685,988,988,1785,1500,1500,1500,1500,1500,1500,1500,1500,1500,1500,1500,1500,1500,1500,1500,1500,1500,1500,7.6
2023-12-03,15:15:20.990,-102,0,95,1,0,5,25,-89,100,0,51.499979 -0.104593,37.0,191.8,44,12,11.4,4.8,1137,57,-0.08,-0.11,-2.07,AH,0.1,-1,-3,105,-455,369,570,-1,-1,0,-1,-1,1,-1,-1,0x0000000000000000,1279,1500,1552,1500,2012,988,988,1500,988,988,1684,988,988,1785,1500,1500,1500,1500,1500,1500,1500,1500,1500,1500,1500,1500,1500,1500,1500,1500,1500,1500,7.6
2023-12-03,15:15:21.490,-99,0,93,5,0,5,25,-88,100,9,51.500000 -0.104593,37.0,191.8,44,12,11.4,4.8,1137,57,-0.08,-0.11,-2.07,AH,0.1,-1,0,105,-41,370,570,-1,-1,0,-1,-1,1,-1,-1,0x0000000000000000,1490,1500,1552,1500,2012,988,988,1500,988,988,1685,988,988,1785,1500,1500,1500,1500,1500,1500,1500,1500,1500,1500,1500,1500,1500,1500,1500,1500,1500,1500,7.6
2023-12-03,15:15:21.990,-103,0,95,1,0,5,25,-92,100,5,51.500021 -0.104593,37.0,191.8,44,12,11.4,4.5,1144,57,-0.08,-0.11,-2.07,AH,0.1,-1,6,105,142,369,570,-1,-1,0,-1,-1,1,-1,-1,0x0000000000000000,1562,1500,1552,1500,2012,988,988,1500,988,988,1684,988,988,1785,1500,1500,1500,1500,1500,1500,1500,1500,1500,1500,1500,1500,1500,1500,1500,1500,1500,1500,7.6
2023-12-03,15:15:22.490,-103,0,95,0,0,5,50,-94,100,1,51.500041 -0.104593,37.0,191.8,44,12,11.4,4.5,1144,57,-0.08,-0.11,-2.07,AH,0.1,-1,-4,103,-1,369,570,-1,-1,0,-1,-1,1,-1,-1,0x0000000000000000,1500,1500,1551,1500,2012,988,988,1500,988,988,1684,988,988,1785,1500,1500,1500,1500,1500,1500,1500,1500,1500,1500,1500,1500,1500,1500,1500,1500,1500,1500,7.6
2023-12-03,15:15:22.990,-102,0,98,1,0,5,50,-100,100,-4,51.500062 -0.104592,37.0,191.8,44,12,11.4,4.5,1144,57,-0.17,0.0,2.55,AH,0.1,0,-3,103,-102,370,570,-1,-1,0,-1,-1,1,-1,-1,0x0000000000000000,1459,1500,1551,1500,2012,988,988,1500,988,988,1685,988,988,1785,1500,1500,1500,1500,1500,1500,1500,1500,1500,1500,1500,1500,1500,1500,1500,1500,1500,1500,7.6
2023-12-03,15:15:23.490,-102,0,96,2,0,5,50,-101,100,-4,51.500082 -0.104591,37.0,191.8,44,12,11.4,4.5,1144,57,-0.17,0.0,2.55,AH,0.1,0,0,103,-4,370,570,-1,-1,0,-1,-1,1,-1,-1,0x0000000000000000,1500,1500,1551,1500,2012,988,988,1500,988,988,1685,988,988,1785,1500,1500,1500,1500,1500,1500,1500,1500,1500,1500,1500,1500,1500,1500,1500,1500,1500,1500,7.6
2023-12-03,15:15:23.990,-107,0,82,-3,0,5,100,-106,96,-8,51.500103 -0.104590,37.0,191.8,44,12,11.4,4.5,1144,57,-0.17,0.0,2.55,AH,0.1,-1,-4,103,-278,369,570,-1,-1,0,-1,-1,1,-1,-1,0x0000000000000000,1369,1500,1551,1500,2012,988,988,1500,988,988,1684,988,988,1785,1500,1500,1500,1500,1500,1500,1500,1500,1500,1500,1500,1500,1500,1500,1500,1500,1500,1500,7.6
2023-12-03,15:15:24.490,-107,0,76,-3,0,5,100,-101,92,-4,51.500123 -0.104589,37.0,191.8,44,12,11.4,4.5,1144,57,-0.17,0.0,2.55,AH,0.1,-1,0,105,-10,369,570,-1,-1,0,-1,-1,1,-1,-1,0x0000000000000000,1500,1500,1552,1500,2012,988,988,1500,988,988,1684,988,988,1785,1500,1500,1500,1500,1500,1500,1500,1500,1500,1500,1500,1500,1500,1500,1500,1500,1500,1500,7.6
2023-12-03,15:15:24.990,-107,0,76,-3,0,5,100,-101,88,-6,51.500144 -0.104588,37.0,191.8,44,12,11.4,4.5,1144,57,-0.17,0.0,2.55,AH,0.1,-1,0,103,-172,369,570,-1,-1,0,-1,-1,1,-1,-1,0x0000000000000000,1423,1500,1551,1500,2012,988,988,1500,988,988,1684,988,988,1785,1500,1500,1500,1500,1500,1500,1500,1500,1500,1500,1500,1500,1500,1500,1500,1500,1500,1500,7.6
2023-12-03,15:15:25.490,-105,0,88,0,0,5,100,-96,80,1,51.500164 -0.104586,37.0,191.8,44,12,11.4,4.5,1144,57,-0.17,0.0,2.55,AH,0.1,-1,0,103,-61,369,570,-1,-1,0,-1,-1,1,-1,-1,0x0000000000000000,1480,1500,1551,1500,2012,988,988,1500,988,988,1684,988,988,1785,1500,1500,1500,1500,1500,1500,1500,1500,1500,1500,1500,1500,1500,1500,1500,1500,1500,1500,7.6
2023-12-03,15:15:25.990,-101,0,99,2,0,5,100,-92,76,0,51.500184 -0.104584,37.0,191.8,44,12,11.4,4.5,1144,57,-0.17,0.0,2.55,AH,0.1,-1,3,103,225,369,570,-1,-1,0,-1,-1,1,-1,-1,0x0000000000000000,1604,1500,1551,1500,2012,988,988,1500,988,988,1684,988,988,1785,1500,1500,1500,1500,1500,1500,1500,1500,1500,1500,1500,1500,1500,1500,1500,1500,1500,1500,7.6
2023-12-03,15:15:26.490,-97,0,99,6,0,5,100,-94,76,1,51.500205 -0.104582,37.0,191.8,44,12,11.4,4.5,1144,57,-0.17,0.0,2.55,AH,0.8,-1,0,103,-5,369,570,-1,-1,0,-1,-1,1,-1,-1,0x0000000000000000,1500,1500,1551,1500,2012,988,988,1500,988,988,1684,988,988,1785,1500,1500,1500,1500,1500,1500,1500,1500,1500,1500,1500,1500,1500,1500,1500,1500,1500,1500,7.6
2023-12-03,15:15:26.990,-93,0,100,9,0,5,100,-91,76,6,51.500225 -0.104579,37.0,191.8,44,12,11.4,4.5,1144,57,-0.17,0.0,2.55,AH,0.8,0,0,105,-7,369,570,-1,-1,0,-1,-1,1,-1,-1,0x0000000000000000,1500,1500,1552,1500,2012,988,988,1500,988,988,1684,988,988,1785,1500,1500,1500,1500,1500,1500,1500,1500,1500,1500,1500,1500,1500,1500,1500,1500,1500,1500,7.6
2023-12-03,15:15:27.490,-91,0,97,9,0,5,100,-86,76,10,51.500246 -0.104576,37.0,191.8,44,12,11.4,4.5,1144,57,-0.17,0.0,2.55,AH,0.8,-1,1,103,0,369,570,-1,-1,0,-1,-1,1,-1,-1,0x0000000000000000,1500,1500,1551,1500,2012,988,988,1500,988,988,1684,988,988,1785,1500,1500,1500,1500,1500,1500,1500,1500,1500,1500,1500,1500,1500,1500,1500,1500,1500,1500,7.6
2023-12-03,15:15:27.990,-87,0,97,11,0,5,50,-86,76,11,51.500266 -0.104573,53.0,99.9,41,12,11.4,4.5,1144,57,-0.17,0.0,2.55,AH,0.8,-1,1,103,10,369,570,-1,-1,0,-1,-1,1,-1,-1,0x0000000000000000,1500,1500,1551,1500,2012,988,988,1500,988,988,1684,988,988,1785,1500,1500,1500,1500,1500,1500,1500,1500,1500,1500,1500,1500,1500,1500,1500,1500,1500,1500,7.6
2023-12-03,15:15:28.490,-90,0,97,11,0,5,25,-85,76,11,51.500287 -0.104570,53.0,99.9,41,12,11.4,4.5,1144,57,-0.17,0.0,2.55,AH,0.8,-1,4,103,314,369,570,-1,-1,0,-1,-1,1,-1,-1,0x0000000000000000,1649,1500,1551,1500,2012,988,988,1500,988,988,1684,988,988,1785,1500,1500,1500,1500,1500,1500,1500,1500,1500,1500,1500,1500,1500,1500,1500,1500,1500,1500,7.6
2023-12-03,15:15:28.990,-91,0,96,9,0,5,25,-86,80,10,51.500307 -0.104567,53.0,99.9,41,12,11.4,4.5,1144,57,-0.17,0.0,2.55,AH,0.8,-1,1,103,4,369,570,-1,-1,0,-1,-1,1,-1,-1,0x0000000000000000,1500,1500,1551,1500,2012,988,988,1500,988,988,1684,988,988,1785,1500,1500,1500,1500,1500,1500,1500,1500,1500,1500,1500,1500,1500,1500,1500,1500,1500,1500,7.6
2023-12-03,15:15:29.490,-94,0,97,8,0,5,25,-89,84,4,51.500327 -0.104563,53.0,99.9,41,12,11.3,7.1,1157,53,-0.17,0.0,2.55,AH,0.8,0,-1,103,-33,370,570,-1,-1,0,-1,-1,1,-1,-1,0x0000000000000000,1494,1500,1551,1500,2012,988,988,1500,988,988,1685,988,988,1785,1500,1500,1500,1500,1500,1500,1500,1500,1500,1500,1500,1500,1500,1500,1500,1500,1500,1500,7.6
2023-12-03,15:15:29.990,-96,0,97,7,0,5,25,-85,84,9,51.500348 -0.104559,53.0,99.9,41,12,11.3,7.1,1157,53,-0.17,0.0,2.55,AH,0.8,-1,0,103,217,369,571,-1,-1,0,-1,-1,1,-1,-1,0x0000000000000000,1600,1500,1551,1500,2012,988,988,1500,988,988,1684,988,988,1785,1500,1500,1500,1500,1500,1500,1500,1500,1500,1500,1500,1500,1500,1500,1500,1500,1500,1500,7.6
2023-12-03,15:15:30.490,-95,0,97,9,0,5,25,-87,88,6,51.500368 -0.104555,53.0,99.9,41,12,11.3,7.1,1157,53,-0.17,0.01,1.82,AH,0.8,-1,0,103,35,369,570,-1,-1,0,-1,-1,1,-1,-1,0x0000000000000000,1507,1500,1551,1500,2012,988,988,1500,988,988,1684,988,988,1785,1500,1500,1500,1500,1500,1500,1500,1500,1500,1500,1500,1500,1500,1500,1500,1500,1500,1500,7.6
2023-12-03,15:15:30.990,-92,0,94,10,0,5,25,-84,96,9,51.500388 -0.104551,53.0,99.9,41,12,11.3,7.1,1157,53,-0.17,0.01,1.82,AH,0.8,0,0,103,-105,370,570,-1,-1,0,-1,-1,1,-1,-1,0x0000000000000000,1457,1500,1551,1500,2012,988,988,1500,988,988,1685,988,988,1785,1500,1500,1500,1500,1500,1500,1500,1500,1500,1500,1500,1500,1500,1500,1500,1500,1500,1500,7.6
2023-12-03,15:15:31.490,-92,0,98,9,0,5,25,-84,100,9,51.500409 -0.104546,53.0,99.9,41,12,11.3,7.1,1157,53,-0.17,0.01,1.82,AH,0.8,-1,0,103,-1,369,570,-1,-1,0,-1,-1,1,-1,-1,0x0000000000000000,1500,1500,1551,1500,2012,988,988,1500,988,988,1684,988,988,1785,1500,1500,1500,1500,1500,1500,1500,1500,1500,1500,1500,1500,1500,1500,1500,1500,1500,1500,7.6
2023-12-03,15:15:31.990,-92,0,97,9,0,5,25,-83,100,9,51.500429 -0.104541,53.0,99.9,41,12,11.3,7.1,1157,53,-0.17,0.01,1.82,AH,0.1,-1,-4,105,-188,369,570,-1,-1,0,-1,-1,1,-1,-1,0x0000000000000000,1415,1500,1552,1500,2012,988,988,1500,988,988,1684,988,988,1785,1500,1500,1500,1500,1500,1500,1500,1500,1500,1500,1500,1500,1500,1500,1500,1500,1500,1500,7.6
2023-12-03,15:15:32.490,-92,0,96,10,0,5,25,-83,96,11,51.500449 -0.104536,53.0,99.9,41,12,11.3,7.1,1157,53,-0.17,0.01,1.82,AH,0.1,-1,-3,105,-196,370,570,-1,-1,0,-1,-1,1,-1,-1,0x0000000000000000,1411,1500,1552,1500,2012,988,988,1500,988,988,1685,988,988,1785,1500,1500,1500,1500,1500,1500,1500,1500,1500,1500,1500,1500,1500,1500,1500,1500,1500,1500,7.6
2023-12-03,15:15:32.990,-90,0,99,11,0,5,25,-78,96,12,51.500470 -0.104531,53.0,99.9,41,12,11.3,7.1,1157,53,-0.17,0.01,1.82,AH,0.1,-1,-1,105,-175,369,570,-1,-1,0,-1,-1,1,-1,-1,0x0000000000000000,1421,1500,1552,1500,2012,988,988,1500,988,988,1684,988,988,1785,1500,1500,1500,1500,1500,1500,1500,1500,1500,1500,1500,1500,1500,1500,1500,1500,1500,1500,7.6
2023-12-03,15:15:33.490,-90,0,97,11,0,5,25,-80,96,12,51.500490 -0.104525,53.0,99.9,41,12,11.3,7.1,1157,53,-0.17,0.01,1.82,AH,0.1,-1,0,103,-143,370,570,-1,-1,0,-1,-1,1,-1,-1,0x0000000000000000,1438,1500,1551,1500,2012,988,988,1500,988,988,1685,988,988,1785,1500,1500,1500,1500,1500,1500,1500,1500,1500,1500,1500,1500,1500,1500,1500,1500,1500,1500,7.6
2023-12-03,15:15:33.990,-88,0,99,11,0,5,25,-79,96,13,51.500510 -0.104520,54.1,94.6,47,12,11.3,7.1,1157,53,-0.17,0.01,1.82,AH,0.1,0,-3,103,-193,369,570,-1,-1,0,-1,-1,1,-1,-1,0x0000000000000000,1412,1500,1551,1500,2012,988,988,1500,988,988,1684,988,988,1785,1500,1500,1500,1500,1500,1500,1500,1500,1500,1500,1500,1500,1500,1500,1500,1500,1500,1500,7.6
2023-12-03,15:15:34.490,-87,0,99,11,0,5,25,-79,96,13,51.500530 -0.104514,54.1,94.6,47,12,11.3,7.1,1157,53,-0.17,0.01,1.82,AH,0.1,-1,-1,103,-227,369,570,-1,-1,0,-1,-1,1,-1,-1,0x0000000000000000,1395,1500,1551,1500,2012,988,988,1500,988,988,1684,988,988,1785,1500,1500,1500,1500,1500,1500,1500,1500,1500,1500,1500,1500,1500,1500,1500,1500,1500,1500,7.6
2023-12-03,15:15:34.990,-88,0,99,11,0,5,25,-81,96,12,51.500550 -0.104507,54.1,94.6,47,12,11.3,7.1,1157,53,-0.17,0.01,1.82,AH,0.1,0,-1,103,-219,369,570,-1,-1,0,-1,-1,1,-1,-1,0x0000000000000000,1399,1500,1551,1500,2012,988,988,1500,988,988,1684,988,988,1785,1500,1500,1500,1500,1500,1500,1500,1500,1500,1500,1500,1500,1500,1500,1500,1500,1500,1500,7.6
2023-12-03,15:15:35.490,-89,0,100,9,0,5,25,-82,96,12,51.500570 -0.104501,54.1,94.6,47,12,11.4,3.9,1166,56,-0.17,0.01,1.82,AH,0.1,0,3,103,-130,369,570,-1,-1,0,-1,-1,1,-1,-1,0x0000000000000000,1444,1500,1551,1500,2012,988,988,1500,988,988,1684,988,988,1785,1500,1500,1500,1500,1500,1500,1500,1500,1500,1500,1500,1500,1500,1500,1500,1500,1500,1500,7.6
2023-12-03,15:15:35.990,-91,0,100,10,0,5,25,-81,96,11,51.500590 -0.104494,54.1,94.6,47,12,11.4,3.9,1166,56,-0.17,0.01,1.82,AH,0.1,-1,1,103,-2,369,570,-1,-1,0,-1,-1,1,-1,-1,0x0000000000000000,1500,1500,1551,1500,2012,988,988,1500,988,988,1684,988,988,1785,1500,1500,1500,1500,1500,1500,1500,1500,1500,1500,1500,1500,1500,1500,1500,1500,1500,1500,7.6
2023-12-03,15:15:36.490,-91,0,99,10,0,5,25,-84,96,10,51.500611 -0.104487,54.1,94.6,47,12,11.4,3.9,1166,56,0.01,-0.1,1.31,AH,0.1,0,3,103,105,370,570,-1,-1,0,-1,-1,1,-1,-1,0x0000000000000000,1543,1500,1551,1500,2012,988,988,1500,988,988,1685,988,988,1785,1500,1500,1500,1500,1500,1500,1500,1500,1500,1500,1500,1500,1500,1500,1500,1500,1500,1500,7.6
2023-12-03,15:15:36.990,-92,0,98,9,0,5,25,-86,96,8,51.500631 -0.104480,54.1,94.6,47,12,11.4,3.9,1166,56,0.01,-0.1,1.31,AH,0.1,-1,0,103,0,369,570,-1,-1,0,-1,-1,1,-1,-1,0x0000000000000000,1500,1500,1551,1500,2012,988,988,1500,988,988,1684,988,988,1785,1500,1500,1500,1500,1500,1500,1500,1500,1500,1500,1500,1500,1500,1500,1500,1500,1500,1500,7.6
2023-12-03,15:15:37.490,-93,0,99,9,0,5,25,-85,96,9,51.500651 -0.104473,54.1,94.6,47,12,11.4,3.9,1166,56,0.01,-0.1,1.31,AH,0.1,0,3,103,-11,369,570,-1,-1,0,-1,-1,1,-1,-1,0x0000000000000000,1500,1500,1551,1500,2012,988,988,1500,988,988,1684,988,988,1785,1500,1500,1500,1500,1500,1500,1500,1500,1500,1500,1500,1500,1500,1500,1500,1500,1500,1500,7.6
2023-12-03,15:15:37.990,-92,0,98,9,0,5,25,-82,100,10,51.500671 -0.104465,54.1,94.6,47,12,11.4,3.9,1166,56,0.01,-0.1,1.31,AH,-0.9,0,-3,103,67,369,570,-1,-1,0,-1,-1,1,-1,-1,0x0000000000000000,1523,1500,1551,1500,2012,988,988,1500,988,988,1684,988,988,1785,1500,1500,1500,1500,1500,1500,1500,1500,1500,1500,1500,1500,1500,1500,1500,1500,1500,1500,7.6
2023-12-03,15:15:38.490,-91,0,99,10,0,5,25,-82,100,11,51.500690 -0.104457,54.1,94.6,47,12,11.4,3.9,1166,56,0.01,-0.1,1.31,AH,-0.9,0,3,103,176,369,570,-1,-1,0,-1,-1,1,-1,-1,0x0000000000000000,1579,1500,1551,1500,2012,988,988,1500,988,988,1684,988,988,1785,1500,1500,1500,1500,1500,1500,1500,1500,1500,1500,1500,1500,1500,1500,1500,1500,1500,1500,7.6
2023-12-03,15:15:38.990,-91,0,98,9,0,5,25,-83,100,10,51.500710 -0.104449,54.1,94.6,47,12,11.4,3.9,1166,56,0.01,-0.1,1.31,AH,-0.9,0,3,105,182,369,571,-1,-1,0,-1,-1,1,-1,-1,0x0000000000000000,1582,1500,1552,1500,2012,988,988,1500,988,988,1684,988,988,1785,1500,1500,1500,1500,1500,1500,1500,1500,1500,1500,1500,1500,1500,1500,1500,1500,1500,1500,7.6
2023-12-03,15:15:39.490,-91,0,99,10,0,5,25,-84,100,10,51.500730 -0.104441,62.0,69.0,45,12,11.4,3.9,1166,56,0.01,-0.1,1.31,AH,-0.9,-1,1,103,202,370,570,-1,-1,0,-1,-1,1,-1,-1,0x0000000000000000,1592,1500,1551,1500,2012,988,988,1500,988,988,1685,988,988,1785,1500,1500,1500,1500,1500,1500,1500,1500,1500,1500,1500,1500,1500,1500,1500,1500,1500,1500,7.6
2023-12-03,15:15:39.990,-92,0,98,9,0,5,25,-84,100,11,51.500750 -0.104433,62.0,69.0,45,12,11.4,3.9,1166,56,0.01,-0.1,1.31,AH,-0.9,0,3,103,208,370,570,-1,-1,0,-1,-1,1,-1,-1,0x0000000000000000,1595,1500,1551,1500,2012,988,988,1500,988,988,1685,988,988,1785,1500,1500,1500,1500,1500,1500,1500,1500,1500,1500,1500,1500,1500,1500,1500,1500,1500,1500,7.6
2023-12-03,15:15:40.490,-92,0,97,9,0,5,25,-83,100,8,51.500770 -0.104424,62.0,69.0,45,12,11.4,3.9,1166,56,0.01,-0.1,1.31,AH,-0.9,-1,3,105,195,369,570,-1,-1,0,-1,-1,1,-1,-1,0x0000000000000000,1589,1500,1552,1500,2012,988,988,1500,988,988,1684,988,988,1785,1500,1500,1500,1500,1500,1500,1500,1500,1500,1500,1500,1500,1500,1500,1500,1500,1500,1500,7.6
2023-12-03,15:15:40.990,-92,0,99,8,0,5,25,-84,100,8,51.500789 -0.104415,62.0,69.0,45,12,11.4,3.6,1171,57,0.01,-0.1,1.31,AH,-0.9,0,0,103,-5,369,570,-1,-1,0,-1,-1,1,-1,-1,0x0000000000000000,1500,1500,1551,1500,2012,988,988,1500,988,988,1684,988,988,1785,1500,1500,1500,1500,1500,1500,1500,1500,1500,1500,1500,1500,1500,1500,1500,1500,1500,1500,7.6
2023-12-03,15:15:41.490,-94,0,99,9,0,5,25,-86,100,10,51.500809 -0.104406,62.0,69.0,45,12,11.4,3.6,1171,57,0.01,-0.1,1.31,AH,-0.9,-1,3,103,162,369,570,-1,-1,0,-1,-1,1,-1,-1,0x0000000000000000,1572,1500,1551,1500,2012,988,988,1500,988,988,1684,988,988,1785,1500,1500,1500,1500,1500,1500,1500,1500,1500,1500,1500,1500,1500,1500,1500,1500,1500,1500,7.6
2023-12-03,15:15:41.990,-95,0,99,6,0,5,25,-87,100,9,51.500829 -0.104396,62.0,69.0,45,12,11.4,3.6,1171,57,0.01,0.1,1.27,AH,-0.9,0,3,103,173,370,570,-1,-1,0,-1,-1,1,-1,-1,0x0000000000000000,1578,1500,1551,1500,2012,988,988,1500,988,988,1685,988,988,1785,1500,1500,1500,1500,1500,1500,1500,1500,1500,1500,1500,1500,1500,1500,1500,1500,1500,1500,7.6
2023-12-03,15:15:42.490,-97,0,96,7,0,5,25,-89,100,6,51.500848 -0.104386,62.0,69.0,45,12,11.4,3.6,1171,57,0.01,0.1,1.27,AH,-0.9,0,3,103,124,370,570,-1,-1,0,-1,-1,1,-1,-1,0x0000000000000000,1553,1500,1551,1500,2012,988,988,1500,988,988,1685,988,988,1785,1500,1500,1500,1500,1500,1500,1500,1500,1500,1500,1500,1500,1500,1500,1500,1500,1500,1500,7.6
2023-12-03,15:15:42.990,-98,0,96,6,0,5,25,-91,100,6,51.500868 -0.104377,62.0,69.0,45,12,11.4,3.6,1171,57,0.01,0.1,1.27,AH,-0.9,-1,6,105,191,370,570,-1,-1,0,-1,-1,1,-1,-1,0x0000000000000000,1587,1500,1552,1500,2012,988,988,1500,988,988,1685,988,988,1785,1500,1500,1500,1500,1500,1500,1500,1500,1500,1500,1500,1500,1500,1500,1500,1500,1500,1500,7.6
2023-12-03,15:15:43.490,-99,0,94,4,0,5,25,-89,100,7,51.500888 -0.104366,62.0,69.0,45,12,11.4,3.6,1171,57,0.01,0.1,1.27,AH,0.2,0,0,103,13,370,570,-1,-1,0,-1,-1,1,-1,-1,0x0000000000000000,1500,1500,1551,1500,2012,988,988,1500,988,988,1685,988,988,1785,1500,1500,1500,1500,1500,1500,1500,1500,1500,1500,1500,1500,1500,1500,1500,1500,1500,1500,7.6
2023-12-03,15:15:43.990,-101,0,90,2,0,5,25,-94,100,0,51.500907 -0.104356,62.0,69.0,45,12,11.4,3.6,1171,57,0.01,0.1,1.27,AH,0.2,0,0,103,-45,369,570,-1,-1,0,-1,-1,1,-1,-1,0x0000000000000000,1488,1500,1551,1500,2012,988,988,1500,988,988,1684,988,988,1785,1500,1500,1500,1500,1500,1500,1500,1500,1500,1500,1500,1500,1500,1500,1500,1500,1500,1500,7.6
2023-12-03,15:15:44.490,-101,0,91,2,0,5,25,-83,100,12,51.500926 -0.104346,62.0,69.0,45,12,11.4,3.6,1171,57,0.01,0.1,1.27,AH,0.2,-1,1,105,-4,369,570,-1,-1,0,-1,-1,1,-1,-1,0x0000000000000000,1500,1500,1552,1500,2012,988,988,1500,988,988,1684,988,988,1785,1500,1500,1500,1500,1500,1500,1500,1500,1500,1500,1500,1500,1500,1500,1500,1500,1500,1500,7.6
2023-12-03,15:15:44.990,-97,0,95,6,0,5,25,-84,100,11,51.500946 -0.104335,62.0,69.0,45,12,11.4,3.6,1171,57,0.01,0.1,1.27,AH,0.2,0,3,103,151,370,570,-1,-1,0,-1,-1,1,-1,-1,0x0000000000000000,1566,1500,1552,1500,2012,988,988,1500,988,988,1685,988,988,1785,1500,1500,1500,1500,1500,1500,1500,1500,1500,1500,1500,1500,1500,1500,1500,1500,1500,1500,7.6
2023-12-03,15:15:45.490,-94,0,97,8,0,5,25,-89,100,7,51.500965 -0.104324,57.2,71.6,43,12,11.4,3.6,1171,57,0.01,0.1,1.27,AH,0.2,-1,3,103,-4,369,570,-1,-1,0,-1,-1,1,-1,-1,0x0000000000000000,1500,1500,1551,1500,2012,988,988,1500,988,988,1684,988,988,1785,1500,1500,1500,1500,1500,1500,1500,1500,1500,1500,1500,1500,1500,1500,1500,1500,1500,1500,7.6
2023-12-03,15:15:45.990,-95,0,98,8,0,5,25,-87,100,9,51.500984 -0.104313,57.2,71.6,43,12,11.4,3.6,1171,57,0.01,0.1,1.27,AH,0.2,-1,3,103,-26,370,571,-1,-1,0,-1,-1,1,-1,-1,0x0000000000000000,1497,1500,1551,1500,2012,988,988,1500,988,988,1685,988,988,1785,1500,1500,1500,1500,1500,1500,1500,1500,1500,1500,1500,1500,1500,1500,1500,1500,1500,1500,7.6
2023-12-03,15:15:46.490,-95,0,97,7,0,5,25,-82,100,8,51.501004 -0.104301,57.2,71.6,43,12,11.4,4.2,1178,56,0.01,0.1,1.27,AH,0.2,-1,1,103,75,369,570,-1,-1,0,-1,-1,1,-1,-1,0x0000000000000000,1534,1500,1551,1500,2012,988,988,1500,988,988,1684,988,988,1785,1500,1500,1500,1500,1500,1500,1500,1500,1500,1500,1500,1500,1500,1500,1500,1500,1500,1500,7.6
2023-12-03,15:15:46.990,-92,0,98,9,0,5,25,-86,100,6,51.501023 -0.104289,57.2,71.6,43,12,11.4,4.2,1178,56,0.01,0.1,1.27,AH,0.2,0,0,103,-114,369,570,-1,-1,0,-1,-1,1,-1,-1,0x0000000000000000,1453,1500,1551,1500,2012,988,988,1500,988,988,1684,988,988,1785,1500,1500,1500,1500,1500,1500,1500,1500,1500,1500,1500,1500,1500,1500,1500,1500,1500,1500,7.6
2023-12-03,15:15:47.490,-92,0,96,9,0,5,25,-83,100,10,51.501042 -0.104278,57.2,71.6,43,12,11.4,4.2,1178,56,-0.03,0.01,1.33,AH,0.2,-1,-1,103,-153,369,570,-1,-1,0,-1,-1,1,-1,-1,0x0000000000000000,1433,1500,1551,1500,2012,988,988,1500,988,988,1684,988,988,1785,1500,1500,1500,1500,1500,1500,1500,1500,1500,1500,1500,1500,1500,1500,1500,1500,1500,1500,7.6
2023-12-03,15:15:47.990,-93,0,96,9,0,5,25,-81,100,12,51.501061 -0.104265,57.2,71.6,43,12,11.4,4.2,1178,56,-0.03,0.01,1.33,AH,0.2,0,-1,103,-164,369,570,-1,-1,0,-1,-1,1,-1,-1,0x0000000000000000,1427,1500,1551,1500,2012,988,988,1500,988,988,1684,988,988,1785,1500,1500,1500,1500,1500,1500,1500,1500,1500,1500,1500,1500,1500,1500,1500,1500,1500,1500,7.6
2023-12-03,15:15:48.490,-91,0,97,10,0,5,25,-83,100,10,51.501080 -0.104253,57.2,71.6,43,12,11.4,4.2,1178,56,-0.03,0.01,1.33,AH,0.2,-1,0,105,-7,369,570,-1,-1,0,-1,-1,1,-1,-1,0x0000000000000000,1500,1500,1552,1500,2012,988,988,1500,988,988,1684,988,988,1785,1500,1500,1500,1500,1500,1500,1500,1500,1500,1500,1500,1500,1500,1500,1500,1500,1500,1500,7.6
2023-12-03,15:15:48.990,-89,0,97,11,0,5,25,-80,100,12,51.501099 -0.104241,57.2,71.6,43,12,11.4,4.2,1178,56,-0.03,0.01,1.33,AH,0.0,-1,0,103,-2,369,570,-1,-1,0,-1,-1,1,-1,-1,0x0000000000000000,1500,1500,1551,1500,2012,988,988,1500,988,988,1684,988,988,1785,1500,1500,1500,1500,1500,1500,1500,1500,1500,1500,1500,1500,1500,1500,1500,1500,1500,1500,7.6
2023-12-03,15:15:49.490,-89,0,97,12,0,5,25,-81,100,11,51.501118 -0.104228,57.2,71.6,43,12,11.4,4.2,1178,56,-0.03,0.01,1.33,AH,0.0,0,-1,103,-87,369,570,-1,-1,0,-1,-1,1,-1,-1,0x0000000000000000,1466,1500,1551,1500,2012,988,988,1500,988,988,1684,988,988,1785,1500,1500,1500,1500,1500,1500,1500,1500,1500,1500,1500,1500,1500,1500,1500,1500,1500,1500,7.6
2023-12-03,15:15:49.990,-90,0,99,11,0,5,25,-79,100,11,51.501137 -0.104215,57.2,71.6,43,12,11.4,4.2,1178,56,-0.03,0.01,1.33,AH,0.0,-1,-3,105,-114,369,570,-1,-1,0,-1,-1,1,-1,-1,0x0000000000000000,1453,1500,1552,1500,2012,988,988,1500,988,988,1684,988,988,1785,1500,1500,1500,1500,1500,1500,1500,1500,1500,1500,1500,1500,1500,1500,1500,1500,1500,1500,7.6
2023-12-03,15:15:50.490,-87,0,100,11,0,5,25,-79,100,10,51.501156 -0.104202,57.2,71.6,43,12,11.4,4.2,1178,56,-0.03,0.01,1.33,AH,0.0,-1,1,103,-4,370,570,-1,-1,0,-1,-1,1,-1,-1,0x0000000000000000,1500,1500,1551,1500,2012,988,988,1500,988,988,1685,988,988,1785,1500,1500,1500,1500,1500,1500,1500,1500,1500,1500,1500,1500,1500,1500,1500,1500,1500,1500,7.6
2023-12-03,15:15:50.990,-88,0,100,11,0,5,25,-79,100,13,51.501174 -0.104188,52.2,80.0,43,12,11.4,4.2,1178,56,-0.03,0.01,1.33,AH,0.0,0,-1,103,-106,369,570,-1,-1,0,-1,-1,1,-1,-1,0x0000000000000000,1457,1500,1551,1500,2012,988,988,1500,988,988,1685,988,988,1785,1500,1500,1500,1500,1500,1500,1500,1500,1500,1500,1500,1500,1500,1500,1500,1500,1500,1500,7.6
2023-12-03,15:15:51.490,-88,0,99,11,0,5,25,-80,100,12,51.501193 -0.104174,52.2,80.0,43,12,11.4,4.2,1178,56,-0.03,0.01,1.33,AH,0.0,0,-3,103,-146,369,570,-1,-1,0,-1,-1,1,-1,-1,0x0000000000000000,1436,1500,1552,1500,2012,988,988,1500,988,988,1684,988,988,1785,1500,1500,1500,1500,1500,1500,1500,1500,1500,1500,1500,1500,1500,1500,1500,1500,1500,1500,7.6
2023-12-03,15:15:51.990,-89,0,100,10,0,5,25,-80,100,12,51.501212 -0.104161,52.2,80.0,43,12,11.4,4.6,1184,56,-0.03,0.01,1.33,AH,0.0,0,1,85,-35,370,570,-1,-1,0,-1,-1,1,-1,-1,0x0000000000000000,1493,1500,1543,1500,2012,988,988,1500,988,988,1685,988,988,1785,1500,1500,1500,1500,1500,1500,1500,1500,1500,1500,1500,1500,1500,1500,1500,1500,1500,1500,7.6
2023-12-03,15:15:52.490,-89,0,96,11,0,5,25,-78,100,12,51.501230 -0.104147,52.2,80.0,43,12,11.4,4.6,1184,56,-0.03,0.01,1.33,AH,0.0,-1,3,87,-8,369,570,-1,-1,0,-1,-1,1,-1,-1,0x0000000000000000,1500,1500,1543,1500,2012,988,988,1500,988,988,1684,988,988,1785,1500,1500,1500,1500,1500,1500,1500,1500,1500,1500,1500,1500,1500,1500,1500,1500,1500,1500,7.6
2023-12-03,15:15:52.990,-88,0,97,12,0,5,25,-80,100,9,51.501249 -0.104132,52.2,80.0,43,12,11.4,4.6,1184,56,-0.09,-0.09,1.25,AH,0.0,-271,1,79,-7,369,570,-1,-1,0,-1,-1,1,-1,-1,0x0000000000000000,1500,1500,1539,1372,2012,988,988,1500,988,988,1684,988,988,1785,1500,1500,1500,1500,1500,1500,1500,1500,1500,1500,1500,1500,1500,1500,1500,1500,1500,1500,7.6
2023-12-03,15:15:53.490,-88,0,99,11,0,5,25,-80,100,10,51.501267 -0.104118,52.2,80.0,43,12,11.4,4.6,1184,56,-0.09,-0.09,1.25,AH,0.0,-300,1,79,-5,369,570,-1,-1,0,-1,-1,1,-1,-1,0x0000000000000000,1500,1500,1539,1357,2012,988,988,1500,988,988,1684,988,988,1785,1500,1500,1500,1500,1500,1500,1500,1500,1500,1500,1500,1500,1500,1500,1500,1500,1500,1500,7.6
2023-12-03,15:15:53.990,-88,0,97,12,0,5,25,-80,100,12,51.501285 -0.104103,52.2,80.0,43,12,11.4,4.6,1184,56,-0.09,-0.09,1.25,AH,0.0,-371,1,79,-7,370,570,-1,-1,0,-1,-1,1,-1,-1,0x0000000000000000,1500,1500,1539,1321,2012,988,988,1500,988,988,1685,988,988,1785,1500,1500,1500,1500,1500,1500,1500,1500,1500,1500,1500,1500,1500,1500,1500,1500,1500,1500,7.6
2023-12-03,15:15:54.490,-88,0,98,10,0,5,25,-81,100,11,51.501304 -0.104088,52.2,80.0,43,12,11.4,4.6,1184,56,-0.09,-0.09,1.25,AH,0.0,-357,1,79,-7,370,570,-1,-1,0,-1,-1,1,-1,-1,0x0000000000000000,1500,1500,1539,1329,2012,988,988,1500,988,988,1685,988,988,1785,1500,1500,1500,1500,1500,1500,1500,1500,1500,1500,1500,1500,1500,1500,1500,1500,1500,1500,7.6
2023-12-03,15:15:54.990,-89,0,98,11,0,5,25,-81,100,11,51.501322 -0.104073,52.2,80.0,43,12,11.4,4.6,1184,56,-0.09,-0.09,1.25,AH,0.0,-361,1,80,-7,369,570,-1,-1,0,-1,-1,1,-1,-1,0x0000000000000000,1500,1500,1540,1327,2012,988,988,1500,988,988,1684,988,988,1785,1500,1500,1500,1500,1500,1500,1500,1500,1500,1500,1500,1500,1500,1500,1500,1500,1500,1500,7.6
2023-12-03,15:15:55.490,-88,0,98,11,0,5,25,-77,100,12,51.501340 -0.104058,52.2,80.0,43,12,11.4,4.6,1184,56,-0.09,-0.09,1.25,AH,0.0,-356,1,79,-7,369,570,-1,-1,0,-1,-1,1,-1,-1,0x0000000000000000,1500,1500,1539,1329,2012,988,988,1500,988,988,1684,988,988,1785,1500,1500,1500,1500,1500,1500,1500,1500,1500,1500,1500,1500,1500,1500,1500,1500,1500,1500,7.6
2023-12-03,15:15:55.990,-92,0,98,8,0,5,25,-85,100,10,51.501358 -0.104042,52.2,80.0,43,12,11.4,4.6,1184,56,-0.09,-0.09,1.25,AH,0.0,-353,0,80,-7,369,570,-1,-1,0,-1,-1,1,-1,-1,0x0000000000000000,1500,1500,1540,1331,2012,988,988,1500,988,988,1684,988,988,1785,1500,1500,1500,1500,1500,1500,1500,1500,1500,1500,1500,1500,1500,1500,1500,1500,1500,1500,7.6
2023-12-03,15:15:56.490,-92,0,99,10,0,5,25,-81,100,11,51.501376 -0.104026,50.9,71.3,43,12,11.4,4.6,1184,56,-0.09,-0.09,1.25,AH,0.0,-361,0,80,-7,369,570,-1,-1,0,-1,-1,1,-1,-1,0x0000000000000000,1500,1500,1540,1327,2012,988,988,1500,988,988,1684,988,988,1785,1500,1500,1500,1500,1500,1500,1500,1500,1500,1500,1500,1500,1500,1500,1500,1500,1500,1500,7.6
2023-12-03,15:15:56.990,-92,0,99,10,0,5,25,-80,100,12,51.501394 -0.104010,50.9,71.3,43,12,11.4,4.6,1184,56,-0.09,-0.09,1.25,AH,0.0,-368,0,80,-7,370,570,-1,-1,0,-1,-1,1,-1,-1,0x0000000000000000,1500,1500,1540,1323,2012,988,988,1500,988,988,1685,988,988,1785,1500,1500,1500,1500,1500,1500,1500,1500,1500,1500,1500,1500,1500,1500,1500,1500,1500,1500,7.6
2023-12-03,15:15:57.490,-96,0,92,6,0,5,25,-85,96,7,51.501412 -0.103994,50.9,71.3,43,12,11.4,4.8,1192,55,-0.09,-0.09,1.25,AH,0.0,-356,0,80,-7,369,570,-1,-1,0,-1,-1,1,-1,-1,0x0000000000000000,1500,1500,1540,1329,2012,988,988,1500,988,988,1684,988,988,1785,1500,1500,1500,1500,1500,1500,1500,1500,1500,1500,1500,1500,1500,1500,1500,1500,1500,1500,7.6
2023-12-03,15:15:57.990,-95,0,97,8,0,5,25,-86,96,7,51.501430 -0.103978,50.9,71.3,43,12,11.4,4.8,1192,55,-0.09,-0.09,1.25,AH,0.0,-349,0,80,-2,369,570,-1,-1,0,-1,-1,1,-1,-1,0x0000000000000000,1500,1500,1540,1333,2012,988,988,1500,988,988,1684,988,988,1785,1500,1500,1500,1500,1500,1500,1500,1500,1500,1500,1500,1500,1500,1500,1500,1500,1500,1500,7.6
2023-12-03,15:15:58.490,-96,0,99,5,0,5,25,-87,96,8,51.501447 -0.103961,50.9,71.3,43,12,11.4,4.8,1192,55,-0.08,0.0,1.11,AH,0.0,-347,-1,80,-1,369,570,-1,-1,0,-1,-1,1,-1,-1,0x0000000000000000,1500,1500,1540,1334,2012,988,988,1500,988,988,1684,988,988,1785,1500,1500,1500,1500,1500,1500,1500,1500,1500,1500,1500,1500,1500,1500,1500,1500,1500,1500,7.6
2023-12-03,15:15:58.990,-100,0,96,3,0,5,25,-90,96,4,51.501465 -0.103945,50.9,71.3,43,12,11.4,4.8,1192,55,-0.08,0.0,1.11,AH,0.0,-324,-1,80,-1,369,570,-1,-1,0,-1,-1,1,-1,-1,0x0000000000000000,1500,1500,1540,1345,2012,988,988,1500,988,988,1684,988,988,1785,1500,1500,1500,1500,1500,1500,1500,1500,1500,1500,1500,1500,1500,1500,1500,1500,1500,1500,7.6
2023-12-03,15:15:59.490,-98,0,96,4,0,5,25,-87,96,10,51.501483 -0.103928,50.9,71.3,43,12,11.4,4.8,1192,55,-0.08,0.0,1.11,AH,0.0,-315,-1,80,-1,369,570,-1,-1,0,-1,-1,1,-1,-1,0x0000000000000000,1500,1500,1540,1350,2012,988,988,1500,988,988,1684,988,988,1785,1500,1500,1500,1500,1500,1500,1500,1500,1500,1500,1500,1500,1500,1500,1500,1500,1500,1500,7.6
2023-12-03,15:15:59.990,-95,0,93,6,0,5,25,-90,96,8,51.501500 -0.103910,50.9,71.3,43,12,11.4,4.8,1192,55,-0.08,0.0,1.11,AH,0.1,-211,-1,80,-1,369,570,-1,-1,0,-1,-1,1,-1,-1,0x0000000000000000,1500,1500,1540,1403,2012,988,988,1500,988,988,1684,988,988,1785,1500,1500,1500,1500,1500,1500,1500,1500,1500,1500,1500,1500,1500,1500,1500,1500,1500,1500,7.6
2023-12-03,15:16:00.490,-93,0,97,9,0,5,25,-87,96,9,51.501518 -0.103893,50.9,71.3,43,12,11.4,4.8,1192,55,-0.08,0.0,1.11,AH,0.1,-168,-1,80,0,369,570,-1,-1,0,-1,-1,1,-1,-1,0x0000000000000000,1500,1500,1540,1425,2012,988,988,1500,988,988,1684,988,988,1785,1500,1500,1500,1500,1500,1500,1500,1500,1500,1500,1500,1500,1500,1500,1500,1500,1500,1500,7.6
2023-12-03,15:16:00.990,-92,0,92,8,0,5,25,-82,96,11,51.501535 -0.103875,50.9,71.3,43,12,11.4,4.8,1192,55,-0.08,0.0,1.11,AH,0.1,-144,-1,80,119,369,570,-1,-1,0,-1,-1,1,-1,-1,0x0000000000000000,1550,1500,1540,1437,2012,988,988,1500,988,988,1684,988,988,1785,1500,1500,1500,1500,1500,1500,1500,1500,1500,1500,1500,1500,1500,1500,1500,1500,1500,1500,7.6
2023-12-03,15:16:01.490,-92,0,99,9,0,5,25,-85,96,9,51.501552 -0.103858,50.9,71.3,43,12,11.4,4.8,1192,55,-0.08,0.0,1.11,AH,0.1,-143,0,80,195,369,570,-1,-1,0,-1,-1,1,-1,-1,0x0000000000000000,1589,1500,1540,1438,2012,988,988,1500,988,988,1684,988,988,1785,1500,1500,1500,1500,1500,1500,1500,1500,1500,1500,1500,1500,1500,1500,1500,1500,1500,1500,7.6
2023-12-03,15:16:01.990,-92,0,97,10,0,5,25,-80,96,12,51.501569 -0.103840,51.8,64.4,43,12,11.4,4.8,1192,55,-0.08,0.0,1.11,AH,0.1,-146,-3,80,206,369,570,-1,-1,0,-1,-1,1,-1,-1,0x0000000000000000,1594,1500,1540,1436,2012,988,988,1500,988,988,1684,988,988,1785,1500,1500,1500,1500,1500,1500,1500,1500,1500,1500,1500,1500,1500,1500,1500,1500,1500,1500,7.6
2023-12-03,15:16:02.490,-91,0,97,9,0,5,25,-83,100,11,51.501586 -0.103821,51.8,64.4,43,12,11.4,4.8,1192,55,-0.08,0.0,1.11,AH,0.1,-128,0,80,-2,369,570,-1,-1,0,-1,-1,1,-1,-1,0x0000000000000000,1500,1500,1540,1445,2012,988,988,1500,988,988,1684,988,988,1785,1500,1500,1500,1500,1500,1500,1500,1500,1500,1500,1500,1500,1500,1500,1500,1500,1500,1500,7.6
2023-12-03,15:16:02.990,-93,0,99,8,0,5,25,-83,100,10,51.501603 -0.103803,51.8,64.4,43,12,11.3,5.1,1199,55,-0.08,0.0,1.11,AH,0.1,-197,1,80,-1,370,570,-1,-1,0,-1,-1,1,-1,-1,0x0000000000000000,1500,1500,1540,1410,2012,988,988,1500,988,988,1685,988,988,1785,1500,1500,1500,1500,1500,1500,1500,1500,1500,1500,1500,1500,1500,1500,1500,1500,1500,1500,7.6
2023-12-03,15:16:03.490,-92,0,99,9,0,5,25,-88,100,6,51.501620 -0.103785,51.8,64.4,43,12,11.3,5.1,1199,55,-0.08,0.0,1.11,AH,0.1,-208,-1,80,-1,369,570,-1,-1,0,-1,-1,1,-1,-1,0x0000000000000000,1500,1500,1540,1405,2012,988,988,1500,988,988,1684,988,988,1785,1500,1500,1500,1500,1500,1500,1500,1500,1500,1500,1500,1500,1500,1500,1500,1500,1500,1500,7.6
2023-12-03,15:16:03.990,-92,0,95,9,0,5,25,-79,100,11,51.501637 -0.103766,51.8,64.4,43,12,11.3,5.1,1199,55,-0.13,-0.04,1.08,AH,0.1,-84,0,9,-4,369,570,-1,-1,0,-1,-1,1,-1,-1,0x0000000000000000,1500,1500,1504,1468,2012,988,988,1500,988,988,1684,988,988,1785,1500,1500,1500,1500,1500,1500,1500,1500,1500,1500,1500,1500,1500,1500,1500,1500,1500,1500,7.6
2023-12-03,15:16:04.490,-90,0,99,10,0,5,25,-86,100,7,51.501654 -0.103747,51.8,64.4,43,12,11.3,5.1,1199,55,-0.13,-0.04,1.08,AH,0.1,-4,3,-665,-32,369,570,-1,-1,0,-1,-1,1,-1,-1,0x0000000000000000,1494,1500,1168,1500,2012,988,988,1500,988,988,1684,988,988,1785,1500,1500,1500,1500,1500,1500,1500,1500,1500,1500,1500,1500,1500,1500,1500,1500,1500,1500,7.6
2023-12-03,15:16:04.990,-93,0,97,7,0,5,25,-83,100,10,51.501671 -0.103728,51.8,64.4,43,12,11.3,5.1,1199,55,-0.13,-0.04,1.08,AH,0.1,-1,0,-697,-51,369,570,-1,-1,0,-1,-1,1,-1,-1,0x0000000000000000,1485,1500,1152,1500,2012,988,988,1500,988,988,1684,988,988,1785,1500,1500,1500,1500,1500,1500,1500,1500,1500,1500,1500,1500,1500,1500,1500,1500,1500,1500,7.6
2023-12-03,15:16:05.490,-96,0,97,5,0,5,25,-99,100,-3,51.501687 -0.103708,51.8,64.4,43,12,11.3,5.1,1199,55,-0.13,-0.04,1.08,AH,0.1,-1,-1,-697,-74,369,570,-1,-1,0,-1,-1,1,-1,-1,0x0000000000000000,1473,1500,1152,1500,2012,988,988,1500,988,988,1684,988,988,1785,1500,1500,1500,1500,1500,1500,1500,1500,1500,1500,1500,1500,1500,1500,1500,1500,1500,1500,7.6
2023-12-03,15:16:05.990,-98,0,93,4,0,5,25,-91,100,5,51.501704 -0.103689,51.8,64.4,43,12,11.3,5.1,1199,55,-0.13,-0.04,1.08,AH,1.0,-1,3,-697,-60,390,570,-1,-1,0,-1,-1,1,-1,-1,0x0000000000000000,1480,1500,1152,1500,2012,988,988,1500,988,988,1695,988,988,1785,1500,1500,1500,1500,1500,1500,1500,1500,1500,1500,1500,1500,1500,1500,1500,1500,1500,1500,7.6
2023-12-03,15:16:06.490,-99,0,88,3,0,5,25,-89,100,8,51.501720 -0.103669,51.8,64.4,43,12,11.3,5.1,1199,55,-0.13,-0.04,1.08,AH,1.0,-1,-4,-697,-295,405,570,-1,0,0,-1,-1,1,-1,-1,0x0000000000000000,1360,1500,1152,1500,2012,988,1500,1500,988,988,1702,988,988,1785,1500,1500,1500,1500,1500,1500,1500,1500,1500,1500,1500,1500,1500,1500,1500,1500,1500,1500,7.6
2023-12-03,15:16:06.990,-100,0,90,2,0,5,25,-88,100,8,51.501737 -0.103649,51.8,64.4,43,12,11.3,5.1,1199,55,-0.13,-0.04,1.08,AH,1.0,-1,1,-696,-4,405,570,-1,0,0,-1,-1,1,-1,-1,0x0000000000000000,1500,1500,1152,1500,2012,988,1500,1500,988,988,1702,988,988,1785,1500,1500,1500,1500,1500,1500,1500,1500,1500,1500,1500,1500,1500,1500,1500,1500,1500,1500,7.6
2023-12-03,15:16:07.490,-99,0,97,2,0,5,25,-98,100,-4,51.501753 -0.103629,52.2,60.2,45,12,11.3,5.1,1199,55,-0.13,-0.04,1.08,AH,1.0,0,-9,-697,193,405,570,-1,0,0,-1,-1,1,-1,-1,0x0000000000000000,1588,1500,1152,1500,2012,988,1500,1500,988,988,1702,988,988,1785,1500,1500,1500,1500,1500,1500,1500,1500,1500,1500,1500,1500,1500,1500,1500,1500,1500,1500,7.6
2023-12-03,15:16:07.990,-97,0,94,6,0,5,25,-94,100,0,51.501769 -0.103609,52.2,60.2,45,12,11.3,5.1,1199,55,-0.13,-0.04,1.08,AH,1.0,-1,-44,-697,39,405,570,-1,0,0,-1,-1,1,-1,-1,0x0000000000000000,1509,1488,1152,1500,2012,988,1500,1500,988,988,1702,988,988,1785,1500,1500,1500,1500,1500,1500,1500,1500,1500,1500,1500,1500,1500,1500,1500,1500,1500,1500,7.6
2023-12-03,15:16:08.490,-96,0,97,5,0,5,25,-87,100,8,51.501785 -0.103588,52.2,60.2,45,12,11.3,5.1,1199,55,-0.13,-0.04,1.08,AH,1.0,-1,-15,-696,-8,405,570,-1,0,0,-1,-1,1,-1,-1,0x0000000000000000,1500,1500,1152,1500,2012,988,1500,1500,988,988,1702,988,988,1785,1500,1500,1500,1500,1500,1500,1500,1500,1500,1500,1500,1500,1500,1500,1500,1500,1500,1500,7.6
2023-12-03,15:16:08.990,-96,0,90,5,0,5,25,-78,96,12,51.501801 -0.103568,52.2,60.2,45,12,11.4,1.3,1206,58,-0.13,-0.04,1.08,AH,1.0,-1,-47,-696,-121,405,570,-1,0,0,-1,-1,1,-1,-1,0x0000000000000000,1449,1487,1152,1500,2012,988,1500,1500,988,988,1702,988,988,1785,1500,1500,1500,1500,1500,1500,1500,1500,1500,1500,1500,1500,1500,1500,1500,1500,1500,1500,7.6
2023-12-03,15:16:09.490,-94,0,90,9,0,5,25,-88,96,5,51.501817 -0.103547,52.2,60.2,45,12,11.4,1.3,1206,58,-0.13,-0.04,1.08,AH,1.0,0,-1,-697,-1,405,570,-1,0,0,-1,-1,1,-1,-1,0x0000000000000000,1500,1500,1152,1500,2012,988,1500,1500,988,988,1702,988,988,1785,1500,1500,1500,1500,1500,1500,1500,1500,1500,1500,1500,1500,1500,1500,1500,1500,1500,1500,7.6
2023-12-03,15:16:09.990,-91,0,96,9,0,5,25,-86,96,8,51.501833 -0.103526,52.2,60.2,45,12,11.4,1.3,1206,58,0.19,-0.1,0.59,AH,1.0,-1,-147,-697,-1,405,570,-1,0,0,-1,-1,1,-1,-1,0x0000000000000000,1500,1436,1152,1500,2012,988,1500,1500,988,988,1702,988,988,1785,1500,1500,1500,1500,1500,1500,1500,1500,1500,1500,1500,1500,1500,1500,1500,1500,1500,1500,7.6
2023-12-03,15:16:10.490,-92,0,98,8,0,5,25,-86,96,5,51.501848 -0.103505,52.2,60.2,45,12,11.4,1.3,1206,58,0.19,-0.1,0.59,AH,1.0,-1,-249,-697,-4,405,570,-1,0,0,-1,-1,1,-1,-1,0x0000000000000000,1500,1384,1152,1500,2012,988,1500,1500,988,988,1702,988,988,1785,1500,1500,1500,1500,1500,1500,1500,1500,1500,1500,1500,1500,1500,1500,1500,1500,1500,1500,7.6
2023-12-03,15:16:10.990,-94,0,99,8,0,5,25,-78,96,12,51.501864 -0.103483,52.2,60.2,45,12,11.4,1.3,1206,58,0.19,-0.1,0.59,AIR,1.0,-1,-4,-697,-1,405,570,-1,0,0,-1,-1,1,-1,-1,0x0000000000000000,1500,1500,1152,1500,2012,988,1500,1500,988,988,1702,988,988,1785,1500,1500,1500,1500,1500,1500,1500,1500,1500,1500,1500,1500,1500,1500,1500,1500,1500,1500,7.6
2023-12-03,15:16:11.490,-96,0,97,7,0,5,25,-82,96,11,51.501880 -0.103462,52.2,60.2,45,12,11.4,1.3,1206,58,0.19,-0.1,0.59,AIR,-0.6,-1,-21,-697,-145,405,570,-1,0,0,-1,-1,1,-1,-1,0x0000000000000000,1437,1500,1152,1500,2012,988,1500,1500,988,988,1702,988,988,1785,1500,1500,1500,1500,1500,1500,1500,1500,1500,1500,1500,1500,1500,1500,1500,1500,1500,1500,7.6
2023-12-03,15:16:11.990,-99,0,98,3,0,5,25,-93,96,2,51.501895 -0.103440,52.2,60.2,45,12,11.4,1.3,1206,58,0.19,-0.1,0.59,AIR,-0.6,-1,-133,-697,20,405,570,-1,0,0,-1,-1,1,-1,-1,0x0000000000000000,1500,1443,1152,1500,2012,988,1500,1500,988,988,1702,988,988,1785,1500,1500,1500,1500,1500,1500,1500,1500,1500,1500,1500,1500,1500,1500,1500,1500,1500,1500,7.6
2023-12-03,15:16:12.490,-100,0,95,3,0,5,25,-83,96,11,51.501910 -0.103418,52.2,60.2,45,12,11.4,1.3,1206,58,0.19,-0.1,0.59,AIR,-0.6,-1,-124,-696,156,405,570,-1,0,0,-1,-1,1,-1,-1,0x0000000000000000,1569,1447,1152,1500,2012,988,1500,1500,988,988,1702,988,988,1785,1500,1500,1500,1500,1500,1500,1500,1500,1500,1500,1500,1500,1500,1500,1500,1500,1500,1500,7.6
2023-12-03,15:16:12.990,-93,0,92,8,0,5,25,-81,96,10,51.501925 -0.103396,52.2,60.2,45,12,11.4,1.3,1206,58,0.19,-0.1,0.59,AIR,-0.6,-1,-191,-697,72,405,570,-1,0,0,-1,-1,1,-1,-1,0x0000000000000000,1526,1413,1152,1500,2012,988,1500,1500,988,988,1702,988,988,1785,1500,1500,1500,1500,1500,1500,1500,1500,1500,1500,1500,1500,1500,1500,1500,1500,1500,1500,7.6
2023-12-03,15:16:13.490,-88,0,97,10,0,5,25,-77,96,12,51.501941 -0.103374,61.5,16.0,34,12,11.4,1.3,1206,58,0.19,-0.1,0.59,AIR,-0.6,0,-150,-697,-168,405,570,-1,0,0,-1,-1,1,-1,-1,0x0000000000000000,1425,1434,1152,1500,2012,988,1500,1500,988,988,1702,988,988,1785,1500,1500,1500,1500,1500,1500,1500,1500,1500,1500,1500,1500,1500,1500,1500,1500,1500,1500,7.6
2023-12-03,15:16:13.990,-85,0,100,12,0,5,25,-76,96,13,51.501956 -0.103351,61.5,16.0,34,12,11.4,1.3,1206,58,0.19,-0.1,0.59,AIR,-0.6,-1,-119,-696,-259,405,570,-1,0,0,-1,-1,1,-1,-1,0x0000000000000000,1379,1450,1152,1500,2012,988,1500,1500,988,988,1702,988,988,1785,1500,1500,1500,1500,1500,1500,1500,1500,1500,1500,1500,1500,1500,1500,1500,1500,1500,1500,7.6
2023-12-03,15:16:14.490,-88,0,99,11,0,5,25,-79,100,13,51.501971 -0.103328,61.5,16.0,34,12,11.5,1.3,1208,60,0.19,-0.1,0.59,AIR,-0.6,-1,-10,-697,-5,405,570,-1,0,0,-1,-1,1,-1,-1,0x0000000000000000,1500,1500,1152,1500,2012,988,1500,1500,988,988,1702,988,988,1785,1500,1500,1500,1500,1500,1500,1500,1500,1500,1500,1500,1500,1500,1500,1500,1500,1500,1500,7.6
2023-12-03,15:16:14.990,-92,0,99,9,0,5,25,-81,100,11,51.501985 -0.103306,61.5,16.0,34,12,11.5,1.3,1208,60,0.19,-0.1,0.59,AIR,-0.6,-1,-147,-697,142,405,571,-1,0,0,-1,-1,1,-1,-1,0x0000000000000000,1562,1436,1152,1500,2012,988,1500,1500,988,988,1702,988,988,1785,1500,1500,1500,1500,1500,1500,1500,1500,1500,1500,1500,1500,1500,1500,1500,1500,1500,1500,7.6
2023-12-03,15:16:15.490,-92,0,100,8,0,5,25,-85,100,10,51.502000 -0.103283,61.5,16.0,34,12,11.5,1.3,1208,60,-0.03,-0.25,-0.09,AIR,-0.6,-1,-176,-696,84,405,570,-1,0,0,-1,-1,1,-1,-1,0x0000000000000000,1532,1421,1152,1500,2012,988,1500,1500,988,988,1702,988,988,1785,1500,1500,1500,1500,1500,1500,1500,1500,1500,1500,1500,1500,1500,1500,1500,1500,1500,1500,7.6
2023-12-03,15:16:15.990,-91,0,99,10,0,5,25,-75,100,13,51.502015 -0.103260,61.5,16.0,34,12,11.5,1.3,1208,60,-0.03,-0.25,-0.09,AIR,-0.6,-1,-233,-697,-1,405,570,-1,0,0,-1,-1,1,-1,-1,0x0000000000000000,1500,1392,1152,1500,2012,988,1500,1500,988,988,1702,988,988,1785,1500,1500,1500,1500,1500,1500,1500,1500,1500,1500,1500,1500,1500,1500,1500,1500,1500,1500,7.6
2023-12-03,15:16:16.490,-86,0,99,12,0,5,25,-76,100,13,51.502029 -0.103236,61.5,16.0,34,12,11.5,1.3,1208,60,-0.03,-0.25,-0.09,AIR,-0.6,-1,-305,-696,-120,405,570,-1,0,0,-1,-1,1,-1,-1,0x0000000000000000,1449,1355,1152,1500,2012,988,1500,1500,988,988,1702,988,988,1785,1500,1500,1500,1500,1500,1500,1500,1500,1500,1500,1500,1500,1500,1500,1500,1500,1500,1500,7.6
2023-12-03,15:16:16.990,-87,0,99,11,0,5,25,-79,100,12,51.502044 -0.103213,61.5,16.0,34,12,11.5,1.3,1208,60,-0.03,-0.25,-0.09,AIR,-0.6,-1,-395,-697,-178,405,571,-1,0,0,-1,-1,1,-1,-1,0x0000000000000000,1420,1309,1152,1500,2012,988,1500,1500,988,988,1702,988,988,1785,1500,1500,1500,1500,1500,1500,1500,1500,1500,1500,1500,1500,1500,1500,1500,1500,1500,1500,7.6
2023-12-03,15:16:17.490,-88,0,99,10,0,5,25,-74,100,12,51.502058 -0.103189,61.5,16.0,34,12,11.5,1.3,1208,60,-0.03,-0.25,-0.09,AIR,-2.1,-2,-393,-696,-237,405,570,-1,0,0,-1,-1,1,-1,-1,0x0000000000000000,1390,1310,1152,1500,2012,988,1500,1500,988,988,1702,988,988,1785,1500,1500,1500,1500,1500,1500,1500,1500,1500,1500,1500,1500,1500,1500,1500,1500,1500,1500,7.6
2023-12-03,15:16:17.990,-88,0,99,11,0,5,25,-76,100,13,51.502072 -0.103165,61.5,16.0,34,12,11.5,1.3,1208,60,-0.03,-0.25,-0.09,AIR,-2.1,0,-369,-696,53,405,570,-1,0,0,-1,-1,1,-1,-1,0x0000000000000000,1516,1323,1152,1500,2012,988,1500,1500,988,988,1702,988,988,1785,1500,1500,1500,1500,1500,1500,1500,1500,1500,1500,1500,1500,1500,1500,1500,1500,1500,1500,7.6
2023-12-03,15:16:18.490,-87,0,99,11,0,5,25,-77,100,13,51.502086 -0.103141,61.5,16.0,34,12,11.5,1.3,1208,60,-0.03,-0.25,-0.09,AIR,-2.1,-1,-495,-696,380,405,570,-1,0,0,-1,-1,1,-1,-1,0x0000000000000000,1683,1258,1152,1500,2012,988,1500,1500,988,988,1702,988,988,1785,1500,1500,1500,1500,1500,1500,1500,1500,1500,1500,1500,1500,1500,1500,1500,1500,1500,1500,7.6
2023-12-03,15:16:18.990,-89,0,99,10,0,5,25,-76,100,12,51.502100 -0.103117,47.2,-310.16,24,12,11.5,1.3,1208,60,-0.03,-0.25,-0.09,AIR,-2.1,1,-502,-391,323,405,570,-1,0,0,-1,-1,1,-1,-1,0x0000000000000000,1654,1255,1305,1500,2012,988,1500,1500,988,988,1702,988,988,1785,1500,1500,1500,1500,1500,1500,1500,1500,1500,1500,1500,1500,1500,1500,1500,1500,1500,1500,7.6
2023-12-03,15:16:19.490,-84,0,99,12,0,5,25,-76,100,14,51.502114 -0.103093,47.2,-310.16,24,12,11.5,1.3,1208,60,-0.03,-0.25,-0.09,AIR,-2.1,-1,-496,281,104,405,571,-1,0,0,-1,-1,1,-1,-1,0x0000000000000000,1542,1258,1640,1500,2012,988,1500,1500,988,988,1702,988,988,1785,1500,1500,1500,1500,1500,1500,1500,1500,1500,1500,1500,1500,1500,1500,1500,1500,1500,1500,7.6
2023-12-03,15:16:19.990,-83,0,98,12,0,5,25,-75,100,13,51.502128 -0.103069,47.2,-310.16,24,12,11.5,1.3,1208,60,-0.03,-0.25,-0.09,AIR,-2.1,-1,-308,283,621,405,571,-1,0,0,-1,-1,1,-1,-1,0x0000000000000000,1806,1354,1641,1500,2012,988,1500,1500,988,988,1702,988,988,1785,1500,1500,1500,1500,1500,1500,1500,1500,1500,1500,1500,1500,1500,1500,1500,1500,1500,1500,7.6
2023-12-03,15:16:20.490,-88,0,97,11,0,5,25,-78,100,12,51.502141 -0.103044,47.2,-310.16,24,12,11.5,1.4,1210,60,-0.03,-0.25,-0.09,AIR,-2.1,-1,-469,283,-165,405,570,-1,0,0,-1,-1,1,-1,-1,0x0000000000000000,1427,1272,1641,1500,2012,988,1500,1500,988,988,1702,988,988,1785,1500,1500,1500,1500,1500,1500,1500,1500,1500,1500,1500,1500,1500,1500,1500,1500,1500,1500,7.6
2023-12-03,15:16:20.990,-88,0,98,11,0,5,25,-78,100,12,51.502155 -0.103019,47.2,-310.16,24,12,11.5,1.4,1210,60,-0.15,-0.16,-1.18,AIR,-2.1,-1,-335,283,-199,405,571,-1,0,0,-1,-1,1,-1,-1,0x0000000000000000,1409,1340,1641,1500,2012,988,1500,1500,988,988,1702,988,988,1785,1500,1500,1500,1500,1500,1500,1500,1500,1500,1500,1500,1500,1500,1500,1500,1500,1500,1500,7.6
2023-12-03,15:16:21.490,-88,0,97,11,0,5,25,-69,100,14,51.502168 -0.102994,47.2,-310.16,24,12,11.5,1.4,1210,60,-0.15,-0.16,-1.18,AIR,-2.1,-1,-367,283,-292,405,570,-1,0,0,-1,-1,1,-1,-1,0x0000000000000000,1362,1324,1641,1500,2012,988,1500,1500,988,988,1702,988,988,1785,1500,1500,1500,1500,1500,1500,1500,1500,1500,1500,1500,1500,1500,1500,1500,1500,1500,1500,7.6
2023-12-03,15:16:21.990,-81,0,98,12,0,5,25,-69,100,15,51.502182 -0.102969,47.2,-310.16,24,12,11.5,1.4,1210,60,-0.15,-0.16,-1.18,AIR,-2.1,-1,-298,283,473,405,570,-1,0,0,-1,-1,1,-1,-1,0x0000000000000000,1731,1359,1641,1500,2012,988,1500,1500,988,988,1702,988,988,1785,1500,1500,1500,1500,1500,1500,1500,1500,1500,1500,1500,1500,1500,1500,1500,1500,1500,1500,7.6
2023-12-03,15:16:22.490,-75,0,97,13,0,5,25,-69,100,12,51.502195 -0.102944,47.2,-310.16,24,12,11.5,1.4,1210,60,-0.15,-0.16,-1.18,AIR,-2.1,-1,-334,283,-57,405,570,-1,0,0,-1,-1,1,-1,-1,0x0000000000000000,1482,1340,1641,1500,2012,988,1500,1500,988,988,1702,988,988,1785,1500,1500,1500,1500,1500,1500,1500,1500,1500,1500,1500,1500,1500,1500,1500,1500,1500,1500,7.6
2023-12-03,15:16:22.990,-80,0,99,12,0,5,25,-65,100,13,51.502208 -0.102919,47.2,-310.16,24,12,11.5,1.4,1210,60,-0.15,-0.16,-1.18,AIR,0.2,-1,-187,281,-52,405,570,-1,0,0,-1,-1,1,-1,-1,0x0000000000000000,1484,1415,1640,1500,2012,988,1500,1500,988,988,1702,988,988,1785,1500,1500,1500,1500,1500,1500,1500,1500,1500,1500,1500,1500,1500,1500,1500,1500,1500,1500,7.6
2023-12-03,15:16:23.490,-74,0,98,13,0,5,25,-62,100,15,51.502221 -0.102893,47.2,-310.16,24,12,11.5,1.4,1210,60,-0.15,-0.16,-1.18,AIR,0.2,-1,-67,869,439,405,570,-1,0,0,-1,-1,1,-1,-1,0x0000000000000000,1713,1477,1934,1500,2012,988,1500,1500,988,988,1702,988,988,1785,1500,1500,1500,1500,1500,1500,1500,1500,1500,1500,1500,1500,1500,1500,1500,1500,1500,1500,7.6
2023-12-03,15:16:23.990,-71,0,98,13,0,5,25,-61,100,13,51.502234 -0.102868,47.2,-310.16,24,12,11.5,1.4,1210,60,-0.15,-0.16,-1.18,AIR,0.2,-2,-50,1024,-259,405,570,-1,0,0,-1,-1,1,-1,-1,0x0000000000000000,1379,1485,2012,1500,2012,988,1500,1500,988,988,1702,988,988,1785,1500,1500,1500,1500,1500,1500,1500,1500,1500,1500,1500,1500,1500,1500,1500,1500,1500,1500,7.6
2023-12-03,15:16:24.490,-73,0,99,13,0,5,25,-59,100,14,51.502246 -0.102842,47.2,-302.26,15,12,11.5,1.4,1210,60,-0.15,-0.16,-1.18,AIR,0.2,-1,-156,1024,-502,405,570,-1,0,0,-1,-1,1,-1,-1,0x0000000000000000,1255,1431,2012,1500,2012,988,1500,1500,988,988,1702,988,988,1785,1500,1500,1500,1500,1500,1500,1500,1500,1500,1500,1500,1500,1500,1500,1500,1500,1500,1500,7.6
2023-12-03,15:16:24.990,-73,0,100,13,0,5,25,-69,100,13,51.502259 -0.102816,47.2,-302.26,15,12,11.5,1.4,1210,60,-0.15,-0.16,-1.18,AIR,0.2,-2,-26,1024,-19,405,570,-1,0,0,-1,-1,1,-1,-1,0x0000000000000000,1500,1497,2012,1500,2012,988,1500,1500,988,988,1702,988,988,1785,1500,1500,1500,1500,1500,1500,1500,1500,1500,1500,1500,1500,1500,1500,1500,1500,1500,1500,7.6
2023-12-03,15:16:25.490,-66,0,99,13,0,5,25,-49,100,14,51.502272 -0.102790,47.2,-302.26,15,12,11.5,1.4,1210,60,-0.15,-0.16,-1.18,AIR,0.2,-1,0,1024,-140,405,570,-1,0,0,-1,-1,1,-1,-1,0x0000000000000000,1439,1500,2012,1500,2012,988,1500,1500,988,988,1702,988,988,1785,1500,1500,1500,1500,1500,1500,1500,1500,1500,1500,1500,1500,1500,1500,1500,1500,1500,1500,7.6
2023-12-03,15:16:25.990,-66,0,98,14,0,5,25,-56,100,14,51.502284 -0.102763,47.2,-302.26,15,12,11.1,15.0,1221,45,-0.15,-0.16,-1.18,AIR,0.2,-1,0,1024,-2,405,570,-1,0,0,-1,-1,1,-1,-1,0x0000000000000000,1500,1500,2012,1500,2012,988,1500,1500,988,988,1702,988,988,1785,1500,1500,1500,1500,1500,1500,1500,1500,1500,1500,1500,1500,1500,1500,1500,1500,1500,1500,7.6
2023-12-03,15:16:26.490,-65,0,98,14,0,5,25,-55,100,14,51.502296 -0.102737,47.2,-302.26,15,12,11.1,15.0,1221,45,-0.35,-0.24,0.35,AIR,0.2,-1,-15,1024,-301,405,570,-1,0,0,-1,-1,1,-1,-1,0x0000000000000000,1357,1500,2012,1500,2012,988,1500,1500,988,988,1702,988,988,1785,1500,1500,1500,1500,1500,1500,1500,1500,1500,1500,1500,1500,1500,1500,1500,1500,1500,1500,7.6
2023-12-03,15:16:26.990,-64,0,100,13,0,5,25,-55,100,14,51.502308 -0.102711,47.2,-302.26,15,12,11.1,15.0,1221,45,-0.35,-0.24,0.35,AIR,0.2,-2,269,1024,61,405,570,-1,0,0,-1,-1,1,-1,-1,0x0000000000000000,1520,1626,2012,1500,2012,988,1500,1500,988,988,1702,988,988,1785,1500,1500,1500,1500,1500,1500,1500,1500,1500,1500,1500,1500,1500,1500,1500,1500,1500,1500,7.6
2023-12-03,15:16:27.490,-68,0,100,13,0,5,25,-59,100,14,51.502321 -0.102684,47.2,-302.26,15,12,11.1,15.0,1221,45,-0.35,-0.24,0.35,AIR,0.2,-1,451,1024,127,405,570,-1,0,0,-1,-1,1,-1,-1,0x0000000000000000,1554,1719,2012,1500,2012,988,1500,1500,988,988,1702,988,988,1785,1500,1500,1500,1500,1500,1500,1500,1500,1500,1500,1500,1500,1500,1500,1500,1500,1500,1500,7.6
2023-12-03,15:16:27.990,-68,0,98,13,0,5,25,-56,100,13,51.502332 -0.102657,47.2,-302.26,15,12,11.1,15.0,1221,45,-0.35,-0.24,0.35,AIR,0.2,-1,390,1024,10,405,570,-1,0,0,-1,-1,1,-1,-1,0x0000000000000000,1500,1688,2012,1500,2012,988,1500,1500,988,988,1702,988,988,1785,1500,1500,1500,1500,1500,1500,1500,1500,1500,1500,1500,1500,1500,1500,1500,1500,1500,1500,7.6
2023-12-03,15:16:28.490,-75,0,99,13,0,5,25,-67,100,13,51.502344 -0.102630,47.2,-302.26,15,12,11.1,15.0,1221,45,-0.35,-0.24,0.35,AIR,5.9,-1,39,1024,-24,405,570,-1,0,0,-1,-1,1,-1,-1,0x0000000000000000,1498,1509,2012,1500,2012,988,1500,1500,988,988,1702,988,988,1785,1500,1500,1500,1500,1500,1500,1500,1500,1500,1500,1500,1500,1500,1500,1500,1500,1500,1500,7.6
2023-12-03,15:16:28.990,-77,0,99,13,0,5,25,-71,100,12,51.502356 -0.102603,47.2,-302.26,15,12,11.1,15.0,1221,45,-0.35,-0.24,0.35,AIR,5.9,-1,-223,1024,-108,405,570,-1,0,0,-1,-1,1,-1,-1,0x0000000000000000,1456,1397,2012,1500,2012,988,1500,1500,988,988,1702,988,988,1785,1500,1500,1500,1500,1500,1500,1500,1500,1500,1500,1500,1500,1500,1500,1500,1500,1500,1500,7.6
2023-12-03,15:16:29.490,-76,0,97,13,0,5,25,-68,100,13,51.502367 -0.102576,47.2,-302.26,15,12,11.1,15.0,1221,45,-0.35,-0.24,0.35,AIR,5.9,-1,-6,1024,206,405,570,-1,0,0,-1,-1,1,-1,-1,0x0000000000000000,1594,1500,2012,1500,2012,988,1500,1500,988,988,1702,988,988,1785,1500,1500,1500,1500,1500,1500,1500,1500,1500,1500,1500,1500,1500,1500,1500,1500,1500,1500,7.6
2023-12-03,15:16:29.990,-77,0,98,12,0,5,25,-75,100,13,51.502379 -0.102548,47.8,-323.46,32,12,11.1,15.0,1221,45,-0.35,-0.24,0.35,AIR,5.9,-1,1,1024,-2,405,570,-1,0,0,-1,-1,1,-1,-1,0x0000000000000000,1500,1500,2012,1500,2012,988,1500,1500,988,988,1702,988,988,1785,1500,1500,1500,1500,1500,1500,1500,1500,1500,1500,1500,1500,1500,1500,1500,1500,1500,1500,7.6
2023-12-03,15:16:30.490,-75,0,97,13,0,5,25,-64,100,14,51.502390 -0.102521,47.8,-323.46,32,12,11.1,15.0,1221,45,-0.35,-0.24,0.35,AIR,5.9,-1,0,1024,-7,405,570,-1,0,0,-1,-1,1,-1,-1,0x0000000000000000,1500,1500,2012,1500,2012,988,1500,1500,988,988,1702,988,988,1785,1500,1500,1500,1500,1500,1500,1500,1500,1500,1500,1500,1500,1500,1500,1500,1500,1500,1500,7.6
2023-12-03,15:16:30.990,-79,0,97,12,0,5,25,-89,100,5,51.502401 -0.102493,47.8,-323.46,32,12,11.1,15.0,1221,45,-0.35,-0.24,0.35,AIR,5.9,-1,168,1024,88,405,570,-1,0,0,-1,-1,1,-1,-1,0x0000000000000000,1534,1575,2012,1500,2012,988,1500,1500,988,988,1702,988,988,1785,1500,1500,1500,1500,1500,1500,1500,1500,1500,1500,1500,1500,1500,1500,1500,1500,1500,1500,7.6
2023-12-03,15:16:31.490,-85,0,98,12,0,5,25,-71,100,13,51.502413 -0.102466,47.8,-323.46,32,12,11.0,14.8,1245,41,-0.35,-0.24,0.35,AIR,5.9,-1,264,1024,-5,405,570,-1,0,0,-1,-1,1,-1,-1,0x0000000000000000,1500,1624,2012,1500,2012,988,1500,1500,988,988,1702,988,988,1785,1500,1500,1500,1500,1500,1500,1500,1500,1500,1500,1500,1500,1500,1500,1500,1500,1500,1500,7.6
2023-12-03,15:16:31.990,-85,0,96,11,0,5,25,-72,100,12,51.502423 -0.102438,47.8,-323.46,32,12,11.0,14.8,1245,41,-0.23,0.09,-0.73,AIR,5.9,-1,252,1024,-71,405,571,-1,0,0,-1,-1,1,-1,-1,0x0000000000000000,1474,1618,2012,1500,2012,988,1500,1500,988,988,1702,988,988,1785,1500,1500,1500,1500,1500,1500,1500,1500,1500,1500,1500,1500,1500,1500,1500,1500,1500,1500,7.6
2023-12-03,15:16:32.490,-83,0,99,11,0,5,25,-87,100,10,51.502434 -0.102410,47.8,-323.46,32,12,11.0,14.8,1245,41,-0.23,0.09,-0.73,AIR,5.9,0,-18,1024,-2,405,570,-1,0,0,-1,-1,1,-1,-1,0x0000000000000000,1500,1500,2012,1500,2012,988,1500,1500,988,988,1702,988,988,1785,1500,1500,1500,1500,1500,1500,1500,1500,1500,1500,1500,1500,1500,1500,1500,1500,1500,1500,7.6
2023-12-03,15:16:32.990,-87,0,100,9,0,5,25,-70,100,15,51.502445 -0.102382,47.8,-323.46,32,12,11.0,14.8,1245,41,-0.23,0.09,-0.73,AIR,5.9,0,-7,1024,-1,405,570,-1,0,0,-1,-1,1,-1,-1,0x0000000000000000,1500,1500,2012,1500,2012,988,1500,1500,988,988,1702,988,988,1785,1500,1500,1500,1500,1500,1500,1500,1500,1500,1500,1500,1500,1500,1500,1500,1500,1500,1500,7.6
2023-12-03,15:16:33.490,-82,0,99,13,0,5,25,-73,100,14,51.502456 -0.102353,47.8,-323.46,32,12,11.0,14.8,1245,41,-0.23,0.09,-0.73,AIR,5.9,0,1,1024,-2,405,570,-1,0,0,-1,-1,1,-1,-1,0x0000000000000000,1500,1500,2012,1500,2012,988,1500,1500,988,988,1702,988,988,1785,1500,1500,1500,1500,1500,1500,1500,1500,1500,1500,1500,1500,1500,1500,1500,1500,1500,1500,7.6
2023-12-03,15:16:33.990,-84,0,96,12,0,5,25,-70,100,14,51.502466 -0.102325,47.8,-323.46,32,12,11.0,14.8,1245,41,-0.23,0.09,-0.73,AIR,-2.2,-1,165,1024,-2,405,570,-1,0,0,-1,-1,1,-1,-1,0x0000000000000000,1500,1573,2012,1500,2012,988,1500,1500,988,988,1702,988,988,1785,1500,1500,1500,1500,1500,1500,1500,1500,1500,1500,1500,1500,1500,1500,1500,1500,1500,1500,7.6
2023-12-03,15:16:34.490,-83,0,97,12,0,5,25,-82,100,11,51.502476 -0.102297,47.8,-323.46,32,12,11.0,14.8,1245,41,-0.23,0.09,-0.73,AIR,-2.2,0,1,1024,-11,405,570,-1,0,0,-1,-1,1,-1,-1,0x0000000000000000,1500,1500,2012,1500,2012,988,1500,1500,988,988,1702,988,988,1785,1500,1500,1500,1500,1500,1500,1500,1500,1500,1500,1500,1500,1500,1500,1500,1500,1500,1500,7.6
2023-12-03,15:16:34.990,-86,0,98,11,0,5,25,-72,100,14,51.502487 -0.102268,47.8,-323.46,32,12,11.0,14.8,1245,41,-0.23,0.09,-0.73,AIR,-2.2,0,3,1024,-26,405,570,-1,0,0,-1,-1,1,-1,-1,0x0000000000000000,1497,1500,2012,1500,2012,988,1500,1500,988,988,1702,988,988,1785,1500,1500,1500,1500,1500,1500,1500,1500,1500,1500,1500,1500,1500,1500,1500,1500,1500,1500,7.6
2023-12-03,15:16:35.490,-79,0,100,12,0,5,25,-69,100,13,51.502497 -0.102239,82.4,310.8,33,12,11.0,14.8,1245,41,-0.23,0.09,-0.73,AIR,-2.2,-1,-1,1024,-2,405,570,-1,0,0,-1,-1,1,-1,-1,0x0000000000000000,1500,1500,2012,1500,2012,988,1500,1500,988,988,1702,988,988,1785,1500,1500,1500,1500,1500,1500,1500,1500,1500,1500,1500,1500,1500,1500,1500,1500,1500,1500,7.6
2023-12-03,15:16:35.990,-83,0,98,11,0,5,25,-78,100,10,51.502507 -0.102211,82.4,310.8,33,12,11.0,14.8,1245,41,-0.23,0.09,-0.73,AIR,-2.2,-1,278,1024,-1,405,570,-1,0,0,-1,-1,1,-1,-1,0x0000000000000000,1500,1631,2012,1500,2012,988,1500,1500,988,988,1702,988,988,1785,1500,1500,1500,1500,1500,1500,1500,1500,1500,1500,1500,1500,1500,1500,1500,1500,1500,1500,7.6
2023-12-03,15:16:36.490,-86,0,99,12,0,5,25,-77,100,12,51.502516 -0.102182,82.4,310.8,33,12,11.0,14.8,1245,41,-0.23,0.09,-0.73,AIR,-2.2,-1,6,1024,-4,405,570,-1,0,0,-1,-1,1,-1,-1,0x0000000000000000,1500,1500,2012,1500,2012,988,1500,1500,988,988,1702,988,988,1785,1500,1500,1500,1500,1500,1500,1500,1500,1500,1500,1500,1500,1500,1500,1500,1500,1500,1500,7.6
2023-12-03,15:16:36.990,-86,0,99,11,0,5,25,-70,100,13,51.502526 -0.102153,82.4,310.8,33,12,11.0,13.6,1267,41,-0.23,0.09,-0.73,AIR,-2.2,-1,-42,1024,-8,405,570,-1,0,0,-1,-1,1,-1,-1,0x0000000000000000,1500,1489,2012,1500,2012,988,1500,1500,988,988,1702,988,988,1785,1500,1500,1500,1500,1500,1500,1500,1500,1500,1500,1500,1500,1500,1500,1500,1500,1500,1500,7.6
2023-12-03,15:16:37.490,-88,0,97,11,0,5,25,-82,100,12,51.502536 -0.102123,82.4,310.8,33,12,11.0,13.6,1267,41,-0.23,0.09,-0.73,AIR,-2.2,-1,-125,1024,-36,405,570,-1,0,0,-1,-1,1,-1,-1,0x0000000000000000,1492,1447,2012,1500,2012,988,1500,1500,988,988,1702,988,988,1785,1500,1500,1500,1500,1500,1500,1500,1500,1500,1500,1500,1500,1500,1500,1500,1500,1500,1500,7.6
2023-12-03,15:16:37.990,-92,0,93,9,0,5,25,-85,100,6,51.502545 -0.102094,82.4,310.8,33,12,11.0,13.6,1267,41,0.17,0.09,-0.99,AIR,-2.2,-1,1,1024,2,405,570,-1,0,0,-1,-1,1,-1,-1,0x0000000000000000,1500,1500,2012,1500,2012,988,1500,1500,988,988,1702,988,988,1785,1500,1500,1500,1500,1500,1500,1500,1500,1500,1500,1500,1500,1500,1500,1500,1500,1500,1500,7.6
2023-12-03,15:16:38.490,-90,0,95,10,0,5,25,-79,100,11,51.502554 -0.102065,82.4,310.8,33,12,11.0,13.6,1267,41,0.17,0.09,-0.99,AIR,-2.2,-2,-1,1024,-1,405,570,-1,-1,0,-1,-1,1,-1,-1,0x0000000000000000,1500,1500,2012,1500,2012,988,988,1500,988,988,1702,988,988,1785,1500,1500,1500,1500,1500,1500,1500,1500,1500,1500,1500,1500,1500,1500,1500,1500,1500,1500,7.6
2023-12-03,15:16:38.990,-89,0,98,11,0,5,25,-78,100,13,51.502563 -0.102035,82.4,310.8,33,12,11.0,13.6,1267,41,0.17,0.09,-0.99,AIR,-2.2,-1,-1,1024,-1,405,570,-1,-1,0,-1,-1,1,-1,-1,0x0000000000000000,1500,1500,2012,1500,2012,988,988,1500,988,988,1702,988,988,1785,1500,1500,1500,1500,1500,1500,1500,1500,1500,1500,1500,1500,1500,1500,1500,1500,1500,1500,7.6
2023-12-03,15:16:39.490,-89,0,98,10,0,5,25,-76,100,13,51.502572 -0.102006,82.4,310.8,33,12,11.0,13.6,1267,41,0.17,0.09,-0.99,AIR,-0.9,-2,-1,842,-1,405,570,-1,-1,0,-1,-1,1,-1,-1,0x0000000000000000,1500,1500,1921,1500,2012,988,988,1500,988,988,1702,988,988,1785,1500,1500,1500,1500,1500,1500,1500,1500,1500,1500,1500,1500,1500,1500,1500,1500,1500,1500,7.6
2023-12-03,15:16:39.990,-86,0,99,12,0,5,25,-78,100,12,51.502581 -0.101976,82.4,310.8,33,12,11.0,13.6,1267,41,0.17,0.09,-0.99,AIR,-0.9,-1,-4,223,-1,405,570,-1,-1,0,-1,-1,1,-1,-1,0x0000000000000000,1500,1500,1611,1500,2012,988,988,1500,988,988,1702,988,988,1785,1500,1500,1500,1500,1500,1500,1500,1500,1500,1500,1500,1500,1500,1500,1500,1500,1500,1500,7.6
2023-12-03,15:16:40.490,-88,0,99,12,0,5,25,-76,100,13,51.502590 -0.101946,82.4,310.8,33,12,11.0,13.6,1267,41,0.17,0.09,-0.99,AIR,-0.9,-1,-6,223,-388,405,570,-1,-1,0,-1,-1,1,-1,-1,0x0000000000000000,1313,1500,1611,1500,2012,988,988,1500,988,988,1702,988,988,1785,1500,1500,1500,1500,1500,1500,1500,1500,1500,1500,1500,1500,1500,1500,1500,1500,1500,1500,7.6
2023-12-03,15:16:40.990,-87,0,99,11,0,5,25,-82,100,9,51.502599 -0.101916,85.0,297.1,21,12,11.0,13.6,1267,41,0.17,0.09,-0.99,AIR,-0.9,-1,-3,223,-473,405,570,-1,-1,0,-1,-1,1,-1,-1,0x0000000000000000,1269,1500,1611,1500,2012,988,988,1500,988,988,1702,988,988,1785,1500,1500,1500,1500,1500,1500,1500,1500,1500,1500,1500,1500,1500,1500,1500,1500,1500,1500,7.6
2023-12-03,15:16:41.490,-87,0,99,11,0,5,25,-78,100,12,51.502607 -0.101886,85.0,297.1,21,12,11.0,13.6,1267,41,0.17,0.09,-0.99,AIR,-0.9,-1,-3,223,-461,405,570,-1,-1,0,-1,-1,1,-1,-1,0x0000000000000000,1276,1500,1611,1500,2012,988,988,1500,988,988,1702,988,988,1785,1500,1500,1500,1500,1500,1500,1500,1500,1500,1500,1500,1500,1500,1500,1500,1500,1500,1500,7.6
2023-12-03,15:16:41.990,-87,0,99,11,0,5,25,-81,100,11,51.502616 -0.101856,85.0,297.1,21,12,11.0,13.6,1267,41,0.17,0.09,-0.99,AIR,-0.9,-1,-3,225,-480,405,570,-1,-1,0,-1,-1,1,-1,-1,0x0000000000000000,1266,1500,1612,1500,2012,988,988,1500,988,988,1702,988,988,1785,1500,1500,1500,1500,1500,1500,1500,1500,1500,1500,1500,1500,1500,1500,1500,1500,1500,1500,7.6
2023-12-03,15:16:42.490,-90,0,99,10,0,5,25,-83,100,8,51.502624 -0.101826,85.0,297.1,21,12,11.3,3.4,1280,52,0.17,0.09,-0.99,AIR,-0.9,-1,-3,223,-484,405,570,-1,-1,0,-1,-1,1,-1,-1,0x0000000000000000,1264,1500,1611,1500,2012,988,988,1500,988,988,1702,988,988,1785,1500,1500,1500,1500,1500,1500,1500,1500,1500,1500,1500,1500,1500,1500,1500,1500,1500,1500,7.6
2023-12-03,15:16:42.990,-93,0,100,9,0,5,25,-88,100,5,51.502632 -0.101796,85.0,297.1,21,12,11.3,3.4,1280,52,0.17,0.09,-0.99,AIR,-0.9,-1,-1,223,-484,405,570,-1,-1,0,-1,-1,1,-1,-1,0x0000000000000000,1264,1500,1611,1500,2012,988,988,1500,988,988,1702,988,988,1785,1500,1500,1500,1500,1500,1500,1500,1500,1500,1500,1500,1500,1500,1500,1500,1500,1500,1500,7.6
2023-12-03,15:16:43.490,-95,0,100,8,0,5,25,-88,100,6,51.502640 -0.101765,85.0,297.1,21,12,11.3,3.4,1280,52,0.07,-0.32,-1.54,AIR,-0.9,0,0,223,-480,405,570,-1,-1,0,-1,-1,1,-1,-1,0x0000000000000000,1266,1500,1611,1500,2012,988,988,1500,988,988,1702,988,988,1785,1500,1500,1500,1500,1500,1500,1500,1500,1500,1500,1500,1500,1500,1500,1500,1500,1500,1500,7.6
2023-12-03,15:16:43.990,-97,0,99,5,0,5,25,-89,100,1,51.502648 -0.101735,85.0,297.1,21,12,11.3,3.4,1280,52,0.07,-0.32,-1.54,AH,-0.9,-1,-1,223,-476,405,570,-1,-1,0,-1,-1,1,-1,-1,0x0000000000000000,1268,1500,1611,1500,2012,988,988,1500,988,988,1702,988,988,1785,1500,1500,1500,1500,1500,1500,1500,1500,1500,1500,1500,1500,1500,1500,1500,1500,1500,1500,7.6
2023-12-03,15:16:44.490,-100,0,95,5,0,5,25,-100,100,-7,51.502655 -0.101704,85.0,297.1,21,12,11.3,3.4,1280,52,0.07,-0.32,-1.54,AH,-0.9,-1,-1,223,-2,405,570,-1,-1,0,-1,-1,1,-1,-1,0x0000000000000000,1500,1500,1611,1500,2012,988,988,1500,988,988,1702,988,988,1785,1500,1500,1500,1500,1500,1500,1500,1500,1500,1500,1500,1500,1500,1500,1500,1500,1500,1500,7.6
2023-12-03,15:16:44.990,-104,0,84,0,0,5,50,-101,100,-7,51.502663 -0.101674,85.0,297.1,21,12,11.3,3.4,1280,52,0.07,-0.32,-1.54,AH,0.0,-1,-4,225,-459,405,570,-1,-1,0,-1,-1,1,-1,-1,0x0000000000000000,1277,1500,1612,1500,2012,988,988,1500,988,988,1702,988,988,1785,1500,1500,1500,1500,1500,1500,1500,1500,1500,1500,1500,1500,1500,1500,1500,1500,1500,1500,7.6
2023-12-03,15:16:45.490,-92,0,97,8,0,5,50,-82,100,12,51.502670 -0.101643,85.0,297.1,21,12,11.3,3.4,1280,52,0.07,-0.32,-1.54,AH,0.0,-1,-4,225,-449,405,570,-1,-1,0,-1,-1,1,-1,-1,0x0000000000000000,1282,1500,1612,1500,2012,988,988,1500,988,988,1702,988,988,1785,1500,1500,1500,1500,1500,1500,1500,1500,1500,1500,1500,1500,1500,1500,1500,1500,1500,1500,7.6
2023-12-03,15:16:45.990,-86,0,99,12,0,5,25,-84,100,10,51.502677 -0.101612,85.0,297.1,21,12,11.3,3.4,1280,52,0.07,-0.32,-1.54,AH,0.0,-1,-1,223,-421,405,570,-1,-1,0,-1,-1,1,-1,-1,0x0000000000000000,1296,1500,1611,1500,2012,988,988,1500,988,988,1702,988,988,1785,1500,1500,1500,1500,1500,1500,1500,1500,1500,1500,1500,1500,1500,1500,1500,1500,1500,1500,7.6
2023-12-03,15:16:46.490,-89,0,98,11,0,5,25,-81,100,11,51.502685 -0.101581,50.7,239.3,22,12,11.3,3.4,1280,52,0.07,-0.32,-1.54,AH,0.0,-1,-1,223,-420,405,570,-1,-1,0,-1,-1,1,-1,-1,0x0000000000000000,1296,1500,1611,1500,2012,988,988,1500,988,988,1702,988,988,1785,1500,1500,1500,1500,1500,1500,1500,1500,1500,1500,1500,1500,1500,1500,1500,1500,1500,1500,7.6
2023-12-03,15:16:46.990,-93,0,96,9,0,5,25,-83,100,12,51.502692 -0.101550,50.7,239.3,22,12,11.3,3.4,1280,52,0.07,-0.32,-1.54,AH,0.0,-1,-1,223,-373,405,570,-1,-1,0,-1,-1,1,-1,-1,0x0000000000000000,1320,1500,1611,1500,2012,988,988,1500,988,988,1702,988,988,1785,1500,1500,1500,1500,1500,1500,1500,1500,1500,1500,1500,1500,1500,1500,1500,1500,1500,1500,7.6
2023-12-03,15:16:47.490,-93,0,96,8,0,5,25,-79,100,12,51.502698 -0.101519,50.7,239.3,22,12,11.3,3.4,1280,52,0.07,-0.32,-1.54,AH,0.0,-1,-1,223,-357,405,570,-1,-1,0,-1,-1,1,-1,-1,0x0000000000000000,1329,1500,1611,1500,2012,988,988,1500,988,988,1702,988,988,1785,1500,1500,1500,1500,1500,1500,1500,1500,1500,1500,1500,1500,1500,1500,1500,1500,1500,1500,7.6
2023-12-03,15:16:47.990,-93,0,97,10,0,5,25,-89,100,5,51.502705 -0.101488,50.7,239.3,22,12,11.3,3.9,1285,53,0.07,-0.32,-1.54,AH,0.0,-1,-1,223,-347,405,570,-1,-1,0,-1,-1,1,-1,-1,0x0000000000000000,1334,1500,1611,1500,2012,988,988,1500,988,988,1702,988,988,1785,1500,1500,1500,1500,1500,1500,1500,1500,1500,1500,1500,1500,1500,1500,1500,1500,1500,1500,7.6
2023-12-03,15:16:48.490,-96,0,100,7,0,5,25,-86,100,8,51.502712 -0.101457,50.7,239.3,22,12,11.3,3.9,1285,53,0.07,-0.32,-1.54,AH,0.0,-1,-1,223,-351,405,570,-1,-1,0,-1,-1,1,-1,-1,0x0000000000000000,1332,1500,1611,1500,2012,988,988,1500,988,988,1702,988,988,1785,1500,1500,1500,1500,1500,1500,1500,1500,1500,1500,1500,1500,1500,1500,1500,1500,1500,1500,7.6
2023-12-03,15:16:48.990,-94,0,94,9,0,5,25,-88,100,4,51.502718 -0.101426,50.7,239.3,22,12,11.3,3.9,1285,53,-0.22,-0.24,-3.11,AH,0.0,-1,-3,223,-418,405,570,-1,-1,0,-1,-1,1,-1,-1,0x0000000000000000,1298,1500,1611,1500,2012,988,988,1500,988,988,1702,988,988,1785,1500,1500,1500,1500,1500,1500,1500,1500,1500,1500,1500,1500,1500,1500,1500,1500,1500,1500,7.6
2023-12-03,15:16:49.490,-100,0,93,4,0,5,25,-86,100,9,51.502724 -0.101394,50.7,239.3,22,12,11.3,3.9,1285,53,-0.22,-0.24,-3.11,AH,0.0,-1,-1,223,-262,405,570,-1,-1,0,-1,-1,1,-1,-1,0x0000000000000000,1377,1500,1611,1500,2012,988,988,1500,988,988,1702,988,988,1785,1500,1500,1500,1500,1500,1500,1500,1500,1500,1500,1500,1500,1500,1500,1500,1500,1500,1500,7.6
2023-12-03,15:16:49.990,-98,0,97,5,0,5,25,-86,100,8,51.502731 -0.101363,50.7,239.3,22,12,11.3,3.9,1285,53,-0.22,-0.24,-3.11,AH,0.0,-1,-3,223,-317,405,570,-1,-1,0,-1,-1,1,-1,-1,0x0000000000000000,1349,1500,1611,1500,2012,988,988,1500,988,988,1702,988,988,1785,1500,1500,1500,1500,1500,1500,1500,1500,1500,1500,1500,1500,1500,1500,1500,1500,1500,1500,7.6
2023-12-03,15:16:50.490,-96,0,99,7,0,5,25,-88,100,1,51.502737 -0.101331,50.7,239.3,22,12,11.3,3.9,1285,53,-0.22,-0.24,-3.11,AH,1.6,-1,-1,223,-249,405,570,-1,-1,0,-1,-1,1,-1,-1,0x0000000000000000,1384,1500,1611,1500,2012,988,988,1500,988,988,1702,988,988,1785,1500,1500,1500,1500,1500,1500,1500,1500,1500,1500,1500,1500,1500,1500,1500,1500,1500,1500,7.6
2023-12-03,15:16:50.990,-95,0,96,7,0,5,25,-85,100,6,51.502743 -0.101300,50.7,239.3,22,12,11.3,3.9,1285,53,-0.22,-0.24,-3.11,AH,1.6,-1,-3,223,-313,405,570,-1,-1,0,-1,-1,1,-1,-1,0x0000000000000000,1351,1500,1611,1500,2012,988,988,1500,988,988,1702,988,988,1785,1500,1500,1500,1500,1500,1500,1500,1500,1500,1500,1500,1500,1500,1500,1500,1500,1500,1500,7.6
2023-12-03,15:16:51.490,-95,0,98,8,0,5,25,-89,100,8,51.502748 -0.101268,50.7,239.3,22,12,11.3,3.9,1285,53,-0.22,-0.24,-3.11,AH,1.6,-1,-4,223,-351,405,571,-1,-1,0,-1,-1,1,-1,-1,0x0000000000000000,1332,1500,1611,1500,2012,988,988,1500,988,988,1702,988,988,1785,1500,1500,1500,1500,1500,1500,1500,1500,1500,1500,1500,1500,1500,1500,1500,1500,1500,1500,7.6
2023-12-03,15:16:51.990,-98,0,93,4,0,5,25,-91,100,4,51.502754 -0.101237,50.7,239.3,22,12,11.3,3.9,1285,53,-0.22,-0.24,-3.11,AH,1.6,-1,0,223,2,405,571,-1,-1,0,-1,-1,1,-1,-1,0x0000000000000000,1500,1500,1611,1500,2012,988,988,1500,988,988,1702,988,988,1785,1500,1500,1500,1500,1500,1500,1500,1500,1500,1500,1500,1500,1500,1500,1500,1500,1500,1500,7.6
2023-12-03,15:16:52.490,-100,0,97,3,0,5,25,-98,100,-3,51.502759 -0.101205,57.7,132.0,16,12,11.3,3.9,1285,53,-0.22,-0.24,-3.11,AH,1.6,-1,9,223,157,405,570,-1,-1,0,-1,-1,1,-1,-1,0x0000000000000000,1569,1500,1611,1500,2012,988,988,1500,988,988,1702,988,988,1785,1500,1500,1500,1500,1500,1500,1500,1500,1500,1500,1500,1500,1500,1500,1500,1500,1500,1500,7.6
2023-12-03,15:16:52.990,-99,0,98,4,0,5,25,-92,100,4,51.502765 -0.101173,57.7,132.0,16,12,11.3,3.9,1285,53,-0.22,-0.24,-3.11,AH,1.6,-1,-1,223,-1,405,570,-1,-1,0,-1,-1,1,-1,-1,0x0000000000000000,1500,1500,1611,1500,2012,988,988,1500,988,988,1702,988,988,1785,1500,1500,1500,1500,1500,1500,1500,1500,1500,1500,1500,1500,1500,1500,1500,1500,1500,1500,7.6
2023-12-03,15:16:53.490,-97,0,100,7,0,5,25,-82,100,9,51.502770 -0.101141,57.7,132.0,16,12,11.2,7.3,1295,49,-0.22,-0.24,-3.11,AH,1.6,-1,-3,223,4,405,570,-1,-1,0,-1,-1,1,-1,-1,0x0000000000000000,1500,1500,1611,1500,2012,988,988,1500,988,988,1702,988,988,1785,1500,1500,1500,1500,1500,1500,1500,1500,1500,1500,1500,1500,1500,1500,1500,1500,1500,1500,7.6
2023-12-03,15:16:53.990,-92,0,99,9,0,5,25,-79,100,12,51.502775 -0.101109,57.7,132.0,16,12,11.2,7.3,1295,49,-0.22,-0.24,-3.11,AH,1.6,-1,3,223,288,405,570,-1,-1,0,-1,-1,1,-1,-1,0x0000000000000000,1636,1500,1611,1500,2012,988,988,1500,988,988,1702,988,988,1785,1500,1500,1500,1500,1500,1500,1500,1500,1500,1500,1500,1500,1500,1500,1500,1500,1500,1500,7.6
2023-12-03,15:16:54.490,-90,0,97,11,0,5,25,-83,100,10,51.502780 -0.101077,57.7,132.0,16,12,11.2,7.3,1295,49,-0.3,-0.02,2.1,AH,1.6,-1,-1,223,0,405,570,-1,-1,0,-1,-1,1,-1,-1,0x0000000000000000,1500,1500,1611,1500,2012,988,988,1500,988,988,1702,988,988,1785,1500,1500,1500,1500,1500,1500,1500,1500,1500,1500,1500,1500,1500,1500,1500,1500,1500,1500,7.6
2023-12-03,15:16:54.990,-92,0,97,10,0,5,25,-81,100,-2,51.502784 -0.101045,57.7,132.0,16,12,11.2,7.3,1295,49,-0.3,-0.02,2.1,AH,1.6,-1,42,223,205,405,570,-1,0,0,-1,-1,1,-1,-1,0x0000000000000000,1594,1511,1611,1500,2012,988,1500,1500,988,988,1702,988,988,1785,1500,1500,1500,1500,1500,1500,1500,1500,1500,1500,1500,1500,1500,1500,1500,1500,1500,1500,7.6
2023-12-03,15:16:55.490,-100,0,97,4,0,5,25,-87,100,6,51.502789 -0.101013,57.7,132.0,16,12,11.2,7.3,1295,49,-0.3,-0.02,2.1,AH,1.6,-1,292,223,9,405,570,-1,0,0,-1,-1,1,-1,-1,0x0000000000000000,1500,1638,1611,1500,2012,988,1500,1500,988,988,1702,988,988,1785,1500,1500,1500,1500,1500,1500,1500,1500,1500,1500,1500,1500,1500,1500,1500,1500,1500,1500,7.6
2023-12-03,15:16:55.990,-96,0,93,8,0,5,25,-85,100,9,51.502793 -0.100981,57.7,132.0,16,12,11.2,7.3,1295,49,-0.3,-0.02,2.1,AH,0.5,0,0,223,-177,405,570,-1,0,0,-1,-1,1,-1,-1,0x0000000000000000,1420,1500,1611,1500,2012,988,1500,1500,988,988,1702,988,988,1785,1500,1500,1500,1500,1500,1500,1500,1500,1500,1500,1500,1500,1500,1500,1500,1500,1500,1500,7.6
2023-12-03,15:16:56.490,-95,0,99,8,0,5,25,-91,100,2,51.502798 -0.100949,57.7,132.0,16,12,11.2,7.3,1295,49,-0.3,-0.02,2.1,AH,0.5,-1,-85,223,164,405,570,-1,0,0,-1,-1,1,-1,-1,0x0000000000000000,1573,1467,1611,1500,2012,988,1500,1500,988,988,1702,988,988,1785,1500,1500,1500,1500,1500,1500,1500,1500,1500,1500,1500,1500,1500,1500,1500,1500,1500,1500,7.6
2023-12-03,15:16:56.990,-100,0,85,4,0,5,50,-90,100,7,51.502802 -0.100916,57.7,132.0,16,12,11.2,7.3,1295,49,-0.3,-0.02,2.1,AH,0.5,-2,-101,581,46,405,570,-1,0,0,-1,-1,1,-1,-1,0x0000000000000000,1513,1459,1790,1500,2012,988,1500,1500,988,988,1702,988,988,1785,1500,1500,1500,1500,1500,1500,1500,1500,1500,1500,1500,1500,1500,1500,1500,1500,1500,1500,7.6
2023-12-03,15:16:57.490,-98,0,86,5,0,5,50,-91,100,6,51.502806 -0.100884,57.7,132.0,16,12,11.2,7.3,1295,49,-0.3,-0.02,2.1,AH,0.5,-1,-165,582,-168,405,570,-1,0,0,-1,-1,1,-1,-1,0x0000000000000000,1425,1427,1791,1500,2012,988,1500,1500,988,988,1702,988,988,1785,1500,1500,1500,1500,1500,1500,1500,1500,1500,1500,1500,1500,1500,1500,1500,1500,1500,1500,7.6
2023-12-03,15:16:57.990,-95,0,94,8,0,5,50,-91,100,7,51.502810 -0.100852,52.2,100.6,20,12,11.2,7.3,1295,49,-0.3,-0.02,2.1,AH,0.5,-1,-1,582,112,405,570,-1,0,0,-1,-1,1,-1,-1,0x0000000000000000,1546,1500,1791,1500,2012,988,1500,1500,988,988,1702,988,988,1785,1500,1500,1500,1500,1500,1500,1500,1500,1500,1500,1500,1500,1500,1500,1500,1500,1500,1500,7.6
2023-12-03,15:16:58.490,-92,0,97,8,0,5,50,-83,100,11,51.502814 -0.100819,52.2,100.6,20,12,11.2,7.3,1295,49,-0.3,-0.02,2.1,AH,0.5,-1,108,582,-150,405,570,-1,0,0,-1,-1,1,-1,-1,0x0000000000000000,1434,1544,1791,1500,2012,988,1500,1500,988,988,1702,988,988,1785,1500,1500,1500,1500,1500,1500,1500,1500,1500,1500,1500,1500,1500,1500,1500,1500,1500,1500,7.6
2023-12-03,15:16:58.990,-83,0,97,12,0,5,50,-73,100,13,51.502817 -0.100787,52.2,100.6,20,12,11.1,9.1,1306,47,-0.3,-0.02,2.1,AH,0.5,-1,107,582,-58,405,570,-1,0,0,-1,-1,1,-1,-1,0x0000000000000000,1481,1544,1791,1500,2012,988,1500,1500,988,988,1702,988,988,1785,1500,1500,1500,1500,1500,1500,1500,1500,1500,1500,1500,1500,1500,1500,1500,1500,1500,1500,7.6
2023-12-03,15:16:59.490,-78,0,99,13,0,5,50,-72,100,14,51.502821 -0.100754,52.2,100.6,20,12,11.1,9.1,1306,47,-0.3,-0.02,2.1,AH,0.5,-1,59,582,1,405,570,-1,0,0,-1,-1,1,-1,-1,0x0000000000000000,1500,1519,1791,1500,2012,988,1500,1500,988,988,1702,988,988,1785,1500,1500,1500,1500,1500,1500,1500,1500,1500,1500,1500,1500,1500,1500,1500,1500,1500,1500,7.6
2023-12-03,15:16:59.990,-77,0,99,13,0,5,25,-71,100,13,51.502824 -0.100722,52.2,100.6,20,12,11.1,9.1,1306,47,0.0,-0.06,1.99,AH,0.5,-1,-18,582,1,405,570,-1,0,0,-1,-1,1,-1,-1,0x0000000000000000,1500,1500,1791,1500,2012,988,1500,1500,988,988,1702,988,988,1785,1500,1500,1500,1500,1500,1500,1500,1500,1500,1500,1500,1500,1500,1500,1500,1500,1500,1500,7.6
2023-12-03,15:17:00.490,-79,0,99,12,0,5,25,-69,100,14,51.502827 -0.100689,52.2,100.6,20,12,11.1,9.1,1306,47,0.0,-0.06,1.99,AH,0.5,-1,-4,582,-77,405,570,-1,0,0,-1,-1,1,-1,-1,0x0000000000000000,1471,1500,1791,1500,2012,988,1500,1500,988,988,1702,988,988,1785,1500,1500,1500,1500,1500,1500,1500,1500,1500,1500,1500,1500,1500,1500,1500,1500,1500,1500,7.6
2023-12-03,15:17:00.990,-77,0,94,13,0,5,25,-68,100,13,51.502830 -0.100657,52.2,100.6,20,12,11.1,9.1,1306,47,0.0,-0.06,1.99,AIR,0.5,-1,1,582,114,405,570,-1,0,0,-1,-1,1,-1,-1,0x0000000000000000,1547,1500,1791,1500,2012,988,1500,1500,988,988,1702,988,988,1785,1500,1500,1500,1500,1500,1500,1500,1500,1500,1500,1500,1500,1500,1500,1500,1500,1500,1500,7.6
2023-12-03,15:17:01.490,-79,0,98,12,0,5,25,-76,100,12,51.502833 -0.100624,52.2,100.6,20,12,11.1,9.1,1306,47,0.0,-0.06,1.99,AIR,-1.6,-2,113,9,0,405,570,-1,0,0,-1,-1,1,-1,-1,0x0000000000000000,1500,1547,1504,1500,2012,988,1500,1500,988,988,1702,988,988,1785,1500,1500,1500,1500,1500,1500,1500,1500,1500,1500,1500,1500,1500,1500,1500,1500,1500,1500,7.6
2023-12-03,15:17:01.990,-84,0,99,12,0,5,25,-85,100,8,51.502836 -0.100591,52.2,100.6,20,12,11.1,9.1,1306,47,0.0,-0.06,1.99,AIR,-1.6,-1,64,-26,10,405,570,-1,0,0,-1,-1,1,-1,-1,0x0000000000000000,1500,1522,1487,1500,2012,988,1500,1500,988,988,1702,988,988,1785,1500,1500,1500,1500,1500,1500,1500,1500,1500,1500,1500,1500,1500,1500,1500,1500,1500,1500,7.6
2023-12-03,15:17:02.490,-91,0,99,8,0,5,25,-76,100,13,51.502838 -0.100559,52.2,100.6,20,12,11.1,9.1,1306,47,0.0,-0.06,1.99,AIR,-1.6,-2,22,-136,82,405,570,-1,0,0,-1,-1,1,-1,-1,0x0000000000000000,1531,1501,1432,1500,2012,988,1500,1500,988,988,1702,988,988,1785,1500,1500,1500,1500,1500,1500,1500,1500,1500,1500,1500,1500,1500,1500,1500,1500,1500,1500,7.6
2023-12-03,15:17:02.990,-85,0,99,12,0,5,25,-74,100,13,51.502841 -0.100526,52.2,100.6,20,12,11.1,9.1,1306,47,0.0,-0.06,1.99,AIR,-1.6,0,-4,-136,-36,405,570,-1,0,0,-1,-1,1,-1,-1,0x0000000000000000,1492,1500,1432,1500,2012,988,1500,1500,988,988,1702,988,988,1785,1500,1500,1500,1500,1500,1500,1500,1500,1500,1500,1500,1500,1500,1500,1500,1500,1500,1500,7.6
2023-12-03,15:17:03.490,-85,0,99,12,0,5,25,-77,100,12,51.502843 -0.100493,77.8,108.8,12,12,11.1,9.1,1306,47,0.0,-0.06,1.99,AIR,-1.6,-1,-42,-136,28,405,570,-1,0,0,-1,-1,1,-1,-1,0x0000000000000000,1504,1489,1432,1500,2012,988,1500,1500,988,988,1702,988,988,1785,1500,1500,1500,1500,1500,1500,1500,1500,1500,1500,1500,1500,1500,1500,1500,1500,1500,1500,7.6
2023-12-03,15:17:03.990,-84,0,99,11,0,5,25,-74,100,13,51.502845 -0.100460,77.8,108.8,12,12,11.1,9.1,1306,47,0.0,-0.06,1.99,AIR,-1.6,-1,-85,-361,-5,405,570,-1,0,0,-1,-1,1,-1,-1,0x0000000000000000,1500,1467,1320,1500,2012,988,1500,1500,988,988,1702,988,988,1785,1500,1500,1500,1500,1500,1500,1500,1500,1500,1500,1500,1500,1500,1500,1500,1500,1500,1500,7.6
2023-12-03,15:17:04.490,-86,0,97,12,0,5,25,-75,100,13,51.502847 -0.100428,77.8,108.8,12,12,11.3,2.4,1317,54,0.0,-0.06,1.99,AIR,-1.6,0,-252,-746,-2,405,570,-1,0,0,-1,-1,1,-1,-1,0x0000000000000000,1500,1382,1127,1500,2012,988,1500,1500,988,988,1702,988,988,1785,1500,1500,1500,1500,1500,1500,1500,1500,1500,1500,1500,1500,1500,1500,1500,1500,1500,1500,7.6
2023-12-03,15:17:04.990,-87,0,98,10,0,5,25,-72,100,13,51.502849 -0.100395,77.8,108.8,12,12,11.3,2.4,1317,54,0.0,-0.06,1.99,AIR,-1.6,-1,3,-746,-1,405,570,-1,0,0,-1,-1,1,-1,-1,0x0000000000000000,1500,1500,1127,1500,2012,988,1500,1500,988,988,1702,988,988,1785,1500,1500,1500,1500,1500,1500,1500,1500,1500,1500,1500,1500,1500,1500,1500,1500,1500,1500,7.6
2023-12-03,15:17:05.490,-84,0,99,11,0,5,25,-63,100,13,51.502851 -0.100362,77.8,108.8,12,12,11.3,2.4,1317,54,0.11,0.2,2.0,AIR,-1.6,0,68,-746,5,405,570,-1,0,0,-1,-1,1,-1,-1,0x0000000000000000,1500,1524,1127,1500,2012,988,1500,1500,988,988,1702,988,988,1785,1500,1500,1500,1500,1500,1500,1500,1500,1500,1500,1500,1500,1500,1500,1500,1500,1500,1500,7.6
2023-12-03,15:17:05.990,-76,0,99,13,0,5,25,-64,100,14,51.502852 -0.100329,77.8,108.8,12,12,11.3,2.4,1317,54,0.11,0.2,2.0,AIR,-1.6,-1,-93,-746,-45,405,570,-1,0,0,-1,-1,1,-1,-1,0x0000000000000000,1488,1463,1127,1500,2012,988,1500,1500,988,988,1702,988,988,1785,1500,1500,1500,1500,1500,1500,1500,1500,1500,1500,1500,1500,1500,1500,1500,1500,1500,1500,7.6
2023-12-03,15:17:06.490,-72,0,100,13,0,5,25,-68,100,13,51.502853 -0.100296,77.8,108.8,12,12,11.3,2.4,1317,54,0.11,0.2,2.0,AIR,-1.6,0,-185,-746,8,405,570,-1,0,0,-1,-1,1,-1,-1,0x0000000000000000,1500,1416,1127,1500,2012,988,1500,1500,988,988,1702,988,988,1785,1500,1500,1500,1500,1500,1500,1500,1500,1500,1500,1500,1500,1500,1500,1500,1500,1500,1500,7.6
2023-12-03,15:17:06.990,-84,0,98,12,0,5,25,-89,100,5,51.502855 -0.100263,77.8,108.8,12,12,11.3,2.4,1317,54,0.11,0.2,2.0,AIR,-1.9,-1,-141,-748,-4,405,570,-1,0,0,-1,-1,1,-1,-1,0x0000000000000000,1500,1439,1126,1500,2012,988,1500,1500,988,988,1702,988,988,1785,1500,1500,1500,1500,1500,1500,1500,1500,1500,1500,1500,1500,1500,1500,1500,1500,1500,1500,7.6
2023-12-03,15:17:07.490,-79,0,99,13,0,5,25,-66,100,13,51.502856 -0.100231,77.8,108.8,12,12,11.3,2.4,1317,54,0.11,0.2,2.0,AIR,-1.9,-1,-228,-970,-17,405,570,-1,0,0,-1,-1,1,-1,-1,0x0000000000000000,1500,1394,1015,1500,2012,988,1500,1500,988,988,1702,988,988,1785,1500,1500,1500,1500,1500,1500,1500,1500,1500,1500,1500,1500,1500,1500,1500,1500,1500,1500,7.6
2023-12-03,15:17:07.990,-76,0,99,13,0,5,25,-77,100,11,51.502857 -0.100198,77.8,108.8,12,12,11.3,2.4,1317,54,0.11,0.2,2.0,AIR,-1.9,-1,-16,-1024,-139,405,570,-1,0,0,-1,-1,1,-1,-1,0x0000000000000000,1440,1500,988,1500,2012,988,1500,1500,988,988,1702,988,988,1785,1500,1500,1500,1500,1500,1500,1500,1500,1500,1500,1500,1500,1500,1500,1500,1500,1500,1500,7.6
2023-12-03,15:17:08.490,-75,0,98,13,0,5,25,-59,100,14,51.502858 -0.100165,77.8,108.8,12,12,11.3,2.4,1317,54,0.11,0.2,2.0,AIR,-1.9,-4,-41,-1024,101,405,570,-1,0,0,-1,-1,1,-1,-1,0x0000000000000000,1541,1490,988,1500,2012,988,1500,1500,988,988,1702,988,988,1785,1500,1500,1500,1500,1500,1500,1500,1500,1500,1500,1500,1500,1500,1500,1500,1500,1500,1500,7.6
2023-12-03,15:17:08.990,-69,0,100,13,0,5,25,-60,100,14,51.502858 -0.100132,62.2,120.5,-2,12,11.3,2.4,1317,54,0.11,0.2,2.0,AIR,-1.9,-1,-282,-1024,1,405,570,-1,0,0,-1,-1,1,-1,-1,0x0000000000000000,1500,1367,988,1500,2012,988,1500,1500,988,988,1702,988,988,1785,1500,1500,1500,1500,1500,1500,1500,1500,1500,1500,1500,1500,1500,1500,1500,1500,1500,1500,7.6
2023-12-03,15:17:09.490,-74,0,100,13,0,5,25,-82,100,11,51.502859 -0.100099,62.2,120.5,-2,12,11.3,2.4,1317,54,0.11,0.2,2.0,AIR,-1.9,-1,-237,-1024,10,405,570,-1,0,0,-1,-1,1,-1,-1,0x0000000000000000,1500,1390,988,1500,2012,988,1500,1500,988,988,1702,988,988,1785,1500,1500,1500,1500,1500,1500,1500,1500,1500,1500,1500,1500,1500,1500,1500,1500,1500,1500,7.6
2023-12-03,15:17:09.990,-84,0,99,11,0,5,25,-75,100,13,51.502859 -0.100066,62.2,120.5,-2,12,11.4,1.2,1319,56,0.11,0.2,2.0,AIR,-1.9,-1,-4,-1024,0,405,570,-1,0,0,-1,-1,1,-1,-1,0x0000000000000000,1500,1500,988,1500,2012,988,1500,1500,988,988,1702,988,988,1785,1500,1500,1500,1500,1500,1500,1500,1500,1500,1500,1500,1500,1500,1500,1500,1500,1500,1500,7.6
2023-12-03,15:17:10.490,-88,0,98,10,0,5,25,-90,100,2,51.502859 -0.100033,62.2,120.5,-2,12,11.4,1.2,1319,56,0.11,0.2,2.0,AIR,-1.9,-1,-1,-1024,-1,405,570,-1,0,0,-1,-1,1,-1,-1,0x0000000000000000,1500,1500,988,1500,2012,988,1500,1500,988,988,1702,988,988,1785,1500,1500,1500,1500,1500,1500,1500,1500,1500,1500,1500,1500,1500,1500,1500,1500,1500,1500,7.6
